"table_name","attribute_name","code","source_type","source_name","source_row"
"magp_contributors","magp_contributor_id","100","sheet","contributor",2
"magp_contributors","magp_contributor_id","110","sheet","contributor",3
"magp_contributors","magp_contributor_id","120","sheet","contributor",4
"magp_contributors","magp_contributor_id","130","sheet","contributor",5
"magp_contributors","magp_contributor_id","140","sheet","contributor",6
"magp_contributors","magp_contributor_id","150","sheet","contributor",7
"magp_contributors","magp_contributor_id","160","sheet","contributor",8
"magp_contributors","magp_contributor_id","170","sheet","contributor",9
"magp_contributors","magp_contributor_id","180","sheet","contributor",10
"magp_contributors","magp_contributor_id","190","sheet","contributor",11
"magp_contributors","magp_contributor_id","200","sheet","contributor",12
"magp_contributors","magp_contributor_id","210","sheet","contributor",13
"magp_contributors","magp_contributor_id","220","sheet","contributor",14
"magp_contributors","magp_contributor_id","230","sheet","contributor",15
"magp_datasets","magp_dataset_id","100.01","sheet","dataset",2
"magp_datasets","magp_dataset_id","100.02","sheet","dataset",3
"magp_datasets","magp_dataset_id","110.01","sheet","dataset",4
"magp_datasets","magp_dataset_id","110.02","sheet","dataset",5
"magp_datasets","magp_dataset_id","110.03","sheet","dataset",6
"magp_datasets","magp_dataset_id","110.04","sheet","dataset",7
"magp_datasets","magp_dataset_id","110.05","sheet","dataset",8
"magp_datasets","magp_dataset_id","110.06","sheet","dataset",9
"magp_datasets","magp_dataset_id","110.07","sheet","dataset",10
"magp_datasets","magp_dataset_id","110.08","sheet","dataset",11
"magp_datasets","magp_dataset_id","110.09","sheet","dataset",12
"magp_datasets","magp_dataset_id","110.10","sheet","dataset",13
"magp_datasets","magp_dataset_id","110.11","sheet","dataset",14
"magp_datasets","magp_dataset_id","110.12","sheet","dataset",15
"magp_datasets","magp_dataset_id","120.01","sheet","dataset",16
"magp_datasets","magp_dataset_id","130.01","sheet","dataset",17
"magp_datasets","magp_dataset_id","130.02","sheet","dataset",18
"magp_datasets","magp_dataset_id","140.01","sheet","dataset",19
"magp_datasets","magp_dataset_id","150.01","sheet","dataset",20
"magp_datasets","magp_dataset_id","160.01","sheet","dataset",21
"magp_datasets","magp_dataset_id","170.01","sheet","dataset",22
"magp_datasets","magp_dataset_id","170.02","sheet","dataset",23
"magp_datasets","magp_dataset_id","170.03","sheet","dataset",24
"magp_datasets","magp_dataset_id","180.01","sheet","dataset",25
"magp_datasets","magp_dataset_id","180.02","sheet","dataset",26
"magp_datasets","magp_dataset_id","180.03","sheet","dataset",27
"magp_datasets","magp_dataset_id","180.04","sheet","dataset",28
"magp_datasets","magp_dataset_id","180.05","sheet","dataset",29
"magp_datasets","magp_dataset_id","180.06","sheet","dataset",30
"magp_datasets","magp_dataset_id","180.07","sheet","dataset",31
"magp_datasets","magp_dataset_id","190.01","sheet","dataset",32
"magp_datasets","magp_dataset_id","200.01","sheet","dataset",33
"magp_datasets","magp_dataset_id","210.01","sheet","dataset",34
"magp_datasets","magp_dataset_id","220.01","sheet","dataset",35
"magp_datasets","magp_dataset_id","230.01","sheet","dataset",36
"magp_datasets","magp_contributor_id","100","sheet","contributor",2
"magp_datasets","magp_contributor_id","110","sheet","contributor",3
"magp_datasets","magp_contributor_id","120","sheet","contributor",4
"magp_datasets","magp_contributor_id","130","sheet","contributor",5
"magp_datasets","magp_contributor_id","140","sheet","contributor",6
"magp_datasets","magp_contributor_id","150","sheet","contributor",7
"magp_datasets","magp_contributor_id","160","sheet","contributor",8
"magp_datasets","magp_contributor_id","170","sheet","contributor",9
"magp_datasets","magp_contributor_id","180","sheet","contributor",10
"magp_datasets","magp_contributor_id","190","sheet","contributor",11
"magp_datasets","magp_contributor_id","200","sheet","contributor",12
"magp_datasets","magp_contributor_id","210","sheet","contributor",13
"magp_datasets","magp_contributor_id","220","sheet","contributor",14
"magp_datasets","magp_contributor_id","230","sheet","contributor",15
"magp_datasets","src_dataset_id","AB_PGYI","sheet","dataset",2
"magp_datasets","src_dataset_id","AB_MPB","sheet","dataset",3
"magp_datasets","src_dataset_id","BC_PSP_G","sheet","dataset",4
"magp_datasets","src_dataset_id","BC_PSP_R","sheet","dataset",5
"magp_datasets","src_dataset_id","BC_CMI","sheet","dataset",6
"magp_datasets","src_dataset_id","BC_YSM","sheet","dataset",7
"magp_datasets","src_dataset_id","BC_VRI","sheet","dataset",8
"magp_datasets","src_dataset_id","BC_SUP","sheet","dataset",9
"magp_datasets","src_dataset_id","BC_VLT","sheet","dataset",10
"magp_datasets","src_dataset_id","BC_FLT","sheet","dataset",11
"magp_datasets","src_dataset_id","BC_YNS","sheet","dataset",12
"magp_datasets","src_dataset_id","BC_CNS","sheet","dataset",13
"magp_datasets","src_dataset_id","BC_EYSM","sheet","dataset",14
"magp_datasets","src_dataset_id","BC_FHYSM","sheet","dataset",15
"magp_datasets","src_dataset_id","MB_PSP","sheet","dataset",16
"magp_datasets","src_dataset_id","NB_CLI","sheet","dataset",17
"magp_datasets","src_dataset_id","NB_PSP","sheet","dataset",18
"magp_datasets","src_dataset_id","NL_PSP","sheet","dataset",19
"magp_datasets","src_dataset_id","NS_PSP","sheet","dataset",20
"magp_datasets","src_dataset_id","NT_PSP","sheet","dataset",21
"magp_datasets","src_dataset_id","ON_PSP","sheet","dataset",22
"magp_datasets","src_dataset_id","ON_PGP","sheet","dataset",23
"magp_datasets","src_dataset_id","ON_PGP_PIP","sheet","dataset",24
"magp_datasets","src_dataset_id","QC_BAS1","sheet","dataset",25
"magp_datasets","src_dataset_id","QC_BAS2","sheet","dataset",26
"magp_datasets","src_dataset_id","QC_SPIM","sheet","dataset",27
"magp_datasets","src_dataset_id","QC_FEDE","sheet","dataset",28
"magp_datasets","src_dataset_id","QC_UNLA","sheet","dataset",29
"magp_datasets","src_dataset_id","QC_SCOF","sheet","dataset",30
"magp_datasets","src_dataset_id","QC_PACA","sheet","dataset",31
"magp_datasets","src_dataset_id","PE_PSP","sheet","dataset",32
"magp_datasets","src_dataset_id","SK_PSP","sheet","dataset",33
"magp_datasets","src_dataset_id","YT_PSP","sheet","dataset",34
"magp_datasets","src_dataset_id","NFI_GP","sheet","dataset",35
"magp_datasets","src_dataset_id","NFM_GP","sheet","dataset",36
"magp_datasets","gp_type","RMP","sheet","gp_type",2
"magp_datasets","gp_type","TMP","sheet","gp_type",3
"magp_datasets","gp_type","MIX","sheet","gp_type",4
"magp_datasets","gp_type","X","sheet","gp_type",5
"magp_datasets","gp_network","CVV","sheet","gp_network",2
"magp_datasets","gp_network","FMP","sheet","gp_network",3
"magp_datasets","gp_network","FMM","sheet","gp_network",4
"magp_datasets","gp_network","GYM","sheet","gp_network",5
"magp_datasets","gp_network","RPN","sheet","gp_network",6
"magp_datasets","gp_network","OTH","sheet","gp_network",7
"magp_datasets","gp_network","X","sheet","gp_network",8
"magp_datasets","probability_sampling","Y","sheet","probability_sampling",2
"magp_datasets","probability_sampling","N","sheet","probability_sampling",3
"magp_datasets","probability_sampling","M","sheet","probability_sampling",4
"magp_datasets","probability_sampling","X","sheet","probability_sampling",5
"magp_datasets","sampling_design","SRS","sheet","sampling_design",2
"magp_datasets","sampling_design","SYS","sheet","sampling_design",3
"magp_datasets","sampling_design","STR","sheet","sampling_design",4
"magp_datasets","sampling_design","SSY","sheet","sampling_design",5
"magp_datasets","sampling_design","CLU","sheet","sampling_design",6
"magp_datasets","sampling_design","SCL","sheet","sampling_design",7
"magp_datasets","sampling_design","MST","sheet","sampling_design",8
"magp_datasets","sampling_design","MPH","sheet","sampling_design",9
"magp_datasets","sampling_design","PUR","sheet","sampling_design",10
"magp_datasets","sampling_design","CON","sheet","sampling_design",11
"magp_datasets","sampling_design","CEN","sheet","sampling_design",12
"magp_datasets","sampling_design","MIX","sheet","sampling_design",13
"magp_datasets","sampling_design","OTH","sheet","sampling_design",14
"magp_datasets","sampling_design","X","sheet","sampling_design",15
"magp_datasets","sampling_design","UNK","sheet","sampling_design",16
"magp_datasets","site_design","S","sheet","site_design",2
"magp_datasets","site_design","A","sheet","site_design",3
"magp_datasets","site_design","C","sheet","site_design",4
"magp_datasets","site_design","X","sheet","site_design",5
"magp_datasets","plot_design","FIX","sheet","plot_design",2
"magp_datasets","plot_design","VAR","sheet","plot_design",3
"magp_datasets","plot_design","MFV","sheet","plot_design",4
"magp_datasets","plot_design","NFA","sheet","plot_design",5
"magp_datasets","plot_design","NMV","sheet","plot_design",6
"magp_datasets","plot_design","KTR","sheet","plot_design",7
"magp_datasets","plot_design","LIS","sheet","plot_design",8
"magp_datasets","plot_design","OTH","sheet","plot_design",9
"magp_datasets","plot_design","X","sheet","plot_design",10
"magp_sites","jurisdiction","AB","sheet","jurisdiction",2
"magp_sites","jurisdiction","BC","sheet","jurisdiction",3
"magp_sites","jurisdiction","MB","sheet","jurisdiction",4
"magp_sites","jurisdiction","NB","sheet","jurisdiction",5
"magp_sites","jurisdiction","NL","sheet","jurisdiction",6
"magp_sites","jurisdiction","NS","sheet","jurisdiction",7
"magp_sites","jurisdiction","NT","sheet","jurisdiction",8
"magp_sites","jurisdiction","ON","sheet","jurisdiction",9
"magp_sites","jurisdiction","PE","sheet","jurisdiction",10
"magp_sites","jurisdiction","QC","sheet","jurisdiction",11
"magp_sites","jurisdiction","SK","sheet","jurisdiction",12
"magp_sites","jurisdiction","YT","sheet","jurisdiction",13
"magp_sites","site_shape","C","sheet","shape",2
"magp_sites","site_shape","R","sheet","shape",3
"magp_sites","site_shape","T","sheet","shape",4
"magp_sites","site_shape","S","sheet","shape",5
"magp_sites","site_shape","X","sheet","shape",6
"magp_sites","site_shape","Z","sheet","shape",7
"magp_sites","site_status","A","sheet","site_status",2
"magp_sites","site_status","D","sheet","site_status",3
"magp_sites","site_status","I","sheet","site_status",4
"magp_sites","site_status","L","sheet","site_status",5
"magp_sites","site_status","RT","sheet","site_status",6
"magp_sites","site_status","RP","sheet","site_status",7
"magp_sites","site_status","G","sheet","site_status",8
"magp_sites","site_status","P","sheet","site_status",9
"magp_sites","site_status","X","sheet","site_status",10
"magp_sites","site_protection","FUL","sheet","site_protection",2
"magp_sites","site_protection","PAR","sheet","site_protection",3
"magp_sites","site_protection","LIM","sheet","site_protection",4
"magp_sites","site_protection","NOP","sheet","site_protection",5
"magp_sites","site_protection","LNO","sheet","site_protection",6
"magp_sites","site_protection","NEG","sheet","site_protection",7
"magp_sites","site_protection","X","sheet","site_protection",8
"magp_sites","ownership","FL","sheet","ownership",2
"magp_sites","ownership","FP","sheet","ownership",3
"magp_sites","ownership","CR","sheet","ownership",4
"magp_sites","ownership","CL","sheet","ownership",5
"magp_sites","ownership","CT","sheet","ownership",6
"magp_sites","ownership","IR","sheet","ownership",7
"magp_sites","ownership","PR","sheet","ownership",8
"magp_sites","ownership","IM","sheet","ownership",9
"magp_sites","ownership","DN","sheet","ownership",10
"magp_sites","ownership","MG","sheet","ownership",11
"magp_sites","ownership","OT","sheet","ownership",12
"magp_sites","ownership","X","sheet","ownership",13
"magp_sites","stand_origin","NN","sheet","stand_origin",2
"magp_sites","stand_origin","NS","sheet","stand_origin",3
"magp_sites","stand_origin","NF","sheet","stand_origin",4
"magp_sites","stand_origin","NC","sheet","stand_origin",5
"magp_sites","stand_origin","NL","sheet","stand_origin",6
"magp_sites","stand_origin","NR","sheet","stand_origin",7
"magp_sites","stand_origin","AS","sheet","stand_origin",8
"magp_sites","stand_origin","AP","sheet","stand_origin",9
"magp_sites","stand_origin","AF","sheet","stand_origin",10
"magp_sites","stand_origin","MP","sheet","stand_origin",11
"magp_sites","stand_origin","MM","sheet","stand_origin",12
"magp_sites","stand_origin","X","sheet","stand_origin",13
"magp_sites","utm_src","C","sheet","location_src",2
"magp_sites","utm_src","G","sheet","location_src",3
"magp_sites","utm_src","X","sheet","location_src",4
"magp_sites","lat_long_src","C","sheet","location_src",2
"magp_sites","lat_long_src","G","sheet","location_src",3
"magp_sites","lat_long_src","X","sheet","location_src",4
"magp_sites","elevation_src","C","sheet","location_src",2
"magp_sites","elevation_src","G","sheet","location_src",3
"magp_sites","elevation_src","X","sheet","location_src",4
"magp_sites","slope_src","C","sheet","location_src",2
"magp_sites","slope_src","G","sheet","location_src",3
"magp_sites","slope_src","X","sheet","location_src",4
"magp_sites","slope_class","A","sheet","slope_class",2
"magp_sites","slope_class","B","sheet","slope_class",3
"magp_sites","slope_class","C","sheet","slope_class",4
"magp_sites","slope_class","D","sheet","slope_class",5
"magp_sites","slope_class","E","sheet","slope_class",6
"magp_sites","slope_class","F","sheet","slope_class",7
"magp_sites","slope_class","X","sheet","slope_class",8
"magp_sites","slope_position","CR","sheet","slope_position",2
"magp_sites","slope_position","US","sheet","slope_position",3
"magp_sites","slope_position","MS","sheet","slope_position",4
"magp_sites","slope_position","LS","sheet","slope_position",5
"magp_sites","slope_position","TS","sheet","slope_position",6
"magp_sites","slope_position","LE","sheet","slope_position",7
"magp_sites","slope_position","DE","sheet","slope_position",8
"magp_sites","slope_position","X","sheet","slope_position",9
"magp_sites","aspect_src","C","sheet","location_src",2
"magp_sites","aspect_src","G","sheet","location_src",3
"magp_sites","aspect_src","X","sheet","location_src",4
"magp_sites","aspect_class","N","sheet","aspect_class",2
"magp_sites","aspect_class","NE","sheet","aspect_class",3
"magp_sites","aspect_class","E","sheet","aspect_class",4
"magp_sites","aspect_class","SE","sheet","aspect_class",5
"magp_sites","aspect_class","S","sheet","aspect_class",6
"magp_sites","aspect_class","SW","sheet","aspect_class",7
"magp_sites","aspect_class","W","sheet","aspect_class",8
"magp_sites","aspect_class","NW","sheet","aspect_class",9
"magp_sites","aspect_class","Z","sheet","aspect_class",10
"magp_sites","aspect_class","X","sheet","aspect_class",11
"magp_sites","coord_src","DGP","sheet","coord_src",2
"magp_sites","coord_src","VGP","sheet","coord_src",3
"magp_sites","coord_src","MGP","sheet","coord_src",4
"magp_sites","coord_src","GPS","sheet","coord_src",5
"magp_sites","coord_src","RGP","sheet","coord_src",6
"magp_sites","coord_src","GIS","sheet","coord_src",7
"magp_sites","coord_src","MAP","sheet","coord_src",8
"magp_sites","coord_src","GEL","sheet","coord_src",9
"magp_sites","coord_src","PRV","sheet","coord_src",10
"magp_sites","coord_src","INT","sheet","coord_src",11
"magp_sites","coord_src","GEN","sheet","coord_src",12
"magp_sites","coord_src","UNK","sheet","coord_src",13
"magp_sites","coord_src","PPP","sheet","coord_src",14
"magp_sites","coord_src","X","sheet","coord_src",15
"magp_sites","coord_acc","Y","sheet","coord_acc",2
"magp_sites","coord_acc","N","sheet","coord_acc",3
"magp_sites","coord_acc","A","sheet","coord_acc",4
"magp_sites","coord_acc","X","sheet","coord_acc",5
"magp_sites","drainage","VR","sheet","drainage",2
"magp_sites","drainage","RD","sheet","drainage",3
"magp_sites","drainage","WD","sheet","drainage",4
"magp_sites","drainage","MW","sheet","drainage",5
"magp_sites","drainage","ID","sheet","drainage",6
"magp_sites","drainage","PD","sheet","drainage",7
"magp_sites","drainage","VP","sheet","drainage",8
"magp_sites","drainage","OS","sheet","drainage",9
"magp_sites","drainage","X","sheet","drainage",10
"magp_sites","exposure","ALP","sheet","exposure",2
"magp_sites","exposure","CST","sheet","exposure",3
"magp_sites","exposure","SAN","sheet","exposure",4
"magp_sites","exposure","ROC","sheet","exposure",5
"magp_sites","exposure","BAR","sheet","exposure",6
"magp_sites","exposure","TUN","sheet","exposure",7
"magp_sites","exposure","X","sheet","exposure",8
"magp_site_dist","disturbance_type","F","crosswalk","treatment_disturbance",22
"magp_site_dist","disturbance_type","FT","crosswalk","treatment_disturbance",23
"magp_site_dist","disturbance_type","FP","crosswalk","treatment_disturbance",24
"magp_site_dist","disturbance_type","C","crosswalk","treatment_disturbance",51
"magp_site_dist","disturbance_type","CLR","crosswalk","treatment_disturbance",61
"magp_site_dist","disturbance_type","CM","crosswalk","treatment_disturbance",88
"magp_site_dist","disturbance_type","O","crosswalk","treatment_disturbance",89
"magp_site_dist","disturbance_type","OA","crosswalk","treatment_disturbance",90
"magp_site_dist","disturbance_type","OD","crosswalk","treatment_disturbance",92
"magp_site_dist","disturbance_type","ODS","crosswalk","treatment_disturbance",93
"magp_site_dist","disturbance_type","ODP","crosswalk","treatment_disturbance",94
"magp_site_dist","disturbance_type","ODR","crosswalk","treatment_disturbance",95
"magp_site_dist","disturbance_type","ODT","crosswalk","treatment_disturbance",96
"magp_site_dist","disturbance_type","ODA","crosswalk","treatment_disturbance",97
"magp_site_dist","disturbance_type","A","crosswalk","treatment_disturbance",104
"magp_site_dist","disturbance_type","AS","crosswalk","treatment_disturbance",105
"magp_site_dist","disturbance_type","ASR","crosswalk","treatment_disturbance",106
"magp_site_dist","disturbance_type","ASA","crosswalk","treatment_disturbance",107
"magp_site_dist","disturbance_type","AW","crosswalk","treatment_disturbance",108
"magp_site_dist","disturbance_type","AWT","crosswalk","treatment_disturbance",109
"magp_site_dist","disturbance_type","AWF","crosswalk","treatment_disturbance",110
"magp_site_dist","disturbance_type","AWW","crosswalk","treatment_disturbance",111
"magp_site_dist","disturbance_type","AWWP","crosswalk","treatment_disturbance",112
"magp_site_dist","disturbance_type","AWWT","crosswalk","treatment_disturbance",113
"magp_site_dist","disturbance_type","AWS","crosswalk","treatment_disturbance",114
"magp_site_dist","disturbance_type","AWI","crosswalk","treatment_disturbance",115
"magp_site_dist","disturbance_type","AWIP","crosswalk","treatment_disturbance",116
"magp_site_dist","disturbance_type","AWIT","crosswalk","treatment_disturbance",117
"magp_site_dist","disturbance_type","AWD","crosswalk","treatment_disturbance",118
"magp_site_dist","disturbance_type","B","crosswalk","treatment_disturbance",119
"magp_site_dist","disturbance_type","BDI","crosswalk","treatment_disturbance",120
"magp_site_dist","disturbance_type","DBIL","crosswalk","treatment_disturbance",121
"magp_site_dist","disturbance_type","DBIS","crosswalk","treatment_disturbance",122
"magp_site_dist","disturbance_type","BD","crosswalk","treatment_disturbance",123
"magp_site_dist","disturbance_type","BI","crosswalk","treatment_disturbance",124
"magp_site_dist","disturbance_type","BPC","crosswalk","treatment_disturbance",125
"magp_site_dist","disturbance_type","BPM","crosswalk","treatment_disturbance",126
"magp_site_dist","disturbance_type","BA","crosswalk","treatment_disturbance",127
"magp_site_dist","disturbance_type","BAM","crosswalk","treatment_disturbance",128
"magp_site_dist","disturbance_type","BAP","crosswalk","treatment_disturbance",129
"magp_site_dist","disturbance_type","BAD","crosswalk","treatment_disturbance",130
"magp_site_dist","disturbance_type","BAB","crosswalk","treatment_disturbance",131
"magp_site_dist","disturbance_type","BAC","crosswalk","treatment_disturbance",132
"magp_site_dist","disturbance_type","M","crosswalk","treatment_disturbance",133
"magp_site_dist","disturbance_type","U","crosswalk","treatment_disturbance",134
"magp_site_dist","disturbance_type","US","crosswalk","treatment_disturbance",135
"magp_site_dist","disturbance_type","UD","crosswalk","treatment_disturbance",136
"magp_site_dist","disturbance_type","UDP","crosswalk","treatment_disturbance",137
"magp_site_dist","disturbance_type","UDT","crosswalk","treatment_disturbance",138
"magp_site_dist","mortality_basis","VL","sheet","mortality_basis",2
"magp_site_dist","mortality_basis","BA","sheet","mortality_basis",3
"magp_site_dist","mortality_basis","CA","sheet","mortality_basis",4
"magp_site_dist","mortality_basis","ST","sheet","mortality_basis",5
"magp_site_dist","mortality_basis","AR","sheet","mortality_basis",6
"magp_site_dist","mortality_basis","X","sheet","mortality_basis",7
"magp_site_dist","mortality_basis","Z","sheet","mortality_basis",8
"magp_site_treat","treatment_type","T","crosswalk","treatment_disturbance",2
"magp_site_treat","treatment_type","TT","crosswalk","treatment_disturbance",3
"magp_site_treat","treatment_type","TTP","crosswalk","treatment_disturbance",4
"magp_site_treat","treatment_type","TTS","crosswalk","treatment_disturbance",6
"magp_site_treat","treatment_type","TTM","crosswalk","treatment_disturbance",7
"magp_site_treat","treatment_type","TP","crosswalk","treatment_disturbance",8
"magp_site_treat","treatment_type","TPD","crosswalk","treatment_disturbance",9
"magp_site_treat","treatment_type","TPG","crosswalk","treatment_disturbance",10
"magp_site_treat","treatment_type","TC","crosswalk","treatment_disturbance",11
"magp_site_treat","treatment_type","TCM","crosswalk","treatment_disturbance",12
"magp_site_treat","treatment_type","TCC","crosswalk","treatment_disturbance",13
"magp_site_treat","treatment_type","TF","crosswalk","treatment_disturbance",14
"magp_site_treat","treatment_type","TFC","crosswalk","treatment_disturbance",15
"magp_site_treat","treatment_type","TFZ","crosswalk","treatment_disturbance",16
"magp_site_treat","treatment_type","TFG","crosswalk","treatment_disturbance",17
"magp_site_treat","treatment_type","S","crosswalk","treatment_disturbance",18
"magp_site_treat","treatment_type","SC","crosswalk","treatment_disturbance",19
"magp_site_treat","treatment_type","SM","crosswalk","treatment_disturbance",20
"magp_site_treat","treatment_type","SMR","crosswalk","treatment_disturbance",21
"magp_site_treat","treatment_type","FC","crosswalk","treatment_disturbance",25
"magp_site_treat","treatment_type","R","crosswalk","treatment_disturbance",26
"magp_site_treat","treatment_type","RND","crosswalk","treatment_disturbance",27
"magp_site_treat","treatment_type","RNI","crosswalk","treatment_disturbance",28
"magp_site_treat","treatment_type","RNF","crosswalk","treatment_disturbance",29
"magp_site_treat","treatment_type","RNA","crosswalk","treatment_disturbance",30
"magp_site_treat","treatment_type","RNS","crosswalk","treatment_disturbance",31
"magp_site_treat","treatment_type","RNBD","crosswalk","treatment_disturbance",32
"magp_site_treat","treatment_type","RNBH","crosswalk","treatment_disturbance",33
"magp_site_treat","treatment_type","RP","crosswalk","treatment_disturbance",34
"magp_site_treat","treatment_type","RPF","crosswalk","treatment_disturbance",35
"magp_site_treat","treatment_type","RPFC","crosswalk","treatment_disturbance",36
"magp_site_treat","treatment_type","RPFB","crosswalk","treatment_disturbance",37
"magp_site_treat","treatment_type","RPFS","crosswalk","treatment_disturbance",38
"magp_site_treat","treatment_type","RPI","crosswalk","treatment_disturbance",39
"magp_site_treat","treatment_type","RPIC","crosswalk","treatment_disturbance",40
"magp_site_treat","treatment_type","RPIB","crosswalk","treatment_disturbance",41
"magp_site_treat","treatment_type","RPIS","crosswalk","treatment_disturbance",42
"magp_site_treat","treatment_type","RPIR","crosswalk","treatment_disturbance",43
"magp_site_treat","treatment_type","RPE","crosswalk","treatment_disturbance",44
"magp_site_treat","treatment_type","RS","crosswalk","treatment_disturbance",45
"magp_site_treat","treatment_type","RSA","crosswalk","treatment_disturbance",46
"magp_site_treat","treatment_type","RSM","crosswalk","treatment_disturbance",47
"magp_site_treat","treatment_type","RSP","crosswalk","treatment_disturbance",48
"magp_site_treat","treatment_type","RSG","crosswalk","treatment_disturbance",49
"magp_site_treat","treatment_type","RSR","crosswalk","treatment_disturbance",50
"magp_site_treat","treatment_type","C","crosswalk","treatment_disturbance",51
"magp_site_treat","treatment_type","CC","crosswalk","treatment_disturbance",52
"magp_site_treat","treatment_type","CP","crosswalk","treatment_disturbance",53
"magp_site_treat","treatment_type","CL","crosswalk","treatment_disturbance",54
"magp_site_treat","treatment_type","CLC","crosswalk","treatment_disturbance",55
"magp_site_treat","treatment_type","CLS","crosswalk","treatment_disturbance",56
"magp_site_treat","treatment_type","CLT","crosswalk","treatment_disturbance",57
"magp_site_treat","treatment_type","CLG","crosswalk","treatment_disturbance",58
"magp_site_treat","treatment_type","CLN","crosswalk","treatment_disturbance",59
"magp_site_treat","treatment_type","CLP","crosswalk","treatment_disturbance",60
"magp_site_treat","treatment_type","CLR","crosswalk","treatment_disturbance",61
"magp_site_treat","treatment_type","CLU","crosswalk","treatment_disturbance",62
"magp_site_treat","treatment_type","CLE","crosswalk","treatment_disturbance",63
"magp_site_treat","treatment_type","CLD","crosswalk","treatment_disturbance",64
"magp_site_treat","treatment_type","CLA","crosswalk","treatment_disturbance",65
"magp_site_treat","treatment_type","CLW","crosswalk","treatment_disturbance",66
"magp_site_treat","treatment_type","CLL","crosswalk","treatment_disturbance",67
"magp_site_treat","treatment_type","CLI","crosswalk","treatment_disturbance",68
"magp_site_treat","treatment_type","CLH","crosswalk","treatment_disturbance",69
"magp_site_treat","treatment_type","CS","crosswalk","treatment_disturbance",70
"magp_site_treat","treatment_type","CSI","crosswalk","treatment_disturbance",71
"magp_site_treat","treatment_type","CSIC","crosswalk","treatment_disturbance",72
"magp_site_treat","treatment_type","CSIP","crosswalk","treatment_disturbance",73
"magp_site_treat","treatment_type","CSIT","crosswalk","treatment_disturbance",74
"magp_site_treat","treatment_type","CSU","crosswalk","treatment_disturbance",75
"magp_site_treat","treatment_type","CSS","crosswalk","treatment_disturbance",76
"magp_site_treat","treatment_type","CSG","crosswalk","treatment_disturbance",77
"magp_site_treat","treatment_type","CSE","crosswalk","treatment_disturbance",78
"magp_site_treat","treatment_type","CSO","crosswalk","treatment_disturbance",79
"magp_site_treat","treatment_type","CSC","crosswalk","treatment_disturbance",80
"magp_site_treat","treatment_type","CF","crosswalk","treatment_disturbance",81
"magp_site_treat","treatment_type","CV","crosswalk","treatment_disturbance",82
"magp_site_treat","treatment_type","CVB","crosswalk","treatment_disturbance",83
"magp_site_treat","treatment_type","CVF","crosswalk","treatment_disturbance",84
"magp_site_treat","treatment_type","CVI","crosswalk","treatment_disturbance",85
"magp_site_treat","treatment_type","CVD","crosswalk","treatment_disturbance",86
"magp_site_treat","treatment_type","CU","crosswalk","treatment_disturbance",87
"magp_site_treat","treatment_type","O","crosswalk","treatment_disturbance",89
"magp_site_treat","treatment_type","OR","crosswalk","treatment_disturbance",91
"magp_site_treat","treatment_type","OT","crosswalk","treatment_disturbance",98
"magp_site_treat","treatment_type","OP","crosswalk","treatment_disturbance",99
"magp_site_treat","treatment_type","OS","crosswalk","treatment_disturbance",100
"magp_site_treat","treatment_type","OG","crosswalk","treatment_disturbance",101
"magp_site_treat","treatment_type","U","crosswalk","treatment_disturbance",134
"magp_site_visits","sample_type","F","sheet","sample_type",2
"magp_site_visits","sample_type","V","sheet","sample_type",3
"magp_site_visits","visit_type","AUD","sheet","visit_type",2
"magp_site_visits","visit_type","CON","sheet","visit_type",3
"magp_site_visits","visit_type","COR","sheet","visit_type",4
"magp_site_visits","visit_type","EST","sheet","visit_type",5
"magp_site_visits","visit_type","LOC","sheet","visit_type",6
"magp_site_visits","visit_type","POS","sheet","visit_type",7
"magp_site_visits","visit_type","QAS","sheet","visit_type",8
"magp_site_visits","visit_type","REC","sheet","visit_type",9
"magp_site_visits","visit_type","REM","sheet","visit_type",10
"magp_site_visits","visit_type","REY","sheet","visit_type",11
"magp_site_visits","visit_type","TIM","sheet","visit_type",12
"magp_site_visits","visit_type","X","sheet","visit_type",13
"magp_site_visits","meas_type","AGE","sheet","meas_type",2
"magp_site_visits","meas_type","STN","sheet","meas_type",3
"magp_site_visits","meas_type","TRE","sheet","meas_type",4
"magp_site_visits","meas_type","VEG","sheet","meas_type",5
"magp_site_visits","meas_type","HGT","sheet","meas_type",6
"magp_site_visits","meas_type","ALL","sheet","meas_type",7
"magp_site_visits","meas_type","X","sheet","meas_type",8
"magp_site_visits","meas_type","AGE,STN","sheet","meas_type",9
"magp_site_visits","meas_type","AGE,TRE","sheet","meas_type",10
"magp_site_visits","meas_type","AGE,VEG","sheet","meas_type",11
"magp_site_visits","meas_type","STN,TRE","sheet","meas_type",12
"magp_site_visits","meas_type","STN,VEG","sheet","meas_type",13
"magp_site_visits","meas_type","TRE,VEG","sheet","meas_type",14
"magp_site_visits","meas_type","AGE,STN,TRE","sheet","meas_type",15
"magp_site_visits","meas_type","AGE,STN,VEG","sheet","meas_type",16
"magp_site_visits","meas_type","AGE,TRE,VEG","sheet","meas_type",17
"magp_site_visits","meas_type","STN,TRE,VEG","sheet","meas_type",18
"magp_site_visits","meas_type","AGE,STN,TRE,VEG","sheet","meas_type",19
"magp_site_visits","site_status","A","sheet","site_status",2
"magp_site_visits","site_status","D","sheet","site_status",3
"magp_site_visits","site_status","I","sheet","site_status",4
"magp_site_visits","site_status","L","sheet","site_status",5
"magp_site_visits","site_status","RT","sheet","site_status",6
"magp_site_visits","site_status","RP","sheet","site_status",7
"magp_site_visits","site_status","G","sheet","site_status",8
"magp_site_visits","site_status","P","sheet","site_status",9
"magp_site_visits","site_status","X","sheet","site_status",10
"magp_site_visits","stand_origin","NN","sheet","stand_origin",2
"magp_site_visits","stand_origin","NS","sheet","stand_origin",3
"magp_site_visits","stand_origin","NF","sheet","stand_origin",4
"magp_site_visits","stand_origin","NC","sheet","stand_origin",5
"magp_site_visits","stand_origin","NL","sheet","stand_origin",6
"magp_site_visits","stand_origin","NR","sheet","stand_origin",7
"magp_site_visits","stand_origin","AS","sheet","stand_origin",8
"magp_site_visits","stand_origin","AP","sheet","stand_origin",9
"magp_site_visits","stand_origin","AF","sheet","stand_origin",10
"magp_site_visits","stand_origin","MP","sheet","stand_origin",11
"magp_site_visits","stand_origin","MM","sheet","stand_origin",12
"magp_site_visits","stand_origin","X","sheet","stand_origin",13
"magp_site_visits","maincanopy_origin","NF","sheet","maincanopy_origin",2
"magp_site_visits","maincanopy_origin","NW","sheet","maincanopy_origin",3
"magp_site_visits","maincanopy_origin","NI","sheet","maincanopy_origin",4
"magp_site_visits","maincanopy_origin","NS","sheet","maincanopy_origin",5
"magp_site_visits","maincanopy_origin","AHC","sheet","maincanopy_origin",6
"magp_site_visits","maincanopy_origin","AHP","sheet","maincanopy_origin",7
"magp_site_visits","maincanopy_origin","AHS","sheet","maincanopy_origin",8
"magp_site_visits","maincanopy_origin","AH1","sheet","maincanopy_origin",9
"magp_site_visits","maincanopy_origin","AH2","sheet","maincanopy_origin",10
"magp_site_visits","maincanopy_origin","AOF","sheet","maincanopy_origin",11
"magp_site_visits","maincanopy_origin","OO","sheet","maincanopy_origin",12
"magp_site_visits","maincanopy_origin","X","sheet","maincanopy_origin",13
"magp_plots","plot","0","sheet","plot",2
"magp_plots","plot","1","sheet","plot",3
"magp_plots","plot","2","sheet","plot",4
"magp_plots","plot","3","sheet","plot",5
"magp_plots","plot","4","sheet","plot",6
"magp_plots","plot","5","sheet","plot",7
"magp_plots","slope_class","A","sheet","slope_class",2
"magp_plots","slope_class","B","sheet","slope_class",3
"magp_plots","slope_class","C","sheet","slope_class",4
"magp_plots","slope_class","D","sheet","slope_class",5
"magp_plots","slope_class","E","sheet","slope_class",6
"magp_plots","slope_class","F","sheet","slope_class",7
"magp_plots","slope_class","X","sheet","slope_class",8
"magp_plots","aspect_class","N","sheet","aspect_class",2
"magp_plots","aspect_class","NE","sheet","aspect_class",3
"magp_plots","aspect_class","E","sheet","aspect_class",4
"magp_plots","aspect_class","SE","sheet","aspect_class",5
"magp_plots","aspect_class","S","sheet","aspect_class",6
"magp_plots","aspect_class","SW","sheet","aspect_class",7
"magp_plots","aspect_class","W","sheet","aspect_class",8
"magp_plots","aspect_class","NW","sheet","aspect_class",9
"magp_plots","aspect_class","Z","sheet","aspect_class",10
"magp_plots","aspect_class","X","sheet","aspect_class",11
"magp_plots","design_change","Y","sheet","yes_no",2
"magp_plots","design_change","N","sheet","yes_no",3
"magp_plots","design_change","X","sheet","yes_no",4
"magp_subplots","plot","0","sheet","plot",2
"magp_subplots","plot","1","sheet","plot",3
"magp_subplots","plot","2","sheet","plot",4
"magp_subplots","plot","3","sheet","plot",5
"magp_subplots","plot","4","sheet","plot",6
"magp_subplots","plot","5","sheet","plot",7
"magp_subplots","frame_type","M","sheet","frame_type",2
"magp_subplots","frame_type","S","sheet","frame_type",3
"magp_subplots","frame_type","R","sheet","frame_type",4
"magp_subplots","frame_type","O","sheet","frame_type",5
"magp_subplots","frame_type","V","sheet","frame_type",6
"magp_subplots","ef_change","Y","sheet","yes_no",2
"magp_subplots","ef_change","N","sheet","yes_no",3
"magp_subplots","ef_change","X","sheet","yes_no",4
"magp_designs","magp_contributor_id","100","sheet","contributor",2
"magp_designs","magp_contributor_id","110","sheet","contributor",3
"magp_designs","magp_contributor_id","120","sheet","contributor",4
"magp_designs","magp_contributor_id","130","sheet","contributor",5
"magp_designs","magp_contributor_id","140","sheet","contributor",6
"magp_designs","magp_contributor_id","150","sheet","contributor",7
"magp_designs","magp_contributor_id","160","sheet","contributor",8
"magp_designs","magp_contributor_id","170","sheet","contributor",9
"magp_designs","magp_contributor_id","180","sheet","contributor",10
"magp_designs","magp_contributor_id","190","sheet","contributor",11
"magp_designs","magp_contributor_id","200","sheet","contributor",12
"magp_designs","magp_contributor_id","210","sheet","contributor",13
"magp_designs","magp_contributor_id","220","sheet","contributor",14
"magp_designs","magp_contributor_id","230","sheet","contributor",15
"magp_designs","bdry_meth","FLD","sheet","bdry_meth",2
"magp_designs","bdry_meth","WLK","sheet","bdry_meth",3
"magp_designs","bdry_meth","RMT","sheet","bdry_meth",4
"magp_designs","bdry_meth","RAT","sheet","bdry_meth",5
"magp_designs","bdry_meth","MIR","sheet","bdry_meth",6
"magp_designs","bdry_meth","REF","sheet","bdry_meth",7
"magp_designs","bdry_meth","DSP","sheet","bdry_meth",8
"magp_designs","bdry_meth","RAD","sheet","bdry_meth",9
"magp_designs","bdry_meth","HFP","sheet","bdry_meth",10
"magp_designs","bdry_meth","OTH","sheet","bdry_meth",11
"magp_designs","bdry_meth","X","sheet","bdry_meth",12
"magp_designs","bdry_meth","Z","sheet","bdry_meth",13
"magp_designs","slope_adj","Y","sheet","yes_no",2
"magp_designs","slope_adj","N","sheet","yes_no",3
"magp_designs","slope_adj","X","sheet","yes_no",4
"magp_design_frames","src_frame_name","MP","sheet","src_frame_name",2
"magp_design_frames","src_frame_name","LTP","sheet","src_frame_name",3
"magp_design_frames","src_frame_name","SUP","sheet","src_frame_name",4
"magp_design_frames","src_frame_name","STP","sheet","src_frame_name",5
"magp_design_frames","src_frame_name","VP","sheet","src_frame_name",6
"magp_design_frames","src_frame_name","RP","sheet","src_frame_name",7
"magp_design_frames","src_frame_name","MIP","sheet","src_frame_name",8
"magp_design_frames","src_frame_name","RVP","sheet","src_frame_name",9
"magp_design_frames","src_frame_name","VRP","sheet","src_frame_name",10
"magp_design_frames","src_frame_name","OP","sheet","src_frame_name",11
"magp_design_frames","src_frame_name","X","sheet","src_frame_name",12
"magp_design_frames","frame_type","M","sheet","frame_type",2
"magp_design_frames","frame_type","S","sheet","frame_type",3
"magp_design_frames","frame_type","R","sheet","frame_type",4
"magp_design_frames","frame_type","O","sheet","frame_type",5
"magp_design_frames","frame_type","V","sheet","frame_type",6
"magp_design_frames","plot_shape","C","sheet","shape",2
"magp_design_frames","plot_shape","R","sheet","shape",3
"magp_design_frames","plot_shape","T","sheet","shape",4
"magp_design_frames","plot_shape","S","sheet","shape",5
"magp_design_frames","plot_shape","X","sheet","shape",6
"magp_design_frames","plot_shape","Z","sheet","shape",7
"magp_design_frames","meas_meth","M","sheet","meas_meth",2
"magp_design_frames","meas_meth","P","sheet","meas_meth",3
"magp_design_frames","meas_meth","C","sheet","meas_meth",4
"magp_design_frames","meas_meth","CM","sheet","meas_meth",5
"magp_design_frames","meas_meth","X","sheet","meas_meth",6
"magp_design_frames","tag_type","P","sheet","tag_type",2
"magp_design_frames","tag_type","T","sheet","tag_type",3
"magp_design_frames","tag_type","Z","sheet","tag_type",4
"magp_design_frames","census","Y","sheet","yes_no",2
"magp_design_frames","census","N","sheet","yes_no",3
"magp_design_frames","census","X","sheet","yes_no",4
"magp_design_frames","standing_dead","Y","sheet","yes_no",2
"magp_design_frames","standing_dead","N","sheet","yes_no",3
"magp_design_frames","standing_dead","X","sheet","yes_no",4
"magp_plot_meas","canopy_structure","S","sheet","canopy_structure",2
"magp_plot_meas","canopy_structure","SV","sheet","canopy_structure",3
"magp_plot_meas","canopy_structure","T","sheet","canopy_structure",4
"magp_plot_meas","canopy_structure","TV","sheet","canopy_structure",5
"magp_plot_meas","canopy_structure","C","sheet","canopy_structure",6
"magp_plot_meas","canopy_structure","X","sheet","canopy_structure",7
"magp_plot_meas","canopy_structure","Z","sheet","canopy_structure",8
"magp_trees","plot","0","sheet","plot",2
"magp_trees","plot","1","sheet","plot",3
"magp_trees","plot","2","sheet","plot",4
"magp_trees","plot","3","sheet","plot",5
"magp_trees","plot","4","sheet","plot",6
"magp_trees","plot","5","sheet","plot",7
"magp_trees","tree_origin","AP","sheet","tree_origin",2
"magp_trees","tree_origin","APG","sheet","tree_origin",3
"magp_trees","tree_origin","APR","sheet","tree_origin",4
"magp_trees","tree_origin","APU","sheet","tree_origin",5
"magp_trees","tree_origin","AS","sheet","tree_origin",6
"magp_trees","tree_origin","NN","sheet","tree_origin",7
"magp_trees","tree_origin","NB","sheet","tree_origin",8
"magp_trees","tree_origin","NC","sheet","tree_origin",9
"magp_trees","tree_origin","NSU","sheet","tree_origin",10
"magp_trees","tree_origin","NSC","sheet","tree_origin",11
"magp_trees","tree_origin","NSE","sheet","tree_origin",12
"magp_trees","tree_origin","NSS","sheet","tree_origin",13
"magp_trees","tree_origin","NL","sheet","tree_origin",14
"magp_trees","tree_origin","NR","sheet","tree_origin",15
"magp_trees","tree_origin","NST","sheet","tree_origin",16
"magp_trees","tree_origin","NAD","sheet","tree_origin",17
"magp_trees","tree_origin","NVT","sheet","tree_origin",18
"magp_trees","tree_origin","X","sheet","tree_origin",19
"magp_trees","tree_loc","X","sheet","tree_loc",2
"magp_trees","tree_loc","INS","sheet","tree_loc",3
"magp_trees","tree_loc","INM","sheet","tree_loc",4
"magp_trees","tree_loc","OUT","sheet","tree_loc",5
"magp_trees","tree_loc","INV","sheet","tree_loc",6
"magp_trees","tree_loc","INR","sheet","tree_loc",7
"magp_trees","tree_loc","ISR","sheet","tree_loc",8
"magp_trees","tree_loc","UNK","sheet","tree_loc",9
"magp_tree_meas","tree_type","A","sheet","tree_type",2
"magp_tree_meas","tree_type","H","sheet","tree_type",3
"magp_tree_meas","tree_type","L","sheet","tree_type",4
"magp_tree_meas","tree_type","S","sheet","tree_type",5
"magp_tree_meas","tree_type","I","sheet","tree_type",6
"magp_tree_meas","tree_type","ST","sheet","tree_type",7
"magp_tree_meas","tree_type","BT","sheet","tree_type",8
"magp_tree_meas","tree_type","TH","sheet","tree_type",9
"magp_tree_meas","tree_type","LS","sheet","tree_type",10
"magp_tree_meas","tree_type","SS","sheet","tree_type",11
"magp_tree_meas","tree_type","O","sheet","tree_type",12
"magp_tree_meas","tree_type","OTH","sheet","tree_type",13
"magp_tree_meas","tree_type","N","sheet","tree_type",14
"magp_tree_meas","tree_type","RA","sheet","tree_type",15
"magp_tree_meas","tree_type","RV","sheet","tree_type",16
"magp_tree_meas","tree_type","M","sheet","tree_type",17
"magp_tree_meas","tree_type","X","sheet","tree_type",18
"magp_tree_meas","tree_change_class","S","sheet","tree_change_class",2
"magp_tree_meas","tree_change_class","I","sheet","tree_change_class",3
"magp_tree_meas","tree_change_class","M","sheet","tree_change_class",4
"magp_tree_meas","tree_change_class","D","sheet","tree_change_class",5
"magp_tree_meas","tree_change_class","H","sheet","tree_change_class",6
"magp_tree_meas","tree_change_class","DR","sheet","tree_change_class",7
"magp_tree_meas","tree_change_class","ID","sheet","tree_change_class",8
"magp_tree_meas","tree_change_class","X","sheet","tree_change_class",9
"magp_tree_meas","tree_stance","S","sheet","tree_stance",2
"magp_tree_meas","tree_stance","F","sheet","tree_stance",3
"magp_tree_meas","tree_stance","L","sheet","tree_stance",4
"magp_tree_meas","tree_stance","X","sheet","tree_stance",5
"magp_tree_meas","tree_stance","Z","sheet","tree_stance",6
"magp_tree_meas","tree_status","L","sheet","tree_status",2
"magp_tree_meas","tree_status","D","sheet","tree_status",3
"magp_tree_meas","tree_status","C","sheet","tree_status",4
"magp_tree_meas","tree_status","E","sheet","tree_status",5
"magp_tree_meas","tree_status","G","sheet","tree_status",6
"magp_tree_meas","tree_status","X","sheet","tree_status",7
"magp_tree_meas","dead_cause","N","sheet","dead_cause",2
"magp_tree_meas","dead_cause","E","sheet","dead_cause",3
"magp_tree_meas","dead_cause","H","sheet","dead_cause",4
"magp_tree_meas","dead_cause","U","sheet","dead_cause",5
"magp_tree_meas","dead_cause","X","sheet","dead_cause",6
"magp_tree_meas","dead_cause","Z","sheet","dead_cause",7
"magp_tree_meas","stem_cond","B","sheet","stem_cond",2
"magp_tree_meas","stem_cond","D","sheet","stem_cond",3
"magp_tree_meas","stem_cond","I","sheet","stem_cond",4
"magp_tree_meas","stem_cond","T","sheet","stem_cond",5
"magp_tree_meas","stem_cond","S","sheet","stem_cond",6
"magp_tree_meas","stem_cond","X","sheet","stem_cond",7
"magp_tree_meas","crown_class","A","sheet","crown_class",2
"magp_tree_meas","crown_class","C","sheet","crown_class",3
"magp_tree_meas","crown_class","D","sheet","crown_class",4
"magp_tree_meas","crown_class","E","sheet","crown_class",5
"magp_tree_meas","crown_class","I","sheet","crown_class",6
"magp_tree_meas","crown_class","OG","sheet","crown_class",7
"magp_tree_meas","crown_class","OS","sheet","crown_class",8
"magp_tree_meas","crown_class","OU","sheet","crown_class",9
"magp_tree_meas","crown_class","S","sheet","crown_class",10
"magp_tree_meas","crown_class","U","sheet","crown_class",11
"magp_tree_meas","crown_class","V","sheet","crown_class",12
"magp_tree_meas","crown_class","X","sheet","crown_class",13
"magp_tree_meas","crown_class","Z","sheet","crown_class",14
"magp_tree_meas","crown_cond","1","sheet","crown_cond",2
"magp_tree_meas","crown_cond","2","sheet","crown_cond",3
"magp_tree_meas","crown_cond","3","sheet","crown_cond",4
"magp_tree_meas","crown_cond","4","sheet","crown_cond",5
"magp_tree_meas","crown_cond","5","sheet","crown_cond",6
"magp_tree_meas","crown_cond","6","sheet","crown_cond",7
"magp_tree_meas","crown_cond","-1","sheet","crown_cond",8
"magp_tree_meas","crown_cond","-9","sheet","crown_cond",9
"magp_tree_meas","wood_cond","1","sheet","wood_cond",2
"magp_tree_meas","wood_cond","2","sheet","wood_cond",3
"magp_tree_meas","wood_cond","3","sheet","wood_cond",4
"magp_tree_meas","wood_cond","4","sheet","wood_cond",5
"magp_tree_meas","wood_cond","5","sheet","wood_cond",6
"magp_tree_meas","wood_cond","6","sheet","wood_cond",7
"magp_tree_meas","wood_cond","7","sheet","wood_cond",8
"magp_tree_meas","wood_cond","8","sheet","wood_cond",9
"magp_tree_meas","wood_cond","-1","sheet","wood_cond",10
"magp_tree_meas","wood_cond","-9","sheet","wood_cond",11
"magp_tree_meas","species","ABIE.AMA","crosswalk","species",2
"magp_tree_meas","species","ABIE.BAL","crosswalk","species",3
"magp_tree_meas","species","ABIE.BIF","crosswalk","species",4
"magp_tree_meas","species","ABIE.CON","crosswalk","species",5
"magp_tree_meas","species","ABIE.GRA","crosswalk","species",6
"magp_tree_meas","species","ABIE.LAS","crosswalk","species",7
"magp_tree_meas","species","ABIE.MAG","crosswalk","species",8
"magp_tree_meas","species","ABIE.MAG.SHA","crosswalk","species",9
"magp_tree_meas","species","ABIE.NOR","crosswalk","species",10
"magp_tree_meas","species","ABIE.PIN","crosswalk","species",11
"magp_tree_meas","species","ABIE.PRO","crosswalk","species",12
"magp_tree_meas","species","ABIE.SPP","crosswalk","species",13
"magp_tree_meas","species","ACER.CIR","crosswalk","species",14
"magp_tree_meas","species","ACER.GIN","crosswalk","species",15
"magp_tree_meas","species","ACER.GLA.DOU","crosswalk","species",16
"magp_tree_meas","species","ACER.MAC","crosswalk","species",17
"magp_tree_meas","species","ACER.NEG","crosswalk","species",18
"magp_tree_meas","species","ACER.NIG","crosswalk","species",19
"magp_tree_meas","species","ACER.PAL","crosswalk","species",20
"magp_tree_meas","species","ACER.PEN","crosswalk","species",21
"magp_tree_meas","species","ACER.PLA","crosswalk","species",22
"magp_tree_meas","species","ACER.PSE","crosswalk","species",23
"magp_tree_meas","species","ACER.RUB","crosswalk","species",24
"magp_tree_meas","species","ACER.SAC","crosswalk","species",25
"magp_tree_meas","species","ACER.SAH","crosswalk","species",27
"magp_tree_meas","species","ACER.SAH.SAC","crosswalk","species",28
"magp_tree_meas","species","ACER.SPI","crosswalk","species",29
"magp_tree_meas","species","ACER.FRE","crosswalk","species",30
"magp_tree_meas","species","ACER.SPP","crosswalk","species",31
"magp_tree_meas","species","AESC.GLA","crosswalk","species",32
"magp_tree_meas","species","AESC.HIP","crosswalk","species",33
"magp_tree_meas","species","AESC.CAR","crosswalk","species",34
"magp_tree_meas","species","ALNU.CRI","crosswalk","species",35
"magp_tree_meas","species","ALNU.VIR","crosswalk","species",36
"magp_tree_meas","species","ALNU.GLU","crosswalk","species",37
"magp_tree_meas","species","ALNU.INC","crosswalk","species",38
"magp_tree_meas","species","ALNU.INC.RUG","crosswalk","species",39
"magp_tree_meas","species","ALNU.INC.TEN","crosswalk","species",40
"magp_tree_meas","species","ALNU.RUB","crosswalk","species",41
"magp_tree_meas","species","ALNU.SER","crosswalk","species",42
"magp_tree_meas","species","ALNU.SIN","crosswalk","species",43
"magp_tree_meas","species","ALNU.SPP","crosswalk","species",44
"magp_tree_meas","species","ALNU.VIR.CRI","crosswalk","species",46
"magp_tree_meas","species","ALNU.VIR.FRU","crosswalk","species",47
"magp_tree_meas","species","ALNU.VIR.SIN","crosswalk","species",48
"magp_tree_meas","species","AMEL.ALN","crosswalk","species",49
"magp_tree_meas","species","AMEL.ARB","crosswalk","species",50
"magp_tree_meas","species","AMEL.BAR","crosswalk","species",51
"magp_tree_meas","species","AMEL.FLO","crosswalk","species",52
"magp_tree_meas","species","AMEL.LAE","crosswalk","species",53
"magp_tree_meas","species","AMEL.SAN","crosswalk","species",54
"magp_tree_meas","species","AMEL.GAS","crosswalk","species",55
"magp_tree_meas","species","AMEL.SPP","crosswalk","species",56
"magp_tree_meas","species","ARAL.ELA","crosswalk","species",57
"magp_tree_meas","species","ARAU.ARA","crosswalk","species",58
"magp_tree_meas","species","ARBU.MEN","crosswalk","species",59
"magp_tree_meas","species","ARON.MEL","crosswalk","species",60
"magp_tree_meas","species","ARON.SPP","crosswalk","species",61
"magp_tree_meas","species","ASIM.SPP","crosswalk","species",62
"magp_tree_meas","species","ASIM.TRI","crosswalk","species",64
"magp_tree_meas","species","BETU.ALA","crosswalk","species",65
"magp_tree_meas","species","BETU.ALL","crosswalk","species",66
"magp_tree_meas","species","BETU.COR","crosswalk","species",67
"magp_tree_meas","species","BETU.GLA","crosswalk","species",68
"magp_tree_meas","species","BETU.KEN","crosswalk","species",70
"magp_tree_meas","species","BETU.LEN","crosswalk","species",71
"magp_tree_meas","species","BETU.NAN","crosswalk","species",72
"magp_tree_meas","species","BETU.NEO","crosswalk","species",73
"magp_tree_meas","species","BETU.OCC","crosswalk","species",74
"magp_tree_meas","species","BETU.PAP","crosswalk","species",75
"magp_tree_meas","species","BETU.PAP.NEO","crosswalk","species",76
"magp_tree_meas","species","BETU.PAP.PAP","crosswalk","species",77
"magp_tree_meas","species","BETU.PEN","crosswalk","species",78
"magp_tree_meas","species","BETU.POP","crosswalk","species",79
"magp_tree_meas","species","BETU.PUB","crosswalk","species",80
"magp_tree_meas","species","BETU.PUM","crosswalk","species",81
"magp_tree_meas","species","BETU.SPP","crosswalk","species",82
"magp_tree_meas","species","BETU.CAE","crosswalk","species",83
"magp_tree_meas","species","BETU.WIN","crosswalk","species",84
"magp_tree_meas","species","CALO.DEC","crosswalk","species",85
"magp_tree_meas","species","CARA.ARB","crosswalk","species",86
"magp_tree_meas","species","CARP.CAR","crosswalk","species",87
"magp_tree_meas","species","CARP.CAR.VIR","crosswalk","species",88
"magp_tree_meas","species","CARP.SPP","crosswalk","species",89
"magp_tree_meas","species","CARY.COR","crosswalk","species",90
"magp_tree_meas","species","CARY.GLA","crosswalk","species",91
"magp_tree_meas","species","CARY.GLA.ODO","crosswalk","species",92
"magp_tree_meas","species","CARY.LAC","crosswalk","species",93
"magp_tree_meas","species","CARY.OVA","crosswalk","species",94
"magp_tree_meas","species","CARY.OVA.OVA","crosswalk","species",95
"magp_tree_meas","species","CARY.SPP","crosswalk","species",96
"magp_tree_meas","species","CARY.TOM","crosswalk","species",97
"magp_tree_meas","species","CAST.DEN","crosswalk","species",98
"magp_tree_meas","species","CAST.SAT","crosswalk","species",99
"magp_tree_meas","species","CAST.MOL","crosswalk","species",100
"magp_tree_meas","species","CAST.SPP","crosswalk","species",101
"magp_tree_meas","species","CATA.BIG","crosswalk","species",102
"magp_tree_meas","species","CATA.SPE","crosswalk","species",103
"magp_tree_meas","species","CEDR.ATL","crosswalk","species",104
"magp_tree_meas","species","CEDR.DEO","crosswalk","species",105
"magp_tree_meas","species","CEDR.LIB","crosswalk","species",106
"magp_tree_meas","species","CELT.OCC","crosswalk","species",107
"magp_tree_meas","species","CELT.SPP","crosswalk","species",108
"magp_tree_meas","species","CELT.TEN","crosswalk","species",109
"magp_tree_meas","species","CEPH.OCC","crosswalk","species",110
"magp_tree_meas","species","CERC.JAP","crosswalk","species",111
"magp_tree_meas","species","CERC.CAN","crosswalk","species",112
"magp_tree_meas","species","CHAM.LAW","crosswalk","species",113
"magp_tree_meas","species","CHAM.NOO","crosswalk","species",114
"magp_tree_meas","species","CHAM.OBT","crosswalk","species",115
"magp_tree_meas","species","CHAM.PIS","crosswalk","species",116
"magp_tree_meas","species","CHAM.SPP","crosswalk","species",117
"magp_tree_meas","species","CLAD.LUT","crosswalk","species",118
"magp_tree_meas","species","CLEM.VIR","crosswalk","species",119
"magp_tree_meas","species","CORN.ALT","crosswalk","species",120
"magp_tree_meas","species","CORN.FLO","crosswalk","species",121
"magp_tree_meas","species","CORN.FOE.RAC","crosswalk","species",122
"magp_tree_meas","species","CORN.KOU","crosswalk","species",123
"magp_tree_meas","species","CORN.MAS","crosswalk","species",124
"magp_tree_meas","species","CORN.NUT","crosswalk","species",125
"magp_tree_meas","species","CORN.RUG","crosswalk","species",126
"magp_tree_meas","species","CORN.SER","crosswalk","species",127
"magp_tree_meas","species","CORN.SPP","crosswalk","species",128
"magp_tree_meas","species","CORN.STO","crosswalk","species",129
"magp_tree_meas","species","CORY.AME","crosswalk","species",130
"magp_tree_meas","species","CORY.COR","crosswalk","species",131
"magp_tree_meas","species","CRAT.CHR","crosswalk","species",132
"magp_tree_meas","species","CRAT.PUN","crosswalk","species",133
"magp_tree_meas","species","CRAT.SPP","crosswalk","species",134
"magp_tree_meas","species","CRAT.CRU","crosswalk","species",135
"magp_tree_meas","species","CRAT.DOU","crosswalk","species",136
"magp_tree_meas","species","CRAT.FLA","crosswalk","species",137
"magp_tree_meas","species","CRAT.MAC","crosswalk","species",138
"magp_tree_meas","species","CRAT.MON","crosswalk","species",139
"magp_tree_meas","species","CRAT.SUC","crosswalk","species",140
"magp_tree_meas","species","DIER.LON","crosswalk","species",141
"magp_tree_meas","species","DIRC.PAL","crosswalk","species",142
"magp_tree_meas","species","DIRC.SPP","crosswalk","species",143
"magp_tree_meas","species","ELAE.COM","crosswalk","species",144
"magp_tree_meas","species","EUON.ATR","crosswalk","species",145
"magp_tree_meas","species","FAGU.GRA","crosswalk","species",146
"magp_tree_meas","species","FAGU.SPP","crosswalk","species",147
"magp_tree_meas","species","FAGU.SYL","crosswalk","species",148
"magp_tree_meas","species","FRAN.ALN","crosswalk","species",149
"magp_tree_meas","species","FRAX.AME","crosswalk","species",150
"magp_tree_meas","species","FRAX.LAT","crosswalk","species",151
"magp_tree_meas","species","FRAX.NIG","crosswalk","species",152
"magp_tree_meas","species","FRAX.PEN","crosswalk","species",153
"magp_tree_meas","species","FRAX.PEN.AUS","crosswalk","species",154
"magp_tree_meas","species","FRAX.PEN.SUB","crosswalk","species",155
"magp_tree_meas","species","FRAX.QUA","crosswalk","species",156
"magp_tree_meas","species","FRAX.SPP","crosswalk","species",157
"magp_tree_meas","species","FRAX.PRO","crosswalk","species",158
"magp_tree_meas","species","GINK.BIL","crosswalk","species",160
"magp_tree_meas","species","GLED.TRI","crosswalk","species",161
"magp_tree_meas","species","GYMN.DIO","crosswalk","species",162
"magp_tree_meas","species","HAMA.VIR","crosswalk","species",163
"magp_tree_meas","species","ILEX.MUC","crosswalk","species",164
"magp_tree_meas","species","ILEX.SPP","crosswalk","species",165
"magp_tree_meas","species","ILEX.VER","crosswalk","species",166
"magp_tree_meas","species","JUGL.AIL","crosswalk","species",167
"magp_tree_meas","species","JUGL.CIN","crosswalk","species",168
"magp_tree_meas","species","JUGL.NIG","crosswalk","species",169
"magp_tree_meas","species","JUGL.SPP","crosswalk","species",170
"magp_tree_meas","species","JUNI.COM","crosswalk","species",171
"magp_tree_meas","species","JUNI.SCO","crosswalk","species",172
"magp_tree_meas","species","JUNI.HOR","crosswalk","species",173
"magp_tree_meas","species","JUNI.SPP","crosswalk","species",174
"magp_tree_meas","species","JUNI.VIR","crosswalk","species",175
"magp_tree_meas","species","LARI.DEC","crosswalk","species",176
"magp_tree_meas","species","LARI.KAE","crosswalk","species",177
"magp_tree_meas","species","LARI.LAR","crosswalk","species",178
"magp_tree_meas","species","LARI.LYA","crosswalk","species",179
"magp_tree_meas","species","LARI.OCC","crosswalk","species",180
"magp_tree_meas","species","LARI.SIB","crosswalk","species",181
"magp_tree_meas","species","LARI.SPP","crosswalk","species",182
"magp_tree_meas","species","LEDU.GRO","crosswalk","species",183
"magp_tree_meas","species","LIND.BEN","crosswalk","species",184
"magp_tree_meas","species","LIRI.SPP","crosswalk","species",185
"magp_tree_meas","species","LIRI.TUL","crosswalk","species",186
"magp_tree_meas","species","LONI.CAN","crosswalk","species",187
"magp_tree_meas","species","LIQU.STY","crosswalk","species",188
"magp_tree_meas","species","MAGN.ACU","crosswalk","species",190
"magp_tree_meas","species","MALU.COR","crosswalk","species",191
"magp_tree_meas","species","MALU.FUS","crosswalk","species",192
"magp_tree_meas","species","MALU.SPP","crosswalk","species",193
"magp_tree_meas","species","MALU.PUM","crosswalk","species",194
"magp_tree_meas","species","MORU.RUB","crosswalk","species",195
"magp_tree_meas","species","MYRI.CAL","crosswalk","species",196
"magp_tree_meas","species","NEMO.MUC","crosswalk","species",197
"magp_tree_meas","species","NEMO.SPP","crosswalk","species",198
"magp_tree_meas","species","NYSS.SPP","crosswalk","species",199
"magp_tree_meas","species","NYSS.SYL","crosswalk","species",200
"magp_tree_meas","species","OSTR.SPP","crosswalk","species",201
"magp_tree_meas","species","OSTR.VIR","crosswalk","species",202
"magp_tree_meas","species","PART.INS","crosswalk","species",203
"magp_tree_meas","species","PICE.ABI","crosswalk","species",204
"magp_tree_meas","species","PICE.ENG","crosswalk","species",205
"magp_tree_meas","species","PICE.ENG.GLA","crosswalk","species",206
"magp_tree_meas","species","PICE.GLA","crosswalk","species",207
"magp_tree_meas","species","PICE.MAR","crosswalk","species",208
"magp_tree_meas","species","PICE.PUN","crosswalk","species",209
"magp_tree_meas","species","PICE.RUB","crosswalk","species",210
"magp_tree_meas","species","PICE.SIT","crosswalk","species",211
"magp_tree_meas","species","PICE.SIT.X","crosswalk","species",212
"magp_tree_meas","species","PICE.SPP","crosswalk","species",213
"magp_tree_meas","species","PICE.LUT","crosswalk","species",214
"magp_tree_meas","species","PINU.ALB","crosswalk","species",215
"magp_tree_meas","species","PINU.BAN","crosswalk","species",216
"magp_tree_meas","species","PINU.CON","crosswalk","species",217
"magp_tree_meas","species","PINU.CON.CON","crosswalk","species",218
"magp_tree_meas","species","PINU.CON.LAT","crosswalk","species",219
"magp_tree_meas","species","PINU.CON.BAN","crosswalk","species",220
"magp_tree_meas","species","PINU.FLE","crosswalk","species",221
"magp_tree_meas","species","PINU.LAM","crosswalk","species",222
"magp_tree_meas","species","PINU.MON","crosswalk","species",223
"magp_tree_meas","species","PINU.NIG","crosswalk","species",224
"magp_tree_meas","species","PINU.PON","crosswalk","species",225
"magp_tree_meas","species","PINU.RAD","crosswalk","species",226
"magp_tree_meas","species","PINU.RES","crosswalk","species",227
"magp_tree_meas","species","PINU.RIG","crosswalk","species",228
"magp_tree_meas","species","PINU.SPP","crosswalk","species",229
"magp_tree_meas","species","PINU.STR","crosswalk","species",230
"magp_tree_meas","species","PINU.SYL","crosswalk","species",231
"magp_tree_meas","species","PINU.MUR","crosswalk","species",232
"magp_tree_meas","species","PLAT.OCC","crosswalk","species",233
"magp_tree_meas","species","PLAT.SPP","crosswalk","species",234
"magp_tree_meas","species","POPU.ALB","crosswalk","species",235
"magp_tree_meas","species","POPU.ANG","crosswalk","species",236
"magp_tree_meas","species","POPU.BAL","crosswalk","species",237
"magp_tree_meas","species","POPU.BAL.BAL","crosswalk","species",238
"magp_tree_meas","species","POPU.DEL","crosswalk","species",239
"magp_tree_meas","species","POPU.DEL.DEL","crosswalk","species",240
"magp_tree_meas","species","POPU.DEL.OCC","crosswalk","species",241
"magp_tree_meas","species","POPU.DEL.MON","crosswalk","species",242
"magp_tree_meas","species","POPU.GRA","crosswalk","species",243
"magp_tree_meas","species","POPU.NIG","crosswalk","species",244
"magp_tree_meas","species","POPU.NIG.ITA","crosswalk","species",245
"magp_tree_meas","species","POPU.SPP","crosswalk","species",246
"magp_tree_meas","species","POPU.TRE","crosswalk","species",248
"magp_tree_meas","species","POPU.TRI","crosswalk","species",249
"magp_tree_meas","species","POPU.JAC","crosswalk","species",250
"magp_tree_meas","species","POPU.CAN","crosswalk","species",251
"magp_tree_meas","species","PRUN.AVI","crosswalk","species",252
"magp_tree_meas","species","PRUN.EMA","crosswalk","species",253
"magp_tree_meas","species","PRUN.NIG","crosswalk","species",254
"magp_tree_meas","species","PRUN.PEN","crosswalk","species",255
"magp_tree_meas","species","PRUN.SER","crosswalk","species",256
"magp_tree_meas","species","PRUN.SPP","crosswalk","species",257
"magp_tree_meas","species","PRUN.VIR","crosswalk","species",258
"magp_tree_meas","species","PRUN.VIR.VIR","crosswalk","species",259
"magp_tree_meas","species","PSEU.MEN","crosswalk","species",260
"magp_tree_meas","species","PSEU.MEN.GLA","crosswalk","species",261
"magp_tree_meas","species","PSEU.MEN.MEN","crosswalk","species",262
"magp_tree_meas","species","PTEL.TRI","crosswalk","species",263
"magp_tree_meas","species","PYRU.COM","crosswalk","species",264
"magp_tree_meas","species","PRUN.CER","crosswalk","species",265
"magp_tree_meas","species","QUER.ALB","crosswalk","species",266
"magp_tree_meas","species","QUER.BIC","crosswalk","species",267
"magp_tree_meas","species","QUER.ELL","crosswalk","species",268
"magp_tree_meas","species","QUER.GAR","crosswalk","species",269
"magp_tree_meas","species","QUER.MAC","crosswalk","species",270
"magp_tree_meas","species","QUER.MUE","crosswalk","species",271
"magp_tree_meas","species","QUER.PAL","crosswalk","species",272
"magp_tree_meas","species","QUER.PRI","crosswalk","species",273
"magp_tree_meas","species","QUER.ROB","crosswalk","species",274
"magp_tree_meas","species","QUER.RUB","crosswalk","species",275
"magp_tree_meas","species","QUER.SHU","crosswalk","species",276
"magp_tree_meas","species","QUER.SPP","crosswalk","species",277
"magp_tree_meas","species","QUER.VEL","crosswalk","species",279
"magp_tree_meas","species","RHAM.ALN","crosswalk","species",280
"magp_tree_meas","species","RHAM.CAT","crosswalk","species",281
"magp_tree_meas","species","RHAM.FRA","crosswalk","species",282
"magp_tree_meas","species","RHAM.PUR","crosswalk","species",283
"magp_tree_meas","species","RHAM.SPP","crosswalk","species",284
"magp_tree_meas","species","RHUS.SPP","crosswalk","species",285
"magp_tree_meas","species","RHUS.TYP","crosswalk","species",286
"magp_tree_meas","species","RIBE.SPP","crosswalk","species",287
"magp_tree_meas","species","RIBE.HIR","crosswalk","species",288
"magp_tree_meas","species","ROBI.PSE","crosswalk","species",289
"magp_tree_meas","species","ROBI.SPP","crosswalk","species",290
"magp_tree_meas","species","ROSA.ACI","crosswalk","species",291
"magp_tree_meas","species","ROSA.ACI.SAY","crosswalk","species",292
"magp_tree_meas","species","RUBU.IDA","crosswalk","species",293
"magp_tree_meas","species","RUBU.IDA.MEL","crosswalk","species",294
"magp_tree_meas","species","SALI.ALB","crosswalk","species",295
"magp_tree_meas","species","SALI.ALB.VIT","crosswalk","species",296
"magp_tree_meas","species","SALI.AMY","crosswalk","species",297
"magp_tree_meas","species","SALI.ATR","crosswalk","species",298
"magp_tree_meas","species","SALI.BAB","crosswalk","species",299
"magp_tree_meas","species","SALI.BEB","crosswalk","species",300
"magp_tree_meas","species","SALI.DIS","crosswalk","species",301
"magp_tree_meas","species","SALI.FRA","crosswalk","species",302
"magp_tree_meas","species","SALI.HUM","crosswalk","species",303
"magp_tree_meas","species","SALI.LUC","crosswalk","species",304
"magp_tree_meas","species","SALI.LUC.LAS","crosswalk","species",305
"magp_tree_meas","species","SALI.LUC.LUC","crosswalk","species",306
"magp_tree_meas","species","SALI.LUT","crosswalk","species",307
"magp_tree_meas","species","SALI.MAC","crosswalk","species",308
"magp_tree_meas","species","SALI.NIG","crosswalk","species",309
"magp_tree_meas","species","SALI.PED","crosswalk","species",310
"magp_tree_meas","species","SALI.PEN","crosswalk","species",311
"magp_tree_meas","species","SALI.PET","crosswalk","species",312
"magp_tree_meas","species","SALI.PLA","crosswalk","species",313
"magp_tree_meas","species","SALI.PYR","crosswalk","species",314
"magp_tree_meas","species","SALI.SCO","crosswalk","species",315
"magp_tree_meas","species","SALI.SIT","crosswalk","species",316
"magp_tree_meas","species","SALI.SPP","crosswalk","species",317
"magp_tree_meas","species","SALI.VIM","crosswalk","species",318
"magp_tree_meas","species","SAMB.CAL","crosswalk","species",319
"magp_tree_meas","species","SAMB.CAN","crosswalk","species",320
"magp_tree_meas","species","SAMB.CER","crosswalk","species",321
"magp_tree_meas","species","SAMB.RAC","crosswalk","species",322
"magp_tree_meas","species","SASS.ALB","crosswalk","species",323
"magp_tree_meas","species","SASS.SPP","crosswalk","species",324
"magp_tree_meas","species","SEQU.SEM","crosswalk","species",325
"magp_tree_meas","species","SEQU.GIG","crosswalk","species",326
"magp_tree_meas","species","SHEP.ARG","crosswalk","species",327
"magp_tree_meas","species","SHEP.CAN","crosswalk","species",328
"magp_tree_meas","species","SORB.AME","crosswalk","species",329
"magp_tree_meas","species","SORB.ARI","crosswalk","species",330
"magp_tree_meas","species","SORB.AUC","crosswalk","species",331
"magp_tree_meas","species","SORB.DEC","crosswalk","species",332
"magp_tree_meas","species","SORB.SPP","crosswalk","species",333
"magp_tree_meas","species","SPIR.ALB","crosswalk","species",334
"magp_tree_meas","species","SYRI.VUL","crosswalk","species",335
"magp_tree_meas","species","TAXU.BAC","crosswalk","species",336
"magp_tree_meas","species","TAXU.BRE","crosswalk","species",337
"magp_tree_meas","species","TAXU.CAN","crosswalk","species",338
"magp_tree_meas","species","TAXU.SPP","crosswalk","species",339
"magp_tree_meas","species","THUJ.OCC","crosswalk","species",340
"magp_tree_meas","species","THUJ.PLI","crosswalk","species",342
"magp_tree_meas","species","THUJ.SPP","crosswalk","species",343
"magp_tree_meas","species","TILI.AME","crosswalk","species",344
"magp_tree_meas","species","TILI.COR","crosswalk","species",345
"magp_tree_meas","species","TILI.PLA","crosswalk","species",346
"magp_tree_meas","species","TILI.SPP","crosswalk","species",347
"magp_tree_meas","species","TOXI.VER","crosswalk","species",348
"magp_tree_meas","species","TSUG.CAN","crosswalk","species",349
"magp_tree_meas","species","TSUG.HET","crosswalk","species",350
"magp_tree_meas","species","TSUG.MER","crosswalk","species",351
"magp_tree_meas","species","TSUG.MER.HET","crosswalk","species",352
"magp_tree_meas","species","TSUG.SPP","crosswalk","species",353
"magp_tree_meas","species","ULMU.AME","crosswalk","species",354
"magp_tree_meas","species","ULMU.PUM","crosswalk","species",355
"magp_tree_meas","species","ULMU.RUB","crosswalk","species",356
"magp_tree_meas","species","ULMU.SPP","crosswalk","species",357
"magp_tree_meas","species","ULMU.THO","crosswalk","species",358
"magp_tree_meas","species","VIBU.CAS","crosswalk","species",359
"magp_tree_meas","species","VIBU.EDU","crosswalk","species",360
"magp_tree_meas","species","VIBU.LAN","crosswalk","species",361
"magp_tree_meas","species","VIBU.LEN","crosswalk","species",362
"magp_tree_meas","species","VIBU.OPU","crosswalk","species",363
"magp_tree_meas","species","VIBU.RAF","crosswalk","species",364
"magp_tree_meas","species","VIBU.SPP","crosswalk","species",365
"magp_tree_meas","species","VIBU.TRI","crosswalk","species",366
"magp_tree_meas","species","VITI.RIP","crosswalk","species",367
"magp_tree_meas","species","ZANT.AME","crosswalk","species",368
"magp_tree_meas","species","GENC.SPP","crosswalk","species",371
"magp_tree_meas","species","GENH.SPP","crosswalk","species",373
"magp_tree_meas","species","BETU.PLA.JAP","crosswalk","species",376
"magp_tree_meas","species","PSEU.SPP","crosswalk","species",377
"magp_tree_meas","species","PICE.SPP.X","crosswalk","species",378
"magp_tree_meas","species","RIBE.GLA","crosswalk","species",379
"magp_tree_meas","species","RIBE.LAC","crosswalk","species",380
"magp_tree_meas","species","RIBE.TRI","crosswalk","species",381
"magp_tree_meas","species","RUBU.SPP","crosswalk","species",383
"magp_tree_meas","species","RUBU.ODO","crosswalk","species",384
"magp_tree_meas","species","LONI.SPP","crosswalk","species",386
"magp_tree_meas","species","MYRI.GAL","crosswalk","species",387
"magp_tree_meas","species","COMP.PER","crosswalk","species",388
"magp_tree_meas","species","SPIR.TOM","crosswalk","species",389
"magp_tree_meas","species","SPIR.LAT","crosswalk","species",390
"magp_tree_meas","species","KALM.ANG","crosswalk","species",391
"magp_tree_meas","species","VACC.SPP","crosswalk","species",392
"magp_tree_meas","species","CHAM.CAL","crosswalk","species",393
"magp_tree_meas","species","KALM.POL","crosswalk","species",394
"magp_tree_meas","species","ANDR.GLA","crosswalk","species",397
"magp_tree_meas","species","RHOD.CAN","crosswalk","species",398
"magp_tree_meas","species","ROSA.SPP","crosswalk","species",399
"magp_tree_meas","species","TOXI.RAD","crosswalk","species",400
"magp_tree_meas","species","VIBU.ACE","crosswalk","species",401
"magp_tree_meas","species","PART.QUI","crosswalk","species",402
"magp_tree_meas","species","EMPE.NIG","crosswalk","species",403
"magp_tree_meas","species","CLEM.OCC","crosswalk","species",404
"magp_tree_meas","species","CELA.SCA","crosswalk","species",405
"magp_tree_meas","species","SPIR.SPP","crosswalk","species",408
"magp_tree_meas","ht_sampling_meth","CE","sheet","ht_sampling_meth",2
"magp_tree_meas","ht_sampling_meth","VR","sheet","ht_sampling_meth",3
"magp_tree_meas","ht_sampling_meth","SY","sheet","ht_sampling_meth",4
"magp_tree_meas","ht_sampling_meth","RA","sheet","ht_sampling_meth",5
"magp_tree_meas","ht_sampling_meth","UH","sheet","ht_sampling_meth",6
"magp_tree_meas","ht_sampling_meth","UD","sheet","ht_sampling_meth",7
"magp_tree_meas","ht_sampling_meth","SJ","sheet","ht_sampling_meth",8
"magp_tree_meas","ht_sampling_meth","SI","sheet","ht_sampling_meth",9
"magp_tree_meas","ht_sampling_meth","X","sheet","ht_sampling_meth",10
"magp_tree_meas","ht_sampling_meth","Z","sheet","ht_sampling_meth",11
"magp_tree_meas","meas_est_height","M","sheet","meas_est_height",2
"magp_tree_meas","meas_est_height","C","sheet","meas_est_height",3
"magp_tree_meas","meas_est_height","E","sheet","meas_est_height",4
"magp_tree_meas","meas_est_height","X","sheet","meas_est_height",5
"magp_tree_meas","meas_est_height","Z","sheet","meas_est_height",6
"magp_tree_meas","meas_est_height","P","sheet","meas_est_height",7
"magp_tree_meas","meas_est_dbh","M","sheet","meas_est_dbh",2
"magp_tree_meas","meas_est_dbh","E","sheet","meas_est_dbh",3
"magp_tree_meas","meas_est_dbh","X","sheet","meas_est_dbh",4
"magp_tree_meas","meas_est_dbh","Z","sheet","meas_est_dbh",5
"magp_tree_meas","lcr_meas_meth","G","sheet","lcr_meas_meth",2
"magp_tree_meas","lcr_meas_meth","C","sheet","lcr_meas_meth",3
"magp_tree_meas","lcr_meas_meth","X","sheet","lcr_meas_meth",4
"magp_tree_meas","lcr_meas_meth","Z","sheet","lcr_meas_meth",5
"magp_tree_meas","hlc_meas_meth","HLC","sheet","hlc_meas_meth",2
"magp_tree_meas","hlc_meas_meth","TCH","sheet","hlc_meas_meth",3
"magp_tree_meas","hlc_meas_meth","HLB","sheet","hlc_meas_meth",4
"magp_tree_meas","hlc_meas_meth","HLF","sheet","hlc_meas_meth",5
"magp_tree_meas","hlc_meas_meth","X","sheet","hlc_meas_meth",6
"magp_tree_meas","hlc_meas_meth","Z","sheet","hlc_meas_meth",7
"magp_tree_meas","cw_meas_meth","G","sheet","cw_meas_meth",2
"magp_tree_meas","cw_meas_meth","C","sheet","cw_meas_meth",3
"magp_tree_meas","cw_meas_meth","D","sheet","cw_meas_meth",4
"magp_tree_meas","cw_meas_meth","X","sheet","cw_meas_meth",5
"magp_tree_meas","cw_meas_meth","Z","sheet","cw_meas_meth",6
"magp_tree_cond","deformity_type","MD","sheet","deformity_type",2
"magp_tree_cond","deformity_type","BT","sheet","deformity_type",3
"magp_tree_cond","deformity_type","VF","sheet","deformity_type",4
"magp_tree_cond","deformity_type","FV","sheet","deformity_type",5
"magp_tree_cond","deformity_type","LE","sheet","deformity_type",6
"magp_tree_cond","deformity_type","HO","sheet","deformity_type",7
"magp_tree_cond","deformity_type","DG","sheet","deformity_type",8
"magp_tree_cond","deformity_type","FT","sheet","deformity_type",9
"magp_tree_cond","deformity_type","CL","sheet","deformity_type",10
"magp_tree_cond","deformity_type","SG","sheet","deformity_type",11
"magp_tree_cond","deformity_type","SI","sheet","deformity_type",12
"magp_tree_cond","deformity_type","ML","sheet","deformity_type",13
"magp_tree_cond","deformity_type","CI","sheet","deformity_type",14
"magp_tree_cond","deformity_type","EB","sheet","deformity_type",15
"magp_tree_cond","deformity_type","UF","sheet","deformity_type",16
"magp_tree_cond","deformity_type","FU","sheet","deformity_type",17
"magp_tree_cond","deformity_type","RC","sheet","deformity_type",18
"magp_tree_cond","deformity_type","BN","sheet","deformity_type",19
"magp_tree_cond","deformity_type","DB","sheet","deformity_type",20
"magp_tree_cond","deformity_type","SC","sheet","deformity_type",21
"magp_tree_cond","deformity_type","RI","sheet","deformity_type",22
"magp_tree_cond","deformity_type","AS","sheet","deformity_type",23
"magp_tree_cond","deformity_type","DT","sheet","deformity_type",24
"magp_tree_cond","deformity_type","DN","sheet","deformity_type",25
"magp_tree_cond","deformity_type","DP","sheet","deformity_type",26
"magp_tree_cond","deformity_type","BS","sheet","deformity_type",27
"magp_tree_cond","deformity_type","WD","sheet","deformity_type",28
"magp_tree_cond","deformity_type","FS","sheet","deformity_type",29
"magp_tree_cond","deformity_type","X","sheet","deformity_type",30
"magp_tree_cond","damage_agent","A","crosswalk","condition",2
"magp_tree_cond","damage_agent","AM","crosswalk","condition",3
"magp_tree_cond","damage_agent","AMB","crosswalk","condition",4
"magp_tree_cond","damage_agent","AMC","crosswalk","condition",5
"magp_tree_cond","damage_agent","AMD","crosswalk","condition",6
"magp_tree_cond","damage_agent","AME","crosswalk","condition",7
"magp_tree_cond","damage_agent","AMH","crosswalk","condition",8
"magp_tree_cond","damage_agent","AMM","crosswalk","condition",9
"magp_tree_cond","damage_agent","AMO","crosswalk","condition",10
"magp_tree_cond","damage_agent","AMP","crosswalk","condition",11
"magp_tree_cond","damage_agent","AMS","crosswalk","condition",12
"magp_tree_cond","damage_agent","AMV","crosswalk","condition",13
"magp_tree_cond","damage_agent","AMZ","crosswalk","condition",14
"magp_tree_cond","damage_agent","AX","crosswalk","condition",15
"magp_tree_cond","damage_agent","AXS","crosswalk","condition",16
"magp_tree_cond","damage_agent","AXH","crosswalk","condition",17
"magp_tree_cond","damage_agent","D","crosswalk","condition",18
"magp_tree_cond","damage_agent","DB","crosswalk","condition",19
"magp_tree_cond","damage_agent","DBF","crosswalk","condition",20
"magp_tree_cond","damage_agent","DBS","crosswalk","condition",21
"magp_tree_cond","damage_agent","DD","crosswalk","condition",22
"magp_tree_cond","damage_agent","DDA","crosswalk","condition",25
"magp_tree_cond","damage_agent","DDB","crosswalk","condition",26
"magp_tree_cond","damage_agent","DDC","crosswalk","condition",27
"magp_tree_cond","damage_agent","DDD","crosswalk","condition",28
"magp_tree_cond","damage_agent","DDE","crosswalk","condition",29
"magp_tree_cond","damage_agent","DDF","crosswalk","condition",30
"magp_tree_cond","damage_agent","DDU","crosswalk","condition",31
"magp_tree_cond","damage_agent","DDG","crosswalk","condition",32
"magp_tree_cond","damage_agent","DDH","crosswalk","condition",33
"magp_tree_cond","damage_agent","DDI","crosswalk","condition",34
"magp_tree_cond","damage_agent","DDJ","crosswalk","condition",35
"magp_tree_cond","damage_agent","DDT","crosswalk","condition",36
"magp_tree_cond","damage_agent","DDO","crosswalk","condition",37
"magp_tree_cond","damage_agent","DDP","crosswalk","condition",38
"magp_tree_cond","damage_agent","DDQ","crosswalk","condition",39
"magp_tree_cond","damage_agent","DDR","crosswalk","condition",40
"magp_tree_cond","damage_agent","DDS","crosswalk","condition",41
"magp_tree_cond","damage_agent","DDK","crosswalk","condition",42
"magp_tree_cond","damage_agent","DDL","crosswalk","condition",43
"magp_tree_cond","damage_agent","DDM","crosswalk","condition",44
"magp_tree_cond","damage_agent","DDN","crosswalk","condition",45
"magp_tree_cond","damage_agent","DDV","crosswalk","condition",46
"magp_tree_cond","damage_agent","DDW","crosswalk","condition",47
"magp_tree_cond","damage_agent","DDX","crosswalk","condition",48
"magp_tree_cond","damage_agent","DDY","crosswalk","condition",49
"magp_tree_cond","damage_agent","DDZ","crosswalk","condition",50
"magp_tree_cond","damage_agent","DD1","crosswalk","condition",51
"magp_tree_cond","damage_agent","DD2","crosswalk","condition",52
"magp_tree_cond","damage_agent","DD3","crosswalk","condition",53
"magp_tree_cond","damage_agent","DD4","crosswalk","condition",54
"magp_tree_cond","damage_agent","DD5","crosswalk","condition",55
"magp_tree_cond","damage_agent","DF","crosswalk","condition",56
"magp_tree_cond","damage_agent","DFA","crosswalk","condition",57
"magp_tree_cond","damage_agent","DFB","crosswalk","condition",58
"magp_tree_cond","damage_agent","DFC","crosswalk","condition",59
"magp_tree_cond","damage_agent","DFD","crosswalk","condition",60
"magp_tree_cond","damage_agent","DFE","crosswalk","condition",61
"magp_tree_cond","damage_agent","DFF","crosswalk","condition",62
"magp_tree_cond","damage_agent","DFG","crosswalk","condition",63
"magp_tree_cond","damage_agent","DFH","crosswalk","condition",64
"magp_tree_cond","damage_agent","DFI","crosswalk","condition",65
"magp_tree_cond","damage_agent","DFJ","crosswalk","condition",66
"magp_tree_cond","damage_agent","DFK","crosswalk","condition",67
"magp_tree_cond","damage_agent","DFL","crosswalk","condition",68
"magp_tree_cond","damage_agent","DFM","crosswalk","condition",69
"magp_tree_cond","damage_agent","DFN","crosswalk","condition",70
"magp_tree_cond","damage_agent","DFO","crosswalk","condition",71
"magp_tree_cond","damage_agent","DFP","crosswalk","condition",72
"magp_tree_cond","damage_agent","DFQ","crosswalk","condition",73
"magp_tree_cond","damage_agent","DFR","crosswalk","condition",74
"magp_tree_cond","damage_agent","DFS","crosswalk","condition",75
"magp_tree_cond","damage_agent","DFT","crosswalk","condition",76
"magp_tree_cond","damage_agent","DFU","crosswalk","condition",77
"magp_tree_cond","damage_agent","DFW","crosswalk","condition",78
"magp_tree_cond","damage_agent","DFX","crosswalk","condition",79
"magp_tree_cond","damage_agent","DFY","crosswalk","condition",80
"magp_tree_cond","damage_agent","DFZ","crosswalk","condition",81
"magp_tree_cond","damage_agent","DF1","crosswalk","condition",82
"magp_tree_cond","damage_agent","DF2","crosswalk","condition",83
"magp_tree_cond","damage_agent","DF3","crosswalk","condition",84
"magp_tree_cond","damage_agent","DF4","crosswalk","condition",85
"magp_tree_cond","damage_agent","DF5","crosswalk","condition",86
"magp_tree_cond","damage_agent","DF6","crosswalk","condition",87
"magp_tree_cond","damage_agent","DL","crosswalk","condition",88
"magp_tree_cond","damage_agent","DLM","crosswalk","condition",89
"magp_tree_cond","damage_agent","DLB","crosswalk","condition",90
"magp_tree_cond","damage_agent","DLA","crosswalk","condition",91
"magp_tree_cond","damage_agent","DLD","crosswalk","condition",92
"magp_tree_cond","damage_agent","DLF","crosswalk","condition",93
"magp_tree_cond","damage_agent","DLK","crosswalk","condition",94
"magp_tree_cond","damage_agent","DLP","crosswalk","condition",95
"magp_tree_cond","damage_agent","DLS","crosswalk","condition",96
"magp_tree_cond","damage_agent","DLV","crosswalk","condition",97
"magp_tree_cond","damage_agent","DM","crosswalk","condition",98
"magp_tree_cond","damage_agent","DMF","crosswalk","condition",99
"magp_tree_cond","damage_agent","DMH","crosswalk","condition",100
"magp_tree_cond","damage_agent","DML","crosswalk","condition",101
"magp_tree_cond","damage_agent","DMP","crosswalk","condition",102
"magp_tree_cond","damage_agent","DR","crosswalk","condition",103
"magp_tree_cond","damage_agent","DRK","crosswalk","condition",104
"magp_tree_cond","damage_agent","DRA","crosswalk","condition",105
"magp_tree_cond","damage_agent","DRB","crosswalk","condition",106
"magp_tree_cond","damage_agent","DRC","crosswalk","condition",107
"magp_tree_cond","damage_agent","DRL","crosswalk","condition",108
"magp_tree_cond","damage_agent","DRN","crosswalk","condition",109
"magp_tree_cond","damage_agent","DRR","crosswalk","condition",110
"magp_tree_cond","damage_agent","DRS","crosswalk","condition",111
"magp_tree_cond","damage_agent","DRT","crosswalk","condition",112
"magp_tree_cond","damage_agent","DRD","crosswalk","condition",113
"magp_tree_cond","damage_agent","DRE","crosswalk","condition",114
"magp_tree_cond","damage_agent","DRF","crosswalk","condition",115
"magp_tree_cond","damage_agent","DRG","crosswalk","condition",116
"magp_tree_cond","damage_agent","DRU","crosswalk","condition",117
"magp_tree_cond","damage_agent","DS","crosswalk","condition",118
"magp_tree_cond","damage_agent","DSU","crosswalk","condition",119
"magp_tree_cond","damage_agent","DSK","crosswalk","condition",120
"magp_tree_cond","damage_agent","DSKT","crosswalk","condition",121
"magp_tree_cond","damage_agent","DSKT1","crosswalk","condition",122
"magp_tree_cond","damage_agent","DSKT2","crosswalk","condition",123
"magp_tree_cond","damage_agent","DSKT5","crosswalk","condition",124
"magp_tree_cond","damage_agent","DSKT3","crosswalk","condition",125
"magp_tree_cond","damage_agent","DSKT4","crosswalk","condition",126
"magp_tree_cond","damage_agent","DSKR1","crosswalk","condition",127
"magp_tree_cond","damage_agent","DSKR2","crosswalk","condition",128
"magp_tree_cond","damage_agent","DSA","crosswalk","condition",129
"magp_tree_cond","damage_agent","DSB","crosswalk","condition",130
"magp_tree_cond","damage_agent","DSC","crosswalk","condition",131
"magp_tree_cond","damage_agent","DSE","crosswalk","condition",132
"magp_tree_cond","damage_agent","DSG","crosswalk","condition",133
"magp_tree_cond","damage_agent","DSH","crosswalk","condition",134
"magp_tree_cond","damage_agent","DSP","crosswalk","condition",135
"magp_tree_cond","damage_agent","DSR","crosswalk","condition",136
"magp_tree_cond","damage_agent","DSS","crosswalk","condition",137
"magp_tree_cond","damage_agent","DST","crosswalk","condition",138
"magp_tree_cond","damage_agent","DSY","crosswalk","condition",139
"magp_tree_cond","damage_agent","DSD","crosswalk","condition",140
"magp_tree_cond","damage_agent","DSF","crosswalk","condition",141
"magp_tree_cond","damage_agent","DSI","crosswalk","condition",142
"magp_tree_cond","damage_agent","DSJ","crosswalk","condition",143
"magp_tree_cond","damage_agent","DS2","crosswalk","condition",144
"magp_tree_cond","damage_agent","DSL","crosswalk","condition",145
"magp_tree_cond","damage_agent","DSM","crosswalk","condition",146
"magp_tree_cond","damage_agent","DSN","crosswalk","condition",147
"magp_tree_cond","damage_agent","DSO","crosswalk","condition",148
"magp_tree_cond","damage_agent","DSQ","crosswalk","condition",149
"magp_tree_cond","damage_agent","DS1","crosswalk","condition",150
"magp_tree_cond","damage_agent","DSV","crosswalk","condition",151
"magp_tree_cond","damage_agent","DSW","crosswalk","condition",152
"magp_tree_cond","damage_agent","DSX","crosswalk","condition",153
"magp_tree_cond","damage_agent","DSZ","crosswalk","condition",154
"magp_tree_cond","damage_agent","DS8","crosswalk","condition",155
"magp_tree_cond","damage_agent","DS9","crosswalk","condition",156
"magp_tree_cond","damage_agent","DS3","crosswalk","condition",157
"magp_tree_cond","damage_agent","DS4","crosswalk","condition",158
"magp_tree_cond","damage_agent","DS5","crosswalk","condition",159
"magp_tree_cond","damage_agent","DS6","crosswalk","condition",160
"magp_tree_cond","damage_agent","DS7","crosswalk","condition",161
"magp_tree_cond","damage_agent","DP","crosswalk","condition",162
"magp_tree_cond","damage_agent","DPA","crosswalk","condition",163
"magp_tree_cond","damage_agent","DPBC","crosswalk","condition",164
"magp_tree_cond","damage_agent","DPCD","crosswalk","condition",165
"magp_tree_cond","damage_agent","DPCF","crosswalk","condition",166
"magp_tree_cond","damage_agent","DPCP","crosswalk","condition",167
"magp_tree_cond","damage_agent","DPF","crosswalk","condition",168
"magp_tree_cond","damage_agent","DPPG","crosswalk","condition",169
"magp_tree_cond","damage_agent","DPP","crosswalk","condition",170
"magp_tree_cond","damage_agent","DPT","crosswalk","condition",171
"magp_tree_cond","damage_agent","I","crosswalk","condition",172
"magp_tree_cond","damage_agent","IA","crosswalk","condition",173
"magp_tree_cond","damage_agent","IAB","crosswalk","condition",174
"magp_tree_cond","damage_agent","IAC","crosswalk","condition",175
"magp_tree_cond","damage_agent","IAG","crosswalk","condition",176
"magp_tree_cond","damage_agent","IAL","crosswalk","condition",177
"magp_tree_cond","damage_agent","IAS","crosswalk","condition",178
"magp_tree_cond","damage_agent","IAP","crosswalk","condition",179
"magp_tree_cond","damage_agent","IAE","crosswalk","condition",180
"magp_tree_cond","damage_agent","IB","crosswalk","condition",181
"magp_tree_cond","damage_agent","IBB","crosswalk","condition",182
"magp_tree_cond","damage_agent","IBD","crosswalk","condition",183
"magp_tree_cond","damage_agent","IBE","crosswalk","condition",184
"magp_tree_cond","damage_agent","IBF","crosswalk","condition",185
"magp_tree_cond","damage_agent","IBH","crosswalk","condition",186
"magp_tree_cond","damage_agent","IBI","crosswalk","condition",187
"magp_tree_cond","damage_agent","IBL","crosswalk","condition",188
"magp_tree_cond","damage_agent","IBM","crosswalk","condition",189
"magp_tree_cond","damage_agent","IBP","crosswalk","condition",190
"magp_tree_cond","damage_agent","IBR","crosswalk","condition",191
"magp_tree_cond","damage_agent","IBS","crosswalk","condition",192
"magp_tree_cond","damage_agent","IBT","crosswalk","condition",193
"magp_tree_cond","damage_agent","IBW","crosswalk","condition",194
"magp_tree_cond","damage_agent","IBA","crosswalk","condition",195
"magp_tree_cond","damage_agent","IBAR","crosswalk","condition",196
"magp_tree_cond","damage_agent","IBAR1","crosswalk","condition",197
"magp_tree_cond","damage_agent","IBAO1","crosswalk","condition",198
"magp_tree_cond","damage_agent","IBAO2","crosswalk","condition",199
"magp_tree_cond","damage_agent","IBAO","crosswalk","condition",200
"magp_tree_cond","damage_agent","IBX","crosswalk","condition",201
"magp_tree_cond","damage_agent","IB1","crosswalk","condition",202
"magp_tree_cond","damage_agent","IB2","crosswalk","condition",203
"magp_tree_cond","damage_agent","IB3","crosswalk","condition",204
"magp_tree_cond","damage_agent","IB4","crosswalk","condition",205
"magp_tree_cond","damage_agent","ID","crosswalk","condition",206
"magp_tree_cond","damage_agent","ID1","crosswalk","condition",207
"magp_tree_cond","damage_agent","ID2","crosswalk","condition",208
"magp_tree_cond","damage_agent","ID3","crosswalk","condition",209
"magp_tree_cond","damage_agent","ID5","crosswalk","condition",210
"magp_tree_cond","damage_agent","ID6","crosswalk","condition",211
"magp_tree_cond","damage_agent","ID8","crosswalk","condition",212
"magp_tree_cond","damage_agent","ID4","crosswalk","condition",213
"magp_tree_cond","damage_agent","ID9","crosswalk","condition",214
"magp_tree_cond","damage_agent","IDA","crosswalk","condition",215
"magp_tree_cond","damage_agent","IDB","crosswalk","condition",216
"magp_tree_cond","damage_agent","IDP","crosswalk","condition",217
"magp_tree_cond","damage_agent","IDC","crosswalk","condition",218
"magp_tree_cond","damage_agent","IDD","crosswalk","condition",219
"magp_tree_cond","damage_agent","IDE","crosswalk","condition",220
"magp_tree_cond","damage_agent","IDS","crosswalk","condition",224
"magp_tree_cond","damage_agent","IDF2","crosswalk","condition",225
"magp_tree_cond","damage_agent","IDF1","crosswalk","condition",226
"magp_tree_cond","damage_agent","IDG","crosswalk","condition",230
"magp_tree_cond","damage_agent","IDH","crosswalk","condition",231
"magp_tree_cond","damage_agent","IDI","crosswalk","condition",232
"magp_tree_cond","damage_agent","IDJ","crosswalk","condition",233
"magp_tree_cond","damage_agent","IDF3","crosswalk","condition",234
"magp_tree_cond","damage_agent","IDLW","crosswalk","condition",235
"magp_tree_cond","damage_agent","IDLE","crosswalk","condition",236
"magp_tree_cond","damage_agent","IDM","crosswalk","condition",237
"magp_tree_cond","damage_agent","IDN","crosswalk","condition",241
"magp_tree_cond","damage_agent","IDO","crosswalk","condition",242
"magp_tree_cond","damage_agent","IDQ","crosswalk","condition",243
"magp_tree_cond","damage_agent","ID7","crosswalk","condition",244
"magp_tree_cond","damage_agent","IDT","crosswalk","condition",245
"magp_tree_cond","damage_agent","IDU","crosswalk","condition",246
"magp_tree_cond","damage_agent","IDV","crosswalk","condition",247
"magp_tree_cond","damage_agent","IDW","crosswalk","condition",248
"magp_tree_cond","damage_agent","IDX","crosswalk","condition",249
"magp_tree_cond","damage_agent","IDY","crosswalk","condition",250
"magp_tree_cond","damage_agent","IDZ","crosswalk","condition",251
"magp_tree_cond","damage_agent","IEA","crosswalk","condition",252
"magp_tree_cond","damage_agent","IEC","crosswalk","condition",253
"magp_tree_cond","damage_agent","IED","crosswalk","condition",254
"magp_tree_cond","damage_agent","IEF","crosswalk","condition",255
"magp_tree_cond","damage_agent","IEN","crosswalk","condition",256
"magp_tree_cond","damage_agent","IENB","crosswalk","condition",260
"magp_tree_cond","damage_agent","IENG","crosswalk","condition",261
"magp_tree_cond","damage_agent","IENE","crosswalk","condition",262
"magp_tree_cond","damage_agent","IENR","crosswalk","condition",263
"magp_tree_cond","damage_agent","IENS","crosswalk","condition",264
"magp_tree_cond","damage_agent","IENP","crosswalk","condition",265
"magp_tree_cond","damage_agent","IEN9","crosswalk","condition",266
"magp_tree_cond","damage_agent","IEN4","crosswalk","condition",267
"magp_tree_cond","damage_agent","IEN7","crosswalk","condition",268
"magp_tree_cond","damage_agent","IEN8","crosswalk","condition",269
"magp_tree_cond","damage_agent","IEN6","crosswalk","condition",270
"magp_tree_cond","damage_agent","IENU","crosswalk","condition",271
"magp_tree_cond","damage_agent","IENM","crosswalk","condition",272
"magp_tree_cond","damage_agent","IEH","crosswalk","condition",273
"magp_tree_cond","damage_agent","IEI","crosswalk","condition",274
"magp_tree_cond","damage_agent","IEJ","crosswalk","condition",275
"magp_tree_cond","damage_agent","IEK","crosswalk","condition",276
"magp_tree_cond","damage_agent","IET","crosswalk","condition",277
"magp_tree_cond","damage_agent","IEL","crosswalk","condition",278
"magp_tree_cond","damage_agent","IEM","crosswalk","condition",279
"magp_tree_cond","damage_agent","IEO","crosswalk","condition",283
"magp_tree_cond","damage_agent","IEP","crosswalk","condition",287
"magp_tree_cond","damage_agent","IEY","crosswalk","condition",288
"magp_tree_cond","damage_agent","IER","crosswalk","condition",289
"magp_tree_cond","damage_agent","IEV","crosswalk","condition",290
"magp_tree_cond","damage_agent","IEU","crosswalk","condition",291
"magp_tree_cond","damage_agent","IES","crosswalk","condition",292
"magp_tree_cond","damage_agent","IEE","crosswalk","condition",293
"magp_tree_cond","damage_agent","IEW","crosswalk","condition",294
"magp_tree_cond","damage_agent","IEQ","crosswalk","condition",295
"magp_tree_cond","damage_agent","IEX","crosswalk","condition",296
"magp_tree_cond","damage_agent","IEB","crosswalk","condition",297
"magp_tree_cond","damage_agent","IS","crosswalk","condition",298
"magp_tree_cond","damage_agent","ISA","crosswalk","condition",299
"magp_tree_cond","damage_agent","ISB","crosswalk","condition",300
"magp_tree_cond","damage_agent","ISC","crosswalk","condition",301
"magp_tree_cond","damage_agent","ISE","crosswalk","condition",302
"magp_tree_cond","damage_agent","ISG","crosswalk","condition",303
"magp_tree_cond","damage_agent","ISP","crosswalk","condition",304
"magp_tree_cond","damage_agent","ISQ","crosswalk","condition",305
"magp_tree_cond","damage_agent","ISS","crosswalk","condition",306
"magp_tree_cond","damage_agent","ISN","crosswalk","condition",307
"magp_tree_cond","damage_agent","ISW","crosswalk","condition",308
"magp_tree_cond","damage_agent","ISM","crosswalk","condition",309
"magp_tree_cond","damage_agent","ISL","crosswalk","condition",310
"magp_tree_cond","damage_agent","ISK","crosswalk","condition",311
"magp_tree_cond","damage_agent","ISI","crosswalk","condition",312
"magp_tree_cond","damage_agent","ISZ","crosswalk","condition",313
"magp_tree_cond","damage_agent","IST","crosswalk","condition",314
"magp_tree_cond","damage_agent","ISO","crosswalk","condition",315
"magp_tree_cond","damage_agent","ISR","crosswalk","condition",316
"magp_tree_cond","damage_agent","ISU","crosswalk","condition",317
"magp_tree_cond","damage_agent","ISUB","crosswalk","condition",318
"magp_tree_cond","damage_agent","ISH","crosswalk","condition",319
"magp_tree_cond","damage_agent","IW","crosswalk","condition",320
"magp_tree_cond","damage_agent","IWT","crosswalk","condition",321
"magp_tree_cond","damage_agent","IWR","crosswalk","condition",322
"magp_tree_cond","damage_agent","IWRC","crosswalk","condition",323
"magp_tree_cond","damage_agent","IWRW","crosswalk","condition",324
"magp_tree_cond","damage_agent","IWRP","crosswalk","condition",325
"magp_tree_cond","damage_agent","IWRN","crosswalk","condition",326
"magp_tree_cond","damage_agent","IWRR","crosswalk","condition",327
"magp_tree_cond","damage_agent","IWTM","crosswalk","condition",328
"magp_tree_cond","damage_agent","IWTP","crosswalk","condition",329
"magp_tree_cond","damage_agent","IWTS","crosswalk","condition",330
"magp_tree_cond","damage_agent","IWTY","crosswalk","condition",331
"magp_tree_cond","damage_agent","IWTZ","crosswalk","condition",332
"magp_tree_cond","damage_agent","IC","crosswalk","condition",333
"magp_tree_cond","damage_agent","ICAH","crosswalk","condition",334
"magp_tree_cond","damage_agent","ICBC","crosswalk","condition",335
"magp_tree_cond","damage_agent","ICB","crosswalk","condition",336
"magp_tree_cond","damage_agent","ICCP","crosswalk","condition",337
"magp_tree_cond","damage_agent","ICDC","crosswalk","condition",338
"magp_tree_cond","damage_agent","ICDD","crosswalk","condition",339
"magp_tree_cond","damage_agent","ICDR","crosswalk","condition",340
"magp_tree_cond","damage_agent","ICD","crosswalk","condition",341
"magp_tree_cond","damage_agent","ICEA","crosswalk","condition",342
"magp_tree_cond","damage_agent","ICEB","crosswalk","condition",343
"magp_tree_cond","damage_agent","ICEQ","crosswalk","condition",344
"magp_tree_cond","damage_agent","ICE","crosswalk","condition",345
"magp_tree_cond","damage_agent","ICFP","crosswalk","condition",346
"magp_tree_cond","damage_agent","ICH","crosswalk","condition",347
"magp_tree_cond","damage_agent","ICIA","crosswalk","condition",348
"magp_tree_cond","damage_agent","ICIP","crosswalk","condition",349
"magp_tree_cond","damage_agent","ICIR","crosswalk","condition",350
"magp_tree_cond","damage_agent","ICIS","crosswalk","condition",351
"magp_tree_cond","damage_agent","ICIV","crosswalk","condition",352
"magp_tree_cond","damage_agent","ICI","crosswalk","condition",353
"magp_tree_cond","damage_agent","ICLO","crosswalk","condition",354
"magp_tree_cond","damage_agent","ICMA","crosswalk","condition",355
"magp_tree_cond","damage_agent","ICMC","crosswalk","condition",356
"magp_tree_cond","damage_agent","ICML","crosswalk","condition",357
"magp_tree_cond","damage_agent","ICMP","crosswalk","condition",358
"magp_tree_cond","damage_agent","ICMR","crosswalk","condition",359
"magp_tree_cond","damage_agent","ICMS","crosswalk","condition",360
"magp_tree_cond","damage_agent","ICMT","crosswalk","condition",361
"magp_tree_cond","damage_agent","ICM","crosswalk","condition",362
"magp_tree_cond","damage_agent","ICNP","crosswalk","condition",363
"magp_tree_cond","damage_agent","ICPS","crosswalk","condition",364
"magp_tree_cond","damage_agent","ICR","crosswalk","condition",365
"magp_tree_cond","damage_agent","ICSN","crosswalk","condition",366
"magp_tree_cond","damage_agent","ICTO","crosswalk","condition",367
"magp_tree_cond","damage_agent","ICTW","crosswalk","condition",368
"magp_tree_cond","damage_agent","ICVP","crosswalk","condition",369
"magp_tree_cond","damage_agent","ICVR","crosswalk","condition",370
"magp_tree_cond","damage_agent","ICYC","crosswalk","condition",371
"magp_tree_cond","damage_agent","ICYP","crosswalk","condition",372
"magp_tree_cond","damage_agent","ICYS","crosswalk","condition",373
"magp_tree_cond","damage_agent","ICYT","crosswalk","condition",374
"magp_tree_cond","damage_agent","ICY","crosswalk","condition",375
"magp_tree_cond","damage_agent","IG","crosswalk","condition",376
"magp_tree_cond","damage_agent","IP","crosswalk","condition",377
"magp_tree_cond","damage_agent","DI","crosswalk","condition",378
"magp_tree_cond","damage_agent","M","crosswalk","condition",379
"magp_tree_cond","damage_agent","M2","crosswalk","condition",380
"magp_tree_cond","damage_agent","MM","crosswalk","condition",381
"magp_tree_cond","damage_agent","N","crosswalk","condition",382
"magp_tree_cond","damage_agent","NKD","crosswalk","condition",383
"magp_tree_cond","damage_agent","NKC","crosswalk","condition",384
"magp_tree_cond","damage_agent","NA","crosswalk","condition",385
"magp_tree_cond","damage_agent","NB","crosswalk","condition",386
"magp_tree_cond","damage_agent","NBP","crosswalk","condition",387
"magp_tree_cond","damage_agent","NBA","crosswalk","condition",388
"magp_tree_cond","damage_agent","NBB","crosswalk","condition",389
"magp_tree_cond","damage_agent","NBF","crosswalk","condition",390
"magp_tree_cond","damage_agent","NBY","crosswalk","condition",391
"magp_tree_cond","damage_agent","ND","crosswalk","condition",392
"magp_tree_cond","damage_agent","NDC","crosswalk","condition",393
"magp_tree_cond","damage_agent","NE","crosswalk","condition",394
"magp_tree_cond","damage_agent","NF","crosswalk","condition",395
"magp_tree_cond","damage_agent","NG","crosswalk","condition",396
"magp_tree_cond","damage_agent","NGC","crosswalk","condition",397
"magp_tree_cond","damage_agent","NGC1","crosswalk","condition",398
"magp_tree_cond","damage_agent","NGC2","crosswalk","condition",399
"magp_tree_cond","damage_agent","NGC3","crosswalk","condition",400
"magp_tree_cond","damage_agent","NGH","crosswalk","condition",401
"magp_tree_cond","damage_agent","NGK","crosswalk","condition",402
"magp_tree_cond","damage_agent","NH","crosswalk","condition",403
"magp_tree_cond","damage_agent","NI","crosswalk","condition",404
"magp_tree_cond","damage_agent","NK","crosswalk","condition",405
"magp_tree_cond","damage_agent","NL","crosswalk","condition",406
"magp_tree_cond","damage_agent","NN","crosswalk","condition",407
"magp_tree_cond","damage_agent","NR","crosswalk","condition",408
"magp_tree_cond","damage_agent","NS","crosswalk","condition",409
"magp_tree_cond","damage_agent","NW","crosswalk","condition",410
"magp_tree_cond","damage_agent","NWS","crosswalk","condition",411
"magp_tree_cond","damage_agent","NWT","crosswalk","condition",412
"magp_tree_cond","damage_agent","NX","crosswalk","condition",413
"magp_tree_cond","damage_agent","NY","crosswalk","condition",414
"magp_tree_cond","damage_agent","NYI","crosswalk","condition",415
"magp_tree_cond","damage_agent","NYS","crosswalk","condition",416
"magp_tree_cond","damage_agent","NU","crosswalk","condition",417
"magp_tree_cond","damage_agent","NZ","crosswalk","condition",418
"magp_tree_cond","damage_agent","NP","crosswalk","condition",419
"magp_tree_cond","damage_agent","NV","crosswalk","condition",420
"magp_tree_cond","damage_agent","NOD","crosswalk","condition",421
"magp_tree_cond","damage_agent","NT","crosswalk","condition",422
"magp_tree_cond","damage_agent","T","crosswalk","condition",423
"magp_tree_cond","damage_agent","TC","crosswalk","condition",424
"magp_tree_cond","damage_agent","TL","crosswalk","condition",425
"magp_tree_cond","damage_agent","TP","crosswalk","condition",427
"magp_tree_cond","damage_agent","TPH","crosswalk","condition",428
"magp_tree_cond","damage_agent","TPM","crosswalk","condition",429
"magp_tree_cond","damage_agent","TM","crosswalk","condition",430
"magp_tree_cond","damage_agent","TR","crosswalk","condition",431
"magp_tree_cond","damage_agent","TRU","crosswalk","condition",432
"magp_tree_cond","damage_agent","TRC","crosswalk","condition",433
"magp_tree_cond","damage_agent","TRR","crosswalk","condition",434
"magp_tree_cond","damage_agent","TRT","crosswalk","condition",435
"magp_tree_cond","damage_agent","TW","crosswalk","condition",436
"magp_tree_cond","damage_agent","TT","crosswalk","condition",437
"magp_tree_cond","damage_agent","TA","crosswalk","condition",438
"magp_tree_cond","damage_agent","TO","crosswalk","condition",439
"magp_tree_cond","damage_agent","TS","crosswalk","condition",440
"magp_tree_cond","damage_agent","V","crosswalk","condition",441
"magp_tree_cond","damage_agent","VH","crosswalk","condition",442
"magp_tree_cond","damage_agent","VP","crosswalk","condition",443
"magp_tree_cond","damage_agent","VB","crosswalk","condition",444
"magp_tree_cond","damage_agent","VS","crosswalk","condition",445
"magp_tree_cond","damage_agent","VT","crosswalk","condition",446
"magp_tree_cond","damage_agent","VTT","crosswalk","condition",447
"magp_tree_cond","damage_agent","VTD","crosswalk","condition",448
"magp_tree_cond","damage_agent","VTB","crosswalk","condition",449
"magp_tree_cond","damage_agent","VTF","crosswalk","condition",450
"magp_tree_cond","damage_agent","VM","crosswalk","condition",451
"magp_tree_cond","damage_agent","U","crosswalk","condition",452
"magp_tree_cond","damage_agent","UF","crosswalk","condition",454
"magp_tree_cond","damage_agent","UFV","crosswalk","condition",455
"magp_tree_cond","damage_agent","UFVB","crosswalk","condition",456
"magp_tree_cond","damage_agent","UFU","crosswalk","condition",457
"magp_tree_cond","damage_agent","UFUB","crosswalk","condition",458
"magp_tree_cond","damage_agent","UFC","crosswalk","condition",459
"magp_tree_cond","damage_agent","UC","crosswalk","condition",460
"magp_tree_cond","damage_agent","UCR","crosswalk","condition",461
"magp_tree_cond","damage_agent","UCR1","crosswalk","condition",462
"magp_tree_cond","damage_agent","UCR2","crosswalk","condition",463
"magp_tree_cond","damage_agent","UCS","crosswalk","condition",464
"magp_tree_cond","damage_agent","UCA","crosswalk","condition",465
"magp_tree_cond","damage_agent","UCB","crosswalk","condition",466
"magp_tree_cond","damage_agent","UP","crosswalk","condition",467
"magp_tree_cond","damage_agent","UI","crosswalk","condition",468
"magp_tree_cond","damage_agent","UL","crosswalk","condition",469
"magp_tree_cond","damage_agent","UY","crosswalk","condition",470
"magp_tree_cond","damage_agent","UA","crosswalk","condition",471
"magp_tree_cond","damage_agent","UAB","crosswalk","condition",472
"magp_tree_cond","damage_agent","UAD","crosswalk","condition",473
"magp_tree_cond","damage_agent","UG","crosswalk","condition",474
"magp_tree_cond","damage_agent","UKC","crosswalk","condition",475
"magp_tree_cond","damage_agent","US","crosswalk","condition",476
"magp_tree_cond","damage_agent","USL","crosswalk","condition",477
"magp_tree_cond","damage_agent","USLR","crosswalk","condition",478
"magp_tree_cond","damage_agent","USD","crosswalk","condition",479
"magp_tree_cond","damage_agent","USDR","crosswalk","condition",480
"magp_tree_cond","damage_agent","USS","crosswalk","condition",481
"magp_tree_cond","damage_agent","USSR","crosswalk","condition",482
"magp_tree_cond","damage_agent","USV","crosswalk","condition",483
"magp_tree_cond","damage_agent","USVR","crosswalk","condition",484
"magp_tree_cond","damage_agent","USO","crosswalk","condition",485
"magp_tree_cond","damage_agent","USOR","crosswalk","condition",486
"magp_tree_cond","damage_agent","USOI","crosswalk","condition",487
"magp_tree_cond","damage_agent","USOS","crosswalk","condition",488
"magp_tree_cond","damage_agent","USO3","crosswalk","condition",489
"magp_tree_cond","damage_agent","USO2","crosswalk","condition",490
"magp_tree_cond","damage_agent","USO1","crosswalk","condition",491
"magp_tree_cond","damage_agent","UB","crosswalk","condition",492
"magp_tree_cond","damage_agent","UBG","crosswalk","condition",493
"magp_tree_cond","damage_agent","UBT","crosswalk","condition",494
"magp_tree_cond","damage_agent","UBTB","crosswalk","condition",495
"magp_tree_cond","damage_agent","UBTD","crosswalk","condition",496
"magp_tree_cond","damage_agent","UBC","crosswalk","condition",497
"magp_tree_cond","damage_agent","UBB","crosswalk","condition",498
"magp_tree_cond","damage_agent","UBBR","crosswalk","condition",499
"magp_tree_cond","damage_agent","UU","crosswalk","condition",500
"magp_tree_cond","damage_agent","UUG","crosswalk","condition",501
"magp_tree_cond","damage_agent","UN","crosswalk","condition",502
"magp_tree_cond","damage_agent","USF","crosswalk","condition",503
"magp_tree_cond","damage_agent","USB","crosswalk","condition",504
"magp_tree_cond","damage_agent","UW","crosswalk","condition",505
"magp_tree_cond","damage_agent","UWK","crosswalk","condition",506
"magp_tree_cond","damage_agent","UWD","crosswalk","condition",507
"magp_tree_cond","damage_agent","UWD1","crosswalk","condition",508
"magp_tree_cond","damage_agent","UWD2","crosswalk","condition",509
"magp_tree_cond","damage_agent","UWS","crosswalk","condition",510
"magp_tree_cond","damage_agent","UWR","crosswalk","condition",511
"magp_tree_cond","damage_agent","UWH","crosswalk","condition",512
"magp_tree_cond","damage_agent","UWH1","crosswalk","condition",513
"magp_tree_cond","damage_agent","UWH2","crosswalk","condition",514
"magp_tree_cond","damage_agent","UR","crosswalk","condition",515
"magp_tree_cond","damage_agent","URE","crosswalk","condition",516
"magp_tree_cond","damage_agent","URR","crosswalk","condition",517
"magp_tree_cond","damage_agent","URP","crosswalk","condition",518
"magp_tree_cond","damage_agent","URS","crosswalk","condition",519
"magp_tree_cond","damage_agent","UO","crosswalk","condition",520
"magp_tree_cond","damage_agent","UOM","crosswalk","condition",522
"magp_tree_cond","damage_agent","UOM1","crosswalk","condition",523
"magp_tree_cond","damage_agent","UOM2","crosswalk","condition",524
"magp_tree_cond","damage_agent","UOS","crosswalk","condition",525
"magp_tree_cond","damage_agent","UOS1","crosswalk","condition",526
"magp_tree_cond","damage_agent","UOS2D","crosswalk","condition",527
"magp_tree_cond","damage_agent","UOS2M","crosswalk","condition",528
"magp_tree_cond","damage_agent","UOS3D","crosswalk","condition",529
"magp_tree_cond","damage_agent","UOS3M","crosswalk","condition",530
"magp_tree_cond","damage_agent","UOS4","crosswalk","condition",531
"magp_tree_cond","damage_agent","UOL","crosswalk","condition",532
"magp_tree_cond","damage_agent","UOD","crosswalk","condition",533
"magp_tree_cond","damage_agent","UODD","crosswalk","condition",534
"magp_tree_cond","damage_agent","UOC","crosswalk","condition",535
"magp_tree_cond","damage_agent","UV","crosswalk","condition",536
"magp_tree_cond","damage_agent","UT","crosswalk","condition",537
"magp_tree_cond","damage_agent","UM","crosswalk","condition",538
"magp_tree_cond","damage_agent","UE","crosswalk","condition",539
"magp_tree_cond","damage_agent","O","crosswalk","condition",540
"magp_tree_cond","damage_agent","S","crosswalk","condition",541
"magp_tree_cond","severity","H","sheet","severity",2
"magp_tree_cond","severity","L","sheet","severity",3
"magp_tree_cond","severity","M","sheet","severity",4
"magp_tree_cond","severity","S","sheet","severity",5
"magp_tree_cond","severity","X","sheet","severity",6
"magp_tree_cond","severity","Z","sheet","severity",7
"magp_tree_cond","condition_location","BG","sheet","condition_location",2
"magp_tree_cond","condition_location","TL","sheet","condition_location",3
"magp_tree_cond","condition_location","TM","sheet","condition_location",4
"magp_tree_cond","condition_location","TU","sheet","condition_location",5
"magp_tree_cond","condition_location","LM","sheet","condition_location",6
"magp_tree_cond","condition_location","MU","sheet","condition_location",7
"magp_tree_cond","condition_location","LU","sheet","condition_location",8
"magp_tree_cond","condition_location","ET","sheet","condition_location",9
"magp_tree_cond","condition_location","X","sheet","condition_location",10
"magp_tree_cond","condition_location","Z","sheet","condition_location",11
"magp_tree_age","age_sample_type","CO","sheet","age_sample_type",2
"magp_tree_age","age_sample_type","DK","sheet","age_sample_type",3
"magp_tree_age","age_sample_type","WC","sheet","age_sample_type",4
"magp_tree_age","age_sample_type","CD","sheet","age_sample_type",5
"magp_tree_age","age_sample_type","CW","sheet","age_sample_type",6
"magp_tree_age","age_sample_type","X","sheet","age_sample_type",7
"magp_tree_age","age_sample_type","Z","sheet","age_sample_type",8
"magp_tree_age","ring_count_src","FC","sheet","ring_count_src",2
"magp_tree_age","ring_count_src","OC","sheet","ring_count_src",3
"magp_tree_age","ring_count_src","OV","sheet","ring_count_src",4
"magp_tree_age","ring_count_src","LC","sheet","ring_count_src",5
"magp_tree_age","ring_count_src","WC","sheet","ring_count_src",6
"magp_tree_age","ring_count_src","DV","sheet","ring_count_src",7
"magp_tree_age","ring_count_src","X","sheet","ring_count_src",8
"magp_tree_age","ring_count_src","Z","sheet","ring_count_src",9
"magp_tree_age","pith_status","HIT","sheet","pith_status",2
"magp_tree_age","pith_status","MIS","sheet","pith_status",3
"magp_tree_age","pith_status","X","sheet","pith_status",4
"magp_tree_age","pith_status","Z","sheet","pith_status",5
"magp_tree_age","missed_ring_count_meth","LAB","sheet","missed_ring_count_meth",2
"magp_tree_age","missed_ring_count_meth","VIS","sheet","missed_ring_count_meth",3
"magp_tree_age","missed_ring_count_meth","CAL","sheet","missed_ring_count_meth",4
"magp_tree_age","missed_ring_count_meth","DEN","sheet","missed_ring_count_meth",5
"magp_tree_age","missed_ring_count_meth","DOC","sheet","missed_ring_count_meth",6
"magp_tree_age","missed_ring_count_meth","OTH","sheet","missed_ring_count_meth",7
"magp_tree_age","missed_ring_count_meth","X","sheet","missed_ring_count_meth",8
"magp_tree_age","missed_ring_count_meth","Z","sheet","missed_ring_count_meth",9
"magp_tree_age","total_age_src","ACY","sheet","total_age_src",2
"magp_tree_age","total_age_src","AMY","sheet","total_age_src",3
"magp_tree_age","total_age_src","FWC","sheet","total_age_src",4
"magp_tree_age","total_age_src","BCD","sheet","total_age_src",5
"magp_tree_age","total_age_src","BPL","sheet","total_age_src",6
"magp_tree_age","total_age_src","RPL","sheet","total_age_src",7
"magp_tree_age","total_age_src","RFI","sheet","total_age_src",8
"magp_tree_age","total_age_src","RPF","sheet","total_age_src",9
"magp_tree_age","total_age_src","X","sheet","total_age_src",10
"magp_tree_age","total_age_src","Z","sheet","total_age_src",11
"magp_tree_age","meas_est_age","M","sheet","meas_est_age",2
"magp_tree_age","meas_est_age","E","sheet","meas_est_age",3
"magp_tree_age","meas_est_age","S","sheet","meas_est_age",4
"magp_tree_age","meas_est_age","A","sheet","meas_est_age",5
"magp_tree_age","meas_est_age","D","sheet","meas_est_age",6
"magp_tree_age","meas_est_age","X","sheet","meas_est_age",7
"magp_tree_age","meas_est_age","Z","sheet","meas_est_age",8
"magp_tally_trees","tally_type","SE","sheet","tally_type",2
"magp_tally_trees","tally_type","RE","sheet","tally_type",3
"magp_tally_trees","tally_type","SP","sheet","tally_type",4
"magp_tally_trees","tally_type","X","sheet","tally_type",5
"magp_tally_trees","species","ABIE.AMA","crosswalk","species",2
"magp_tally_trees","species","ABIE.BAL","crosswalk","species",3
"magp_tally_trees","species","ABIE.BIF","crosswalk","species",4
"magp_tally_trees","species","ABIE.CON","crosswalk","species",5
"magp_tally_trees","species","ABIE.GRA","crosswalk","species",6
"magp_tally_trees","species","ABIE.LAS","crosswalk","species",7
"magp_tally_trees","species","ABIE.MAG","crosswalk","species",8
"magp_tally_trees","species","ABIE.MAG.SHA","crosswalk","species",9
"magp_tally_trees","species","ABIE.NOR","crosswalk","species",10
"magp_tally_trees","species","ABIE.PIN","crosswalk","species",11
"magp_tally_trees","species","ABIE.PRO","crosswalk","species",12
"magp_tally_trees","species","ABIE.SPP","crosswalk","species",13
"magp_tally_trees","species","ACER.CIR","crosswalk","species",14
"magp_tally_trees","species","ACER.GIN","crosswalk","species",15
"magp_tally_trees","species","ACER.GLA.DOU","crosswalk","species",16
"magp_tally_trees","species","ACER.MAC","crosswalk","species",17
"magp_tally_trees","species","ACER.NEG","crosswalk","species",18
"magp_tally_trees","species","ACER.NIG","crosswalk","species",19
"magp_tally_trees","species","ACER.PAL","crosswalk","species",20
"magp_tally_trees","species","ACER.PEN","crosswalk","species",21
"magp_tally_trees","species","ACER.PLA","crosswalk","species",22
"magp_tally_trees","species","ACER.PSE","crosswalk","species",23
"magp_tally_trees","species","ACER.RUB","crosswalk","species",24
"magp_tally_trees","species","ACER.SAC","crosswalk","species",25
"magp_tally_trees","species","ACER.SAH","crosswalk","species",27
"magp_tally_trees","species","ACER.SAH.SAC","crosswalk","species",28
"magp_tally_trees","species","ACER.SPI","crosswalk","species",29
"magp_tally_trees","species","ACER.FRE","crosswalk","species",30
"magp_tally_trees","species","ACER.SPP","crosswalk","species",31
"magp_tally_trees","species","AESC.GLA","crosswalk","species",32
"magp_tally_trees","species","AESC.HIP","crosswalk","species",33
"magp_tally_trees","species","AESC.CAR","crosswalk","species",34
"magp_tally_trees","species","ALNU.CRI","crosswalk","species",35
"magp_tally_trees","species","ALNU.VIR","crosswalk","species",36
"magp_tally_trees","species","ALNU.GLU","crosswalk","species",37
"magp_tally_trees","species","ALNU.INC","crosswalk","species",38
"magp_tally_trees","species","ALNU.INC.RUG","crosswalk","species",39
"magp_tally_trees","species","ALNU.INC.TEN","crosswalk","species",40
"magp_tally_trees","species","ALNU.RUB","crosswalk","species",41
"magp_tally_trees","species","ALNU.SER","crosswalk","species",42
"magp_tally_trees","species","ALNU.SIN","crosswalk","species",43
"magp_tally_trees","species","ALNU.SPP","crosswalk","species",44
"magp_tally_trees","species","ALNU.VIR.CRI","crosswalk","species",46
"magp_tally_trees","species","ALNU.VIR.FRU","crosswalk","species",47
"magp_tally_trees","species","ALNU.VIR.SIN","crosswalk","species",48
"magp_tally_trees","species","AMEL.ALN","crosswalk","species",49
"magp_tally_trees","species","AMEL.ARB","crosswalk","species",50
"magp_tally_trees","species","AMEL.BAR","crosswalk","species",51
"magp_tally_trees","species","AMEL.FLO","crosswalk","species",52
"magp_tally_trees","species","AMEL.LAE","crosswalk","species",53
"magp_tally_trees","species","AMEL.SAN","crosswalk","species",54
"magp_tally_trees","species","AMEL.GAS","crosswalk","species",55
"magp_tally_trees","species","AMEL.SPP","crosswalk","species",56
"magp_tally_trees","species","ARAL.ELA","crosswalk","species",57
"magp_tally_trees","species","ARAU.ARA","crosswalk","species",58
"magp_tally_trees","species","ARBU.MEN","crosswalk","species",59
"magp_tally_trees","species","ARON.MEL","crosswalk","species",60
"magp_tally_trees","species","ARON.SPP","crosswalk","species",61
"magp_tally_trees","species","ASIM.SPP","crosswalk","species",62
"magp_tally_trees","species","ASIM.TRI","crosswalk","species",64
"magp_tally_trees","species","BETU.ALA","crosswalk","species",65
"magp_tally_trees","species","BETU.ALL","crosswalk","species",66
"magp_tally_trees","species","BETU.COR","crosswalk","species",67
"magp_tally_trees","species","BETU.GLA","crosswalk","species",68
"magp_tally_trees","species","BETU.KEN","crosswalk","species",70
"magp_tally_trees","species","BETU.LEN","crosswalk","species",71
"magp_tally_trees","species","BETU.NAN","crosswalk","species",72
"magp_tally_trees","species","BETU.NEO","crosswalk","species",73
"magp_tally_trees","species","BETU.OCC","crosswalk","species",74
"magp_tally_trees","species","BETU.PAP","crosswalk","species",75
"magp_tally_trees","species","BETU.PAP.NEO","crosswalk","species",76
"magp_tally_trees","species","BETU.PAP.PAP","crosswalk","species",77
"magp_tally_trees","species","BETU.PEN","crosswalk","species",78
"magp_tally_trees","species","BETU.POP","crosswalk","species",79
"magp_tally_trees","species","BETU.PUB","crosswalk","species",80
"magp_tally_trees","species","BETU.PUM","crosswalk","species",81
"magp_tally_trees","species","BETU.SPP","crosswalk","species",82
"magp_tally_trees","species","BETU.CAE","crosswalk","species",83
"magp_tally_trees","species","BETU.WIN","crosswalk","species",84
"magp_tally_trees","species","CALO.DEC","crosswalk","species",85
"magp_tally_trees","species","CARA.ARB","crosswalk","species",86
"magp_tally_trees","species","CARP.CAR","crosswalk","species",87
"magp_tally_trees","species","CARP.CAR.VIR","crosswalk","species",88
"magp_tally_trees","species","CARP.SPP","crosswalk","species",89
"magp_tally_trees","species","CARY.COR","crosswalk","species",90
"magp_tally_trees","species","CARY.GLA","crosswalk","species",91
"magp_tally_trees","species","CARY.GLA.ODO","crosswalk","species",92
"magp_tally_trees","species","CARY.LAC","crosswalk","species",93
"magp_tally_trees","species","CARY.OVA","crosswalk","species",94
"magp_tally_trees","species","CARY.OVA.OVA","crosswalk","species",95
"magp_tally_trees","species","CARY.SPP","crosswalk","species",96
"magp_tally_trees","species","CARY.TOM","crosswalk","species",97
"magp_tally_trees","species","CAST.DEN","crosswalk","species",98
"magp_tally_trees","species","CAST.SAT","crosswalk","species",99
"magp_tally_trees","species","CAST.MOL","crosswalk","species",100
"magp_tally_trees","species","CAST.SPP","crosswalk","species",101
"magp_tally_trees","species","CATA.BIG","crosswalk","species",102
"magp_tally_trees","species","CATA.SPE","crosswalk","species",103
"magp_tally_trees","species","CEDR.ATL","crosswalk","species",104
"magp_tally_trees","species","CEDR.DEO","crosswalk","species",105
"magp_tally_trees","species","CEDR.LIB","crosswalk","species",106
"magp_tally_trees","species","CELT.OCC","crosswalk","species",107
"magp_tally_trees","species","CELT.SPP","crosswalk","species",108
"magp_tally_trees","species","CELT.TEN","crosswalk","species",109
"magp_tally_trees","species","CEPH.OCC","crosswalk","species",110
"magp_tally_trees","species","CERC.JAP","crosswalk","species",111
"magp_tally_trees","species","CERC.CAN","crosswalk","species",112
"magp_tally_trees","species","CHAM.LAW","crosswalk","species",113
"magp_tally_trees","species","CHAM.NOO","crosswalk","species",114
"magp_tally_trees","species","CHAM.OBT","crosswalk","species",115
"magp_tally_trees","species","CHAM.PIS","crosswalk","species",116
"magp_tally_trees","species","CHAM.SPP","crosswalk","species",117
"magp_tally_trees","species","CLAD.LUT","crosswalk","species",118
"magp_tally_trees","species","CLEM.VIR","crosswalk","species",119
"magp_tally_trees","species","CORN.ALT","crosswalk","species",120
"magp_tally_trees","species","CORN.FLO","crosswalk","species",121
"magp_tally_trees","species","CORN.FOE.RAC","crosswalk","species",122
"magp_tally_trees","species","CORN.KOU","crosswalk","species",123
"magp_tally_trees","species","CORN.MAS","crosswalk","species",124
"magp_tally_trees","species","CORN.NUT","crosswalk","species",125
"magp_tally_trees","species","CORN.RUG","crosswalk","species",126
"magp_tally_trees","species","CORN.SER","crosswalk","species",127
"magp_tally_trees","species","CORN.SPP","crosswalk","species",128
"magp_tally_trees","species","CORN.STO","crosswalk","species",129
"magp_tally_trees","species","CORY.AME","crosswalk","species",130
"magp_tally_trees","species","CORY.COR","crosswalk","species",131
"magp_tally_trees","species","CRAT.CHR","crosswalk","species",132
"magp_tally_trees","species","CRAT.PUN","crosswalk","species",133
"magp_tally_trees","species","CRAT.SPP","crosswalk","species",134
"magp_tally_trees","species","CRAT.CRU","crosswalk","species",135
"magp_tally_trees","species","CRAT.DOU","crosswalk","species",136
"magp_tally_trees","species","CRAT.FLA","crosswalk","species",137
"magp_tally_trees","species","CRAT.MAC","crosswalk","species",138
"magp_tally_trees","species","CRAT.MON","crosswalk","species",139
"magp_tally_trees","species","CRAT.SUC","crosswalk","species",140
"magp_tally_trees","species","DIER.LON","crosswalk","species",141
"magp_tally_trees","species","DIRC.PAL","crosswalk","species",142
"magp_tally_trees","species","DIRC.SPP","crosswalk","species",143
"magp_tally_trees","species","ELAE.COM","crosswalk","species",144
"magp_tally_trees","species","EUON.ATR","crosswalk","species",145
"magp_tally_trees","species","FAGU.GRA","crosswalk","species",146
"magp_tally_trees","species","FAGU.SPP","crosswalk","species",147
"magp_tally_trees","species","FAGU.SYL","crosswalk","species",148
"magp_tally_trees","species","FRAN.ALN","crosswalk","species",149
"magp_tally_trees","species","FRAX.AME","crosswalk","species",150
"magp_tally_trees","species","FRAX.LAT","crosswalk","species",151
"magp_tally_trees","species","FRAX.NIG","crosswalk","species",152
"magp_tally_trees","species","FRAX.PEN","crosswalk","species",153
"magp_tally_trees","species","FRAX.PEN.AUS","crosswalk","species",154
"magp_tally_trees","species","FRAX.PEN.SUB","crosswalk","species",155
"magp_tally_trees","species","FRAX.QUA","crosswalk","species",156
"magp_tally_trees","species","FRAX.SPP","crosswalk","species",157
"magp_tally_trees","species","FRAX.PRO","crosswalk","species",158
"magp_tally_trees","species","GINK.BIL","crosswalk","species",160
"magp_tally_trees","species","GLED.TRI","crosswalk","species",161
"magp_tally_trees","species","GYMN.DIO","crosswalk","species",162
"magp_tally_trees","species","HAMA.VIR","crosswalk","species",163
"magp_tally_trees","species","ILEX.MUC","crosswalk","species",164
"magp_tally_trees","species","ILEX.SPP","crosswalk","species",165
"magp_tally_trees","species","ILEX.VER","crosswalk","species",166
"magp_tally_trees","species","JUGL.AIL","crosswalk","species",167
"magp_tally_trees","species","JUGL.CIN","crosswalk","species",168
"magp_tally_trees","species","JUGL.NIG","crosswalk","species",169
"magp_tally_trees","species","JUGL.SPP","crosswalk","species",170
"magp_tally_trees","species","JUNI.COM","crosswalk","species",171
"magp_tally_trees","species","JUNI.SCO","crosswalk","species",172
"magp_tally_trees","species","JUNI.HOR","crosswalk","species",173
"magp_tally_trees","species","JUNI.SPP","crosswalk","species",174
"magp_tally_trees","species","JUNI.VIR","crosswalk","species",175
"magp_tally_trees","species","LARI.DEC","crosswalk","species",176
"magp_tally_trees","species","LARI.KAE","crosswalk","species",177
"magp_tally_trees","species","LARI.LAR","crosswalk","species",178
"magp_tally_trees","species","LARI.LYA","crosswalk","species",179
"magp_tally_trees","species","LARI.OCC","crosswalk","species",180
"magp_tally_trees","species","LARI.SIB","crosswalk","species",181
"magp_tally_trees","species","LARI.SPP","crosswalk","species",182
"magp_tally_trees","species","LEDU.GRO","crosswalk","species",183
"magp_tally_trees","species","LIND.BEN","crosswalk","species",184
"magp_tally_trees","species","LIRI.SPP","crosswalk","species",185
"magp_tally_trees","species","LIRI.TUL","crosswalk","species",186
"magp_tally_trees","species","LONI.CAN","crosswalk","species",187
"magp_tally_trees","species","LIQU.STY","crosswalk","species",188
"magp_tally_trees","species","MAGN.ACU","crosswalk","species",190
"magp_tally_trees","species","MALU.COR","crosswalk","species",191
"magp_tally_trees","species","MALU.FUS","crosswalk","species",192
"magp_tally_trees","species","MALU.SPP","crosswalk","species",193
"magp_tally_trees","species","MALU.PUM","crosswalk","species",194
"magp_tally_trees","species","MORU.RUB","crosswalk","species",195
"magp_tally_trees","species","MYRI.CAL","crosswalk","species",196
"magp_tally_trees","species","NEMO.MUC","crosswalk","species",197
"magp_tally_trees","species","NEMO.SPP","crosswalk","species",198
"magp_tally_trees","species","NYSS.SPP","crosswalk","species",199
"magp_tally_trees","species","NYSS.SYL","crosswalk","species",200
"magp_tally_trees","species","OSTR.SPP","crosswalk","species",201
"magp_tally_trees","species","OSTR.VIR","crosswalk","species",202
"magp_tally_trees","species","PART.INS","crosswalk","species",203
"magp_tally_trees","species","PICE.ABI","crosswalk","species",204
"magp_tally_trees","species","PICE.ENG","crosswalk","species",205
"magp_tally_trees","species","PICE.ENG.GLA","crosswalk","species",206
"magp_tally_trees","species","PICE.GLA","crosswalk","species",207
"magp_tally_trees","species","PICE.MAR","crosswalk","species",208
"magp_tally_trees","species","PICE.PUN","crosswalk","species",209
"magp_tally_trees","species","PICE.RUB","crosswalk","species",210
"magp_tally_trees","species","PICE.SIT","crosswalk","species",211
"magp_tally_trees","species","PICE.SIT.X","crosswalk","species",212
"magp_tally_trees","species","PICE.SPP","crosswalk","species",213
"magp_tally_trees","species","PICE.LUT","crosswalk","species",214
"magp_tally_trees","species","PINU.ALB","crosswalk","species",215
"magp_tally_trees","species","PINU.BAN","crosswalk","species",216
"magp_tally_trees","species","PINU.CON","crosswalk","species",217
"magp_tally_trees","species","PINU.CON.CON","crosswalk","species",218
"magp_tally_trees","species","PINU.CON.LAT","crosswalk","species",219
"magp_tally_trees","species","PINU.CON.BAN","crosswalk","species",220
"magp_tally_trees","species","PINU.FLE","crosswalk","species",221
"magp_tally_trees","species","PINU.LAM","crosswalk","species",222
"magp_tally_trees","species","PINU.MON","crosswalk","species",223
"magp_tally_trees","species","PINU.NIG","crosswalk","species",224
"magp_tally_trees","species","PINU.PON","crosswalk","species",225
"magp_tally_trees","species","PINU.RAD","crosswalk","species",226
"magp_tally_trees","species","PINU.RES","crosswalk","species",227
"magp_tally_trees","species","PINU.RIG","crosswalk","species",228
"magp_tally_trees","species","PINU.SPP","crosswalk","species",229
"magp_tally_trees","species","PINU.STR","crosswalk","species",230
"magp_tally_trees","species","PINU.SYL","crosswalk","species",231
"magp_tally_trees","species","PINU.MUR","crosswalk","species",232
"magp_tally_trees","species","PLAT.OCC","crosswalk","species",233
"magp_tally_trees","species","PLAT.SPP","crosswalk","species",234
"magp_tally_trees","species","POPU.ALB","crosswalk","species",235
"magp_tally_trees","species","POPU.ANG","crosswalk","species",236
"magp_tally_trees","species","POPU.BAL","crosswalk","species",237
"magp_tally_trees","species","POPU.BAL.BAL","crosswalk","species",238
"magp_tally_trees","species","POPU.DEL","crosswalk","species",239
"magp_tally_trees","species","POPU.DEL.DEL","crosswalk","species",240
"magp_tally_trees","species","POPU.DEL.OCC","crosswalk","species",241
"magp_tally_trees","species","POPU.DEL.MON","crosswalk","species",242
"magp_tally_trees","species","POPU.GRA","crosswalk","species",243
"magp_tally_trees","species","POPU.NIG","crosswalk","species",244
"magp_tally_trees","species","POPU.NIG.ITA","crosswalk","species",245
"magp_tally_trees","species","POPU.SPP","crosswalk","species",246
"magp_tally_trees","species","POPU.TRE","crosswalk","species",248
"magp_tally_trees","species","POPU.TRI","crosswalk","species",249
"magp_tally_trees","species","POPU.JAC","crosswalk","species",250
"magp_tally_trees","species","POPU.CAN","crosswalk","species",251
"magp_tally_trees","species","PRUN.AVI","crosswalk","species",252
"magp_tally_trees","species","PRUN.EMA","crosswalk","species",253
"magp_tally_trees","species","PRUN.NIG","crosswalk","species",254
"magp_tally_trees","species","PRUN.PEN","crosswalk","species",255
"magp_tally_trees","species","PRUN.SER","crosswalk","species",256
"magp_tally_trees","species","PRUN.SPP","crosswalk","species",257
"magp_tally_trees","species","PRUN.VIR","crosswalk","species",258
"magp_tally_trees","species","PRUN.VIR.VIR","crosswalk","species",259
"magp_tally_trees","species","PSEU.MEN","crosswalk","species",260
"magp_tally_trees","species","PSEU.MEN.GLA","crosswalk","species",261
"magp_tally_trees","species","PSEU.MEN.MEN","crosswalk","species",262
"magp_tally_trees","species","PTEL.TRI","crosswalk","species",263
"magp_tally_trees","species","PYRU.COM","crosswalk","species",264
"magp_tally_trees","species","PRUN.CER","crosswalk","species",265
"magp_tally_trees","species","QUER.ALB","crosswalk","species",266
"magp_tally_trees","species","QUER.BIC","crosswalk","species",267
"magp_tally_trees","species","QUER.ELL","crosswalk","species",268
"magp_tally_trees","species","QUER.GAR","crosswalk","species",269
"magp_tally_trees","species","QUER.MAC","crosswalk","species",270
"magp_tally_trees","species","QUER.MUE","crosswalk","species",271
"magp_tally_trees","species","QUER.PAL","crosswalk","species",272
"magp_tally_trees","species","QUER.PRI","crosswalk","species",273
"magp_tally_trees","species","QUER.ROB","crosswalk","species",274
"magp_tally_trees","species","QUER.RUB","crosswalk","species",275
"magp_tally_trees","species","QUER.SHU","crosswalk","species",276
"magp_tally_trees","species","QUER.SPP","crosswalk","species",277
"magp_tally_trees","species","QUER.VEL","crosswalk","species",279
"magp_tally_trees","species","RHAM.ALN","crosswalk","species",280
"magp_tally_trees","species","RHAM.CAT","crosswalk","species",281
"magp_tally_trees","species","RHAM.FRA","crosswalk","species",282
"magp_tally_trees","species","RHAM.PUR","crosswalk","species",283
"magp_tally_trees","species","RHAM.SPP","crosswalk","species",284
"magp_tally_trees","species","RHUS.SPP","crosswalk","species",285
"magp_tally_trees","species","RHUS.TYP","crosswalk","species",286
"magp_tally_trees","species","RIBE.SPP","crosswalk","species",287
"magp_tally_trees","species","RIBE.HIR","crosswalk","species",288
"magp_tally_trees","species","ROBI.PSE","crosswalk","species",289
"magp_tally_trees","species","ROBI.SPP","crosswalk","species",290
"magp_tally_trees","species","ROSA.ACI","crosswalk","species",291
"magp_tally_trees","species","ROSA.ACI.SAY","crosswalk","species",292
"magp_tally_trees","species","RUBU.IDA","crosswalk","species",293
"magp_tally_trees","species","RUBU.IDA.MEL","crosswalk","species",294
"magp_tally_trees","species","SALI.ALB","crosswalk","species",295
"magp_tally_trees","species","SALI.ALB.VIT","crosswalk","species",296
"magp_tally_trees","species","SALI.AMY","crosswalk","species",297
"magp_tally_trees","species","SALI.ATR","crosswalk","species",298
"magp_tally_trees","species","SALI.BAB","crosswalk","species",299
"magp_tally_trees","species","SALI.BEB","crosswalk","species",300
"magp_tally_trees","species","SALI.DIS","crosswalk","species",301
"magp_tally_trees","species","SALI.FRA","crosswalk","species",302
"magp_tally_trees","species","SALI.HUM","crosswalk","species",303
"magp_tally_trees","species","SALI.LUC","crosswalk","species",304
"magp_tally_trees","species","SALI.LUC.LAS","crosswalk","species",305
"magp_tally_trees","species","SALI.LUC.LUC","crosswalk","species",306
"magp_tally_trees","species","SALI.LUT","crosswalk","species",307
"magp_tally_trees","species","SALI.MAC","crosswalk","species",308
"magp_tally_trees","species","SALI.NIG","crosswalk","species",309
"magp_tally_trees","species","SALI.PED","crosswalk","species",310
"magp_tally_trees","species","SALI.PEN","crosswalk","species",311
"magp_tally_trees","species","SALI.PET","crosswalk","species",312
"magp_tally_trees","species","SALI.PLA","crosswalk","species",313
"magp_tally_trees","species","SALI.PYR","crosswalk","species",314
"magp_tally_trees","species","SALI.SCO","crosswalk","species",315
"magp_tally_trees","species","SALI.SIT","crosswalk","species",316
"magp_tally_trees","species","SALI.SPP","crosswalk","species",317
"magp_tally_trees","species","SALI.VIM","crosswalk","species",318
"magp_tally_trees","species","SAMB.CAL","crosswalk","species",319
"magp_tally_trees","species","SAMB.CAN","crosswalk","species",320
"magp_tally_trees","species","SAMB.CER","crosswalk","species",321
"magp_tally_trees","species","SAMB.RAC","crosswalk","species",322
"magp_tally_trees","species","SASS.ALB","crosswalk","species",323
"magp_tally_trees","species","SASS.SPP","crosswalk","species",324
"magp_tally_trees","species","SEQU.SEM","crosswalk","species",325
"magp_tally_trees","species","SEQU.GIG","crosswalk","species",326
"magp_tally_trees","species","SHEP.ARG","crosswalk","species",327
"magp_tally_trees","species","SHEP.CAN","crosswalk","species",328
"magp_tally_trees","species","SORB.AME","crosswalk","species",329
"magp_tally_trees","species","SORB.ARI","crosswalk","species",330
"magp_tally_trees","species","SORB.AUC","crosswalk","species",331
"magp_tally_trees","species","SORB.DEC","crosswalk","species",332
"magp_tally_trees","species","SORB.SPP","crosswalk","species",333
"magp_tally_trees","species","SPIR.ALB","crosswalk","species",334
"magp_tally_trees","species","SYRI.VUL","crosswalk","species",335
"magp_tally_trees","species","TAXU.BAC","crosswalk","species",336
"magp_tally_trees","species","TAXU.BRE","crosswalk","species",337
"magp_tally_trees","species","TAXU.CAN","crosswalk","species",338
"magp_tally_trees","species","TAXU.SPP","crosswalk","species",339
"magp_tally_trees","species","THUJ.OCC","crosswalk","species",340
"magp_tally_trees","species","THUJ.PLI","crosswalk","species",342
"magp_tally_trees","species","THUJ.SPP","crosswalk","species",343
"magp_tally_trees","species","TILI.AME","crosswalk","species",344
"magp_tally_trees","species","TILI.COR","crosswalk","species",345
"magp_tally_trees","species","TILI.PLA","crosswalk","species",346
"magp_tally_trees","species","TILI.SPP","crosswalk","species",347
"magp_tally_trees","species","TOXI.VER","crosswalk","species",348
"magp_tally_trees","species","TSUG.CAN","crosswalk","species",349
"magp_tally_trees","species","TSUG.HET","crosswalk","species",350
"magp_tally_trees","species","TSUG.MER","crosswalk","species",351
"magp_tally_trees","species","TSUG.MER.HET","crosswalk","species",352
"magp_tally_trees","species","TSUG.SPP","crosswalk","species",353
"magp_tally_trees","species","ULMU.AME","crosswalk","species",354
"magp_tally_trees","species","ULMU.PUM","crosswalk","species",355
"magp_tally_trees","species","ULMU.RUB","crosswalk","species",356
"magp_tally_trees","species","ULMU.SPP","crosswalk","species",357
"magp_tally_trees","species","ULMU.THO","crosswalk","species",358
"magp_tally_trees","species","VIBU.CAS","crosswalk","species",359
"magp_tally_trees","species","VIBU.EDU","crosswalk","species",360
"magp_tally_trees","species","VIBU.LAN","crosswalk","species",361
"magp_tally_trees","species","VIBU.LEN","crosswalk","species",362
"magp_tally_trees","species","VIBU.OPU","crosswalk","species",363
"magp_tally_trees","species","VIBU.RAF","crosswalk","species",364
"magp_tally_trees","species","VIBU.SPP","crosswalk","species",365
"magp_tally_trees","species","VIBU.TRI","crosswalk","species",366
"magp_tally_trees","species","VITI.RIP","crosswalk","species",367
"magp_tally_trees","species","ZANT.AME","crosswalk","species",368
"magp_tally_trees","species","GENC.SPP","crosswalk","species",371
"magp_tally_trees","species","GENH.SPP","crosswalk","species",373
"magp_tally_trees","species","BETU.PLA.JAP","crosswalk","species",376
"magp_tally_trees","species","PSEU.SPP","crosswalk","species",377
"magp_tally_trees","species","PICE.SPP.X","crosswalk","species",378
"magp_tally_trees","species","RIBE.GLA","crosswalk","species",379
"magp_tally_trees","species","RIBE.LAC","crosswalk","species",380
"magp_tally_trees","species","RIBE.TRI","crosswalk","species",381
"magp_tally_trees","species","RUBU.SPP","crosswalk","species",383
"magp_tally_trees","species","RUBU.ODO","crosswalk","species",384
"magp_tally_trees","species","LONI.SPP","crosswalk","species",386
"magp_tally_trees","species","MYRI.GAL","crosswalk","species",387
"magp_tally_trees","species","COMP.PER","crosswalk","species",388
"magp_tally_trees","species","SPIR.TOM","crosswalk","species",389
"magp_tally_trees","species","SPIR.LAT","crosswalk","species",390
"magp_tally_trees","species","KALM.ANG","crosswalk","species",391
"magp_tally_trees","species","VACC.SPP","crosswalk","species",392
"magp_tally_trees","species","CHAM.CAL","crosswalk","species",393
"magp_tally_trees","species","KALM.POL","crosswalk","species",394
"magp_tally_trees","species","ANDR.GLA","crosswalk","species",397
"magp_tally_trees","species","RHOD.CAN","crosswalk","species",398
"magp_tally_trees","species","ROSA.SPP","crosswalk","species",399
"magp_tally_trees","species","TOXI.RAD","crosswalk","species",400
"magp_tally_trees","species","VIBU.ACE","crosswalk","species",401
"magp_tally_trees","species","PART.QUI","crosswalk","species",402
"magp_tally_trees","species","EMPE.NIG","crosswalk","species",403
"magp_tally_trees","species","CLEM.OCC","crosswalk","species",404
"magp_tally_trees","species","CELA.SCA","crosswalk","species",405
"magp_tally_trees","species","SPIR.SPP","crosswalk","species",408
