"sheet","source_row","sheet_column","value","source_cell"
"contributor",1,"magp_contributor_id","magp_contributor_id","contributor!A1"
"contributor",2,"magp_contributor_id","100","contributor!A2"
"contributor",3,"magp_contributor_id","110","contributor!A3"
"contributor",4,"magp_contributor_id","120","contributor!A4"
"contributor",5,"magp_contributor_id","130","contributor!A5"
"contributor",6,"magp_contributor_id","140","contributor!A6"
"contributor",7,"magp_contributor_id","150","contributor!A7"
"contributor",8,"magp_contributor_id","160","contributor!A8"
"contributor",9,"magp_contributor_id","170","contributor!A9"
"contributor",10,"magp_contributor_id","180","contributor!A10"
"contributor",11,"magp_contributor_id","190","contributor!A11"
"contributor",12,"magp_contributor_id","200","contributor!A12"
"contributor",13,"magp_contributor_id","210","contributor!A13"
"contributor",14,"magp_contributor_id","220","contributor!A14"
"contributor",15,"magp_contributor_id","230","contributor!A15"
"contributor",1,"abbreviated_name","abbreviated_name","contributor!B1"
"contributor",2,"abbreviated_name","AB","contributor!B2"
"contributor",3,"abbreviated_name","BC","contributor!B3"
"contributor",4,"abbreviated_name","MB","contributor!B4"
"contributor",5,"abbreviated_name","NB","contributor!B5"
"contributor",6,"abbreviated_name","NL","contributor!B6"
"contributor",7,"abbreviated_name","NS","contributor!B7"
"contributor",8,"abbreviated_name","NT","contributor!B8"
"contributor",9,"abbreviated_name","ON","contributor!B9"
"contributor",10,"abbreviated_name","QC","contributor!B10"
"contributor",11,"abbreviated_name","PEI","contributor!B11"
"contributor",12,"abbreviated_name","SK","contributor!B12"
"contributor",13,"abbreviated_name","YT","contributor!B13"
"contributor",14,"abbreviated_name","NFI","contributor!B14"
"contributor",15,"abbreviated_name","NFM","contributor!B15"
"contributor",1,"full_name","full_name","contributor!C1"
"contributor",2,"full_name","Government of Alberta: Ministry of Forestry and Parks, Forest Stewardship and Trade Branch","contributor!C2"
"contributor",3,"full_name","Government of British Columbia: Ministry of Forests, Forest Analysis and Inventory Branch","contributor!C3"
"contributor",4,"full_name","Government of Manitoba: Department of Natural Resources and Indigenous Futures, Forestry and Peatlands Branch","contributor!C4"
"contributor",5,"full_name","Government of New Brunswick: Department of Natural Resources and Energy Development, Forestry Division, Forest Planning and Stewardship Branch","contributor!C5"
"contributor",6,"full_name","Government of Newfoundland and Labrador: Department of Forestry, Agriculture and Lands, Forestry Services Branch","contributor!C6"
"contributor",7,"full_name","Government of Nova Scotia: Department of Natural Resources, Forestry Division","contributor!C7"
"contributor",8,"full_name","Government of the Northwest Territories: Department of Environment and Climate Change, Forest Management Division","contributor!C8"
"contributor",9,"full_name","Government of Ontario: Ministry of Natural Resources, Science and Research Branch, Forest Resources Inventory Unit","contributor!C9"
"contributor",10,"full_name","Gouvernement du Québec: Ministère des Ressources naturelles et des Forêts, Forêts","contributor!C10"
"contributor",11,"full_name","Government of Prince Edward Island: Department of Land and Environment, Forests, Fish and Wildlife Division","contributor!C11"
"contributor",12,"full_name","Government of Saskatchewan: Ministry of Environment, Resource Management Division, Forest Service Branch","contributor!C12"
"contributor",13,"full_name","Government of Yukon: Department of Energy, Mines and Resources, Forest Management Branch","contributor!C13"
"contributor",14,"full_name","Government of Canada: Natural Resources Canada, Canadian Forest Service, National Forest Inventory","contributor!C14"
"contributor",15,"full_name","Northern Forest Mapping Program (NorthForM)","contributor!C15"
"contributor",1,"src_database_name","src_database_name","contributor!D1"
"contributor",2,"src_database_name","GOAPSP","contributor!D2"
"contributor",3,"src_database_name","faibGP","contributor!D3"
"contributor",4,"src_database_name","DATA_MB","contributor!D4"
"contributor",5,"src_database_name","CLI","contributor!D5"
"contributor",6,"src_database_name","NFS PSP DATA","contributor!D6"
"contributor",7,"src_database_name",".","contributor!D7"
"contributor",8,"src_database_name",".","contributor!D8"
"contributor",9,"src_database_name","gyPSPPGP","contributor!D9"
"contributor",10,"src_database_name","PEP5","contributor!D10"
"contributor",11,"src_database_name","PEI_PSP","contributor!D11"
"contributor",12,"src_database_name","SK_PSP","contributor!D12"
"contributor",13,"src_database_name","FMB Monitoring Program DB","contributor!D13"
"contributor",14,"src_database_name","NFI_GP","contributor!D14"
"contributor",15,"src_database_name","NFM_GP","contributor!D15"
"contributor",1,"magp_database_name","magp_database_name","contributor!E1"
"contributor",2,"magp_database_name","AB_PSP","contributor!E2"
"contributor",3,"magp_database_name","BC_FAIBGP","contributor!E3"
"contributor",4,"magp_database_name","MB_PSP","contributor!E4"
"contributor",5,"magp_database_name",,"contributor!E5"
"contributor",6,"magp_database_name","NL_PSP","contributor!E6"
"contributor",7,"magp_database_name","NS_PSP","contributor!E7"
"contributor",8,"magp_database_name","NT_PSP","contributor!E8"
"contributor",9,"magp_database_name","ON_GP","contributor!E9"
"contributor",10,"magp_database_name","QC_PSP","contributor!E10"
"contributor",11,"magp_database_name","PE_PSP","contributor!E11"
"contributor",12,"magp_database_name","SK_PSP","contributor!E12"
"contributor",13,"magp_database_name","YT_PSP","contributor!E13"
"contributor",14,"magp_database_name","NFI_GP","contributor!E14"
"contributor",15,"magp_database_name","NFM_GP","contributor!E15"
"dataset",1,"magp_dataset_id","magp_dataset_id","dataset!A1"
"dataset",2,"magp_dataset_id","100.01","dataset!A2"
"dataset",3,"magp_dataset_id","100.02","dataset!A3"
"dataset",4,"magp_dataset_id","110.01","dataset!A4"
"dataset",5,"magp_dataset_id","110.02","dataset!A5"
"dataset",6,"magp_dataset_id","110.03","dataset!A6"
"dataset",7,"magp_dataset_id","110.04","dataset!A7"
"dataset",8,"magp_dataset_id","110.05","dataset!A8"
"dataset",9,"magp_dataset_id","110.06","dataset!A9"
"dataset",10,"magp_dataset_id","110.07","dataset!A10"
"dataset",11,"magp_dataset_id","110.08","dataset!A11"
"dataset",12,"magp_dataset_id","110.09","dataset!A12"
"dataset",13,"magp_dataset_id","110.10","dataset!A13"
"dataset",14,"magp_dataset_id","110.11","dataset!A14"
"dataset",15,"magp_dataset_id","110.12","dataset!A15"
"dataset",16,"magp_dataset_id","120.01","dataset!A16"
"dataset",17,"magp_dataset_id","130.01","dataset!A17"
"dataset",18,"magp_dataset_id","130.02","dataset!A18"
"dataset",19,"magp_dataset_id","140.01","dataset!A19"
"dataset",20,"magp_dataset_id","150.01","dataset!A20"
"dataset",21,"magp_dataset_id","160.01","dataset!A21"
"dataset",22,"magp_dataset_id","170.01","dataset!A22"
"dataset",23,"magp_dataset_id","170.02","dataset!A23"
"dataset",24,"magp_dataset_id","170.03","dataset!A24"
"dataset",25,"magp_dataset_id","180.01","dataset!A25"
"dataset",26,"magp_dataset_id","180.02","dataset!A26"
"dataset",27,"magp_dataset_id","180.03","dataset!A27"
"dataset",28,"magp_dataset_id","180.04","dataset!A28"
"dataset",29,"magp_dataset_id","180.05","dataset!A29"
"dataset",30,"magp_dataset_id","180.06","dataset!A30"
"dataset",31,"magp_dataset_id","180.07","dataset!A31"
"dataset",32,"magp_dataset_id","190.01","dataset!A32"
"dataset",33,"magp_dataset_id","200.01","dataset!A33"
"dataset",34,"magp_dataset_id","210.01","dataset!A34"
"dataset",35,"magp_dataset_id","220.01","dataset!A35"
"dataset",36,"magp_dataset_id","230.01","dataset!A36"
"dataset",1,"magp_contributor_id","magp_contributor_id","dataset!B1"
"dataset",2,"magp_contributor_id","100","dataset!B2"
"dataset",3,"magp_contributor_id","100","dataset!B3"
"dataset",4,"magp_contributor_id","110","dataset!B4"
"dataset",5,"magp_contributor_id","110","dataset!B5"
"dataset",6,"magp_contributor_id","110","dataset!B6"
"dataset",7,"magp_contributor_id","110","dataset!B7"
"dataset",8,"magp_contributor_id","110","dataset!B8"
"dataset",9,"magp_contributor_id","110","dataset!B9"
"dataset",10,"magp_contributor_id","110","dataset!B10"
"dataset",11,"magp_contributor_id","110","dataset!B11"
"dataset",12,"magp_contributor_id","110","dataset!B12"
"dataset",13,"magp_contributor_id","110","dataset!B13"
"dataset",14,"magp_contributor_id","110","dataset!B14"
"dataset",15,"magp_contributor_id","110","dataset!B15"
"dataset",16,"magp_contributor_id","120","dataset!B16"
"dataset",17,"magp_contributor_id","130","dataset!B17"
"dataset",18,"magp_contributor_id","130","dataset!B18"
"dataset",19,"magp_contributor_id","140","dataset!B19"
"dataset",20,"magp_contributor_id","150","dataset!B20"
"dataset",21,"magp_contributor_id","160","dataset!B21"
"dataset",22,"magp_contributor_id","170","dataset!B22"
"dataset",23,"magp_contributor_id","170","dataset!B23"
"dataset",24,"magp_contributor_id","170","dataset!B24"
"dataset",25,"magp_contributor_id","180","dataset!B25"
"dataset",26,"magp_contributor_id","180","dataset!B26"
"dataset",27,"magp_contributor_id","180","dataset!B27"
"dataset",28,"magp_contributor_id","180","dataset!B28"
"dataset",29,"magp_contributor_id","180","dataset!B29"
"dataset",30,"magp_contributor_id","180","dataset!B30"
"dataset",31,"magp_contributor_id","180","dataset!B31"
"dataset",32,"magp_contributor_id","190","dataset!B32"
"dataset",33,"magp_contributor_id","200","dataset!B33"
"dataset",34,"magp_contributor_id","210","dataset!B34"
"dataset",35,"magp_contributor_id","220","dataset!B35"
"dataset",36,"magp_contributor_id","230","dataset!B36"
"dataset",1,"dataset_code","dataset_code","dataset!C1"
"dataset",2,"dataset_code","1","dataset!C2"
"dataset",3,"dataset_code","2","dataset!C3"
"dataset",4,"dataset_code","1","dataset!C4"
"dataset",5,"dataset_code","2","dataset!C5"
"dataset",6,"dataset_code","3","dataset!C6"
"dataset",7,"dataset_code","4","dataset!C7"
"dataset",8,"dataset_code","5","dataset!C8"
"dataset",9,"dataset_code","6","dataset!C9"
"dataset",10,"dataset_code","7","dataset!C10"
"dataset",11,"dataset_code","8","dataset!C11"
"dataset",12,"dataset_code","9","dataset!C12"
"dataset",13,"dataset_code","10","dataset!C13"
"dataset",14,"dataset_code","11","dataset!C14"
"dataset",15,"dataset_code","12","dataset!C15"
"dataset",16,"dataset_code","1","dataset!C16"
"dataset",17,"dataset_code","1","dataset!C17"
"dataset",18,"dataset_code","2","dataset!C18"
"dataset",19,"dataset_code","1","dataset!C19"
"dataset",20,"dataset_code","1","dataset!C20"
"dataset",21,"dataset_code","1","dataset!C21"
"dataset",22,"dataset_code","1","dataset!C22"
"dataset",23,"dataset_code","2","dataset!C23"
"dataset",24,"dataset_code","3","dataset!C24"
"dataset",25,"dataset_code","1","dataset!C25"
"dataset",26,"dataset_code","2","dataset!C26"
"dataset",27,"dataset_code","3","dataset!C27"
"dataset",28,"dataset_code","4","dataset!C28"
"dataset",29,"dataset_code","5","dataset!C29"
"dataset",30,"dataset_code","6","dataset!C30"
"dataset",31,"dataset_code","7","dataset!C31"
"dataset",32,"dataset_code","1","dataset!C32"
"dataset",33,"dataset_code","1","dataset!C33"
"dataset",34,"dataset_code","1","dataset!C34"
"dataset",35,"dataset_code","1","dataset!C35"
"dataset",36,"dataset_code","1","dataset!C36"
"dataset",1,"src_dataset_id","src_dataset_id","dataset!D1"
"dataset",2,"src_dataset_id","AB_PGYI","dataset!D2"
"dataset",3,"src_dataset_id","AB_MPB","dataset!D3"
"dataset",4,"src_dataset_id","BC_PSP_G","dataset!D4"
"dataset",5,"src_dataset_id","BC_PSP_R","dataset!D5"
"dataset",6,"src_dataset_id","BC_CMI","dataset!D6"
"dataset",7,"src_dataset_id","BC_YSM","dataset!D7"
"dataset",8,"src_dataset_id","BC_VRI","dataset!D8"
"dataset",9,"src_dataset_id","BC_SUP","dataset!D9"
"dataset",10,"src_dataset_id","BC_VLT","dataset!D10"
"dataset",11,"src_dataset_id","BC_FLT","dataset!D11"
"dataset",12,"src_dataset_id","BC_YNS","dataset!D12"
"dataset",13,"src_dataset_id","BC_CNS","dataset!D13"
"dataset",14,"src_dataset_id","BC_EYSM","dataset!D14"
"dataset",15,"src_dataset_id","BC_FHYSM","dataset!D15"
"dataset",16,"src_dataset_id","MB_PSP","dataset!D16"
"dataset",17,"src_dataset_id","NB_CLI","dataset!D17"
"dataset",18,"src_dataset_id","NB_PSP","dataset!D18"
"dataset",19,"src_dataset_id","NL_PSP","dataset!D19"
"dataset",20,"src_dataset_id","NS_PSP","dataset!D20"
"dataset",21,"src_dataset_id","NT_PSP","dataset!D21"
"dataset",22,"src_dataset_id","ON_PSP","dataset!D22"
"dataset",23,"src_dataset_id","ON_PGP","dataset!D23"
"dataset",24,"src_dataset_id","ON_PGP_PIP","dataset!D24"
"dataset",25,"src_dataset_id","QC_BAS1","dataset!D25"
"dataset",26,"src_dataset_id","QC_BAS2","dataset!D26"
"dataset",27,"src_dataset_id","QC_SPIM","dataset!D27"
"dataset",28,"src_dataset_id","QC_FEDE","dataset!D28"
"dataset",29,"src_dataset_id","QC_UNLA","dataset!D29"
"dataset",30,"src_dataset_id","QC_SCOF","dataset!D30"
"dataset",31,"src_dataset_id","QC_PACA","dataset!D31"
"dataset",32,"src_dataset_id","PE_PSP","dataset!D32"
"dataset",33,"src_dataset_id","SK_PSP","dataset!D33"
"dataset",34,"src_dataset_id","YT_PSP","dataset!D34"
"dataset",35,"src_dataset_id","NFI_GP","dataset!D35"
"dataset",36,"src_dataset_id","NFM_GP","dataset!D36"
"dataset",1,"plot_layout_fig","plot_layout_fig","dataset!E1"
"dataset",2,"plot_layout_fig",,"dataset!E2"
"dataset",3,"plot_layout_fig",,"dataset!E3"
"dataset",4,"plot_layout_fig",,"dataset!E4"
"dataset",5,"plot_layout_fig",,"dataset!E5"
"dataset",6,"plot_layout_fig",,"dataset!E6"
"dataset",7,"plot_layout_fig",,"dataset!E7"
"dataset",8,"plot_layout_fig",,"dataset!E8"
"dataset",9,"plot_layout_fig",,"dataset!E9"
"dataset",10,"plot_layout_fig",,"dataset!E10"
"dataset",11,"plot_layout_fig",,"dataset!E11"
"dataset",12,"plot_layout_fig",,"dataset!E12"
"dataset",13,"plot_layout_fig",,"dataset!E13"
"dataset",14,"plot_layout_fig",,"dataset!E14"
"dataset",15,"plot_layout_fig",,"dataset!E15"
"dataset",16,"plot_layout_fig",,"dataset!E16"
"dataset",17,"plot_layout_fig",,"dataset!E17"
"dataset",18,"plot_layout_fig",,"dataset!E18"
"dataset",19,"plot_layout_fig",,"dataset!E19"
"dataset",20,"plot_layout_fig",,"dataset!E20"
"dataset",21,"plot_layout_fig",,"dataset!E21"
"dataset",22,"plot_layout_fig",,"dataset!E22"
"dataset",23,"plot_layout_fig",,"dataset!E23"
"dataset",24,"plot_layout_fig",,"dataset!E24"
"dataset",25,"plot_layout_fig",,"dataset!E25"
"dataset",26,"plot_layout_fig",,"dataset!E26"
"dataset",27,"plot_layout_fig",,"dataset!E27"
"dataset",28,"plot_layout_fig",,"dataset!E28"
"dataset",29,"plot_layout_fig",,"dataset!E29"
"dataset",30,"plot_layout_fig",,"dataset!E30"
"dataset",31,"plot_layout_fig",,"dataset!E31"
"dataset",32,"plot_layout_fig",,"dataset!E32"
"dataset",33,"plot_layout_fig",,"dataset!E33"
"dataset",34,"plot_layout_fig",,"dataset!E34"
"dataset",35,"plot_layout_fig",,"dataset!E35"
"dataset",36,"plot_layout_fig",,"dataset!E36"
"dataset",1,"FullName","FullName","dataset!F1"
"dataset",2,"FullName",,"dataset!F2"
"dataset",3,"FullName",,"dataset!F3"
"dataset",4,"FullName",,"dataset!F4"
"dataset",5,"FullName",,"dataset!F5"
"dataset",6,"FullName",,"dataset!F6"
"dataset",7,"FullName",,"dataset!F7"
"dataset",8,"FullName",,"dataset!F8"
"dataset",9,"FullName",,"dataset!F9"
"dataset",10,"FullName",,"dataset!F10"
"dataset",11,"FullName",,"dataset!F11"
"dataset",12,"FullName",,"dataset!F12"
"dataset",13,"FullName",,"dataset!F13"
"dataset",14,"FullName",,"dataset!F14"
"dataset",15,"FullName",,"dataset!F15"
"dataset",16,"FullName",,"dataset!F16"
"dataset",17,"FullName",,"dataset!F17"
"dataset",18,"FullName",,"dataset!F18"
"dataset",19,"FullName",,"dataset!F19"
"dataset",20,"FullName",,"dataset!F20"
"dataset",21,"FullName",,"dataset!F21"
"dataset",22,"FullName",,"dataset!F22"
"dataset",23,"FullName",,"dataset!F23"
"dataset",24,"FullName",,"dataset!F24"
"dataset",25,"FullName",,"dataset!F25"
"dataset",26,"FullName",,"dataset!F26"
"dataset",27,"FullName",,"dataset!F27"
"dataset",28,"FullName",,"dataset!F28"
"dataset",29,"FullName",,"dataset!F29"
"dataset",30,"FullName",,"dataset!F30"
"dataset",31,"FullName",,"dataset!F31"
"dataset",32,"FullName",,"dataset!F32"
"dataset",33,"FullName",,"dataset!F33"
"dataset",34,"FullName",,"dataset!F34"
"dataset",35,"FullName",,"dataset!F35"
"dataset",36,"FullName",,"dataset!F36"
"dataset",1,"SamplingLayout (from PlotCop)","SamplingLayout (from PlotCop)","dataset!G1"
"dataset",2,"SamplingLayout (from PlotCop)",,"dataset!G2"
"dataset",3,"SamplingLayout (from PlotCop)",,"dataset!G3"
"dataset",4,"SamplingLayout (from PlotCop)",,"dataset!G4"
"dataset",5,"SamplingLayout (from PlotCop)",,"dataset!G5"
"dataset",6,"SamplingLayout (from PlotCop)",,"dataset!G6"
"dataset",7,"SamplingLayout (from PlotCop)",,"dataset!G7"
"dataset",8,"SamplingLayout (from PlotCop)",,"dataset!G8"
"dataset",9,"SamplingLayout (from PlotCop)",,"dataset!G9"
"dataset",10,"SamplingLayout (from PlotCop)",,"dataset!G10"
"dataset",11,"SamplingLayout (from PlotCop)",,"dataset!G11"
"dataset",12,"SamplingLayout (from PlotCop)",,"dataset!G12"
"dataset",13,"SamplingLayout (from PlotCop)",,"dataset!G13"
"dataset",14,"SamplingLayout (from PlotCop)",,"dataset!G14"
"dataset",15,"SamplingLayout (from PlotCop)",,"dataset!G15"
"dataset",16,"SamplingLayout (from PlotCop)",,"dataset!G16"
"dataset",17,"SamplingLayout (from PlotCop)",,"dataset!G17"
"dataset",18,"SamplingLayout (from PlotCop)",,"dataset!G18"
"dataset",19,"SamplingLayout (from PlotCop)",,"dataset!G19"
"dataset",20,"SamplingLayout (from PlotCop)",,"dataset!G20"
"dataset",21,"SamplingLayout (from PlotCop)",,"dataset!G21"
"dataset",22,"SamplingLayout (from PlotCop)",,"dataset!G22"
"dataset",23,"SamplingLayout (from PlotCop)",,"dataset!G23"
"dataset",24,"SamplingLayout (from PlotCop)",,"dataset!G24"
"dataset",25,"SamplingLayout (from PlotCop)",,"dataset!G25"
"dataset",26,"SamplingLayout (from PlotCop)",,"dataset!G26"
"dataset",27,"SamplingLayout (from PlotCop)",,"dataset!G27"
"dataset",28,"SamplingLayout (from PlotCop)",,"dataset!G28"
"dataset",29,"SamplingLayout (from PlotCop)",,"dataset!G29"
"dataset",30,"SamplingLayout (from PlotCop)",,"dataset!G30"
"dataset",31,"SamplingLayout (from PlotCop)",,"dataset!G31"
"dataset",32,"SamplingLayout (from PlotCop)",,"dataset!G32"
"dataset",33,"SamplingLayout (from PlotCop)",,"dataset!G33"
"dataset",34,"SamplingLayout (from PlotCop)",,"dataset!G34"
"dataset",35,"SamplingLayout (from PlotCop)",,"dataset!G35"
"dataset",36,"SamplingLayout (from PlotCop)",,"dataset!G36"
"dataset",1,"ProgramDescription (from PlotCop)","ProgramDescription (from PlotCop)","dataset!H1"
"dataset",2,"ProgramDescription (from PlotCop)",,"dataset!H2"
"dataset",3,"ProgramDescription (from PlotCop)",,"dataset!H3"
"dataset",4,"ProgramDescription (from PlotCop)",,"dataset!H4"
"dataset",5,"ProgramDescription (from PlotCop)",,"dataset!H5"
"dataset",6,"ProgramDescription (from PlotCop)",,"dataset!H6"
"dataset",7,"ProgramDescription (from PlotCop)",,"dataset!H7"
"dataset",8,"ProgramDescription (from PlotCop)",,"dataset!H8"
"dataset",9,"ProgramDescription (from PlotCop)",,"dataset!H9"
"dataset",10,"ProgramDescription (from PlotCop)",,"dataset!H10"
"dataset",11,"ProgramDescription (from PlotCop)",,"dataset!H11"
"dataset",12,"ProgramDescription (from PlotCop)",,"dataset!H12"
"dataset",13,"ProgramDescription (from PlotCop)",,"dataset!H13"
"dataset",14,"ProgramDescription (from PlotCop)",,"dataset!H14"
"dataset",15,"ProgramDescription (from PlotCop)",,"dataset!H15"
"dataset",16,"ProgramDescription (from PlotCop)",,"dataset!H16"
"dataset",17,"ProgramDescription (from PlotCop)",,"dataset!H17"
"dataset",18,"ProgramDescription (from PlotCop)",,"dataset!H18"
"dataset",19,"ProgramDescription (from PlotCop)",,"dataset!H19"
"dataset",20,"ProgramDescription (from PlotCop)",,"dataset!H20"
"dataset",21,"ProgramDescription (from PlotCop)",,"dataset!H21"
"dataset",22,"ProgramDescription (from PlotCop)",,"dataset!H22"
"dataset",23,"ProgramDescription (from PlotCop)",,"dataset!H23"
"dataset",24,"ProgramDescription (from PlotCop)",,"dataset!H24"
"dataset",25,"ProgramDescription (from PlotCop)",,"dataset!H25"
"dataset",26,"ProgramDescription (from PlotCop)",,"dataset!H26"
"dataset",27,"ProgramDescription (from PlotCop)",,"dataset!H27"
"dataset",28,"ProgramDescription (from PlotCop)",,"dataset!H28"
"dataset",29,"ProgramDescription (from PlotCop)",,"dataset!H29"
"dataset",30,"ProgramDescription (from PlotCop)",,"dataset!H30"
"dataset",31,"ProgramDescription (from PlotCop)",,"dataset!H31"
"dataset",32,"ProgramDescription (from PlotCop)",,"dataset!H32"
"dataset",33,"ProgramDescription (from PlotCop)",,"dataset!H33"
"dataset",34,"ProgramDescription (from PlotCop)",,"dataset!H34"
"dataset",35,"ProgramDescription (from PlotCop)",,"dataset!H35"
"dataset",36,"ProgramDescription (from PlotCop)",,"dataset!H36"
"plotcop_dataset_table",1,"Dataset","Dataset","plotcop_dataset_table!A1"
"plotcop_dataset_table",2,"Dataset","1","plotcop_dataset_table!A2"
"plotcop_dataset_table",3,"Dataset","2","plotcop_dataset_table!A3"
"plotcop_dataset_table",4,"Dataset","3","plotcop_dataset_table!A4"
"plotcop_dataset_table",5,"Dataset","4","plotcop_dataset_table!A5"
"plotcop_dataset_table",6,"Dataset","5","plotcop_dataset_table!A6"
"plotcop_dataset_table",7,"Dataset","6","plotcop_dataset_table!A7"
"plotcop_dataset_table",8,"Dataset","7","plotcop_dataset_table!A8"
"plotcop_dataset_table",9,"Dataset","8","plotcop_dataset_table!A9"
"plotcop_dataset_table",10,"Dataset","10","plotcop_dataset_table!A10"
"plotcop_dataset_table",11,"Dataset","11","plotcop_dataset_table!A11"
"plotcop_dataset_table",12,"Dataset","12","plotcop_dataset_table!A12"
"plotcop_dataset_table",13,"Dataset","13","plotcop_dataset_table!A13"
"plotcop_dataset_table",14,"Dataset","14","plotcop_dataset_table!A14"
"plotcop_dataset_table",15,"Dataset","15","plotcop_dataset_table!A15"
"plotcop_dataset_table",16,"Dataset","20","plotcop_dataset_table!A16"
"plotcop_dataset_table",17,"Dataset","21","plotcop_dataset_table!A17"
"plotcop_dataset_table",18,"Dataset","22","plotcop_dataset_table!A18"
"plotcop_dataset_table",19,"Dataset","23","plotcop_dataset_table!A19"
"plotcop_dataset_table",20,"Dataset","24","plotcop_dataset_table!A20"
"plotcop_dataset_table",21,"Dataset","25","plotcop_dataset_table!A21"
"plotcop_dataset_table",22,"Dataset","26","plotcop_dataset_table!A22"
"plotcop_dataset_table",23,"Dataset","31","plotcop_dataset_table!A23"
"plotcop_dataset_table",24,"Dataset","32","plotcop_dataset_table!A24"
"plotcop_dataset_table",25,"Dataset","35","plotcop_dataset_table!A25"
"plotcop_dataset_table",26,"Dataset","40","plotcop_dataset_table!A26"
"plotcop_dataset_table",27,"Dataset","41","plotcop_dataset_table!A27"
"plotcop_dataset_table",28,"Dataset","102","plotcop_dataset_table!A28"
"plotcop_dataset_table",29,"Dataset","109","plotcop_dataset_table!A29"
"plotcop_dataset_table",30,"Dataset","110","plotcop_dataset_table!A30"
"plotcop_dataset_table",31,"Dataset","116","plotcop_dataset_table!A31"
"plotcop_dataset_table",32,"Dataset","117","plotcop_dataset_table!A32"
"plotcop_dataset_table",33,"Dataset","118","plotcop_dataset_table!A33"
"plotcop_dataset_table",34,"Dataset","119","plotcop_dataset_table!A34"
"plotcop_dataset_table",35,"Dataset","121","plotcop_dataset_table!A35"
"plotcop_dataset_table",36,"Dataset","123","plotcop_dataset_table!A36"
"plotcop_dataset_table",37,"Dataset","124","plotcop_dataset_table!A37"
"plotcop_dataset_table",38,"Dataset","125","plotcop_dataset_table!A38"
"plotcop_dataset_table",39,"Dataset","126","plotcop_dataset_table!A39"
"plotcop_dataset_table",40,"Dataset","127","plotcop_dataset_table!A40"
"plotcop_dataset_table",41,"Dataset","130","plotcop_dataset_table!A41"
"plotcop_dataset_table",42,"Dataset","131","plotcop_dataset_table!A42"
"plotcop_dataset_table",43,"Dataset","133","plotcop_dataset_table!A43"
"plotcop_dataset_table",44,"Dataset","134","plotcop_dataset_table!A44"
"plotcop_dataset_table",45,"Dataset","136","plotcop_dataset_table!A45"
"plotcop_dataset_table",46,"Dataset","137","plotcop_dataset_table!A46"
"plotcop_dataset_table",47,"Dataset","138","plotcop_dataset_table!A47"
"plotcop_dataset_table",48,"Dataset","139","plotcop_dataset_table!A48"
"plotcop_dataset_table",49,"Dataset","141","plotcop_dataset_table!A49"
"plotcop_dataset_table",50,"Dataset","142","plotcop_dataset_table!A50"
"plotcop_dataset_table",51,"Dataset","144","plotcop_dataset_table!A51"
"plotcop_dataset_table",52,"Dataset","146","plotcop_dataset_table!A52"
"plotcop_dataset_table",53,"Dataset","147","plotcop_dataset_table!A53"
"plotcop_dataset_table",54,"Dataset","150","plotcop_dataset_table!A54"
"plotcop_dataset_table",55,"Dataset","151","plotcop_dataset_table!A55"
"plotcop_dataset_table",56,"Dataset","153","plotcop_dataset_table!A56"
"plotcop_dataset_table",57,"Dataset","154","plotcop_dataset_table!A57"
"plotcop_dataset_table",58,"Dataset","155","plotcop_dataset_table!A58"
"plotcop_dataset_table",59,"Dataset","156","plotcop_dataset_table!A59"
"plotcop_dataset_table",60,"Dataset","200","plotcop_dataset_table!A60"
"plotcop_dataset_table",61,"Dataset","201","plotcop_dataset_table!A61"
"plotcop_dataset_table",62,"Dataset","202","plotcop_dataset_table!A62"
"plotcop_dataset_table",63,"Dataset","209","plotcop_dataset_table!A63"
"plotcop_dataset_table",64,"Dataset","213","plotcop_dataset_table!A64"
"plotcop_dataset_table",65,"Dataset","217","plotcop_dataset_table!A65"
"plotcop_dataset_table",66,"Dataset","220","plotcop_dataset_table!A66"
"plotcop_dataset_table",67,"Dataset",,"plotcop_dataset_table!A67"
"plotcop_dataset_table",68,"Dataset",,"plotcop_dataset_table!A68"
"plotcop_dataset_table",69,"Dataset",,"plotcop_dataset_table!A69"
"plotcop_dataset_table",70,"Dataset",,"plotcop_dataset_table!A70"
"plotcop_dataset_table",71,"Dataset",,"plotcop_dataset_table!A71"
"plotcop_dataset_table",72,"Dataset",,"plotcop_dataset_table!A72"
"plotcop_dataset_table",73,"Dataset",,"plotcop_dataset_table!A73"
"plotcop_dataset_table",74,"Dataset",,"plotcop_dataset_table!A74"
"plotcop_dataset_table",75,"Dataset",,"plotcop_dataset_table!A75"
"plotcop_dataset_table",76,"Dataset",,"plotcop_dataset_table!A76"
"plotcop_dataset_table",77,"Dataset",,"plotcop_dataset_table!A77"
"plotcop_dataset_table",78,"Dataset",,"plotcop_dataset_table!A78"
"plotcop_dataset_table",1,"Name","Name","plotcop_dataset_table!B1"
"plotcop_dataset_table",2,"Name","NB-Coop-PSP-PC","plotcop_dataset_table!B2"
"plotcop_dataset_table",3,"Name","NB-Coop-PSP-Plant","plotcop_dataset_table!B3"
"plotcop_dataset_table",4,"Name","NB-Coop-PSP-PCT","plotcop_dataset_table!B4"
"plotcop_dataset_table",5,"Name","NB-Coop-PSP-YIMO","plotcop_dataset_table!B5"
"plotcop_dataset_table",6,"Name","NB-FDS-1980s","plotcop_dataset_table!B6"
"plotcop_dataset_table",7,"Name","NB-FDS-1990s","plotcop_dataset_table!B7"
"plotcop_dataset_table",8,"Name","NB-FDS-2000s","plotcop_dataset_table!B8"
"plotcop_dataset_table",9,"Name","NB_CLI","plotcop_dataset_table!B9"
"plotcop_dataset_table",10,"Name","PSP","plotcop_dataset_table!B10"
"plotcop_dataset_table",11,"Name","CMI","plotcop_dataset_table!B11"
"plotcop_dataset_table",12,"Name","SUP","plotcop_dataset_table!B12"
"plotcop_dataset_table",13,"Name","VLT","plotcop_dataset_table!B13"
"plotcop_dataset_table",14,"Name","VRI","plotcop_dataset_table!B14"
"plotcop_dataset_table",15,"Name","YSM","plotcop_dataset_table!B15"
"plotcop_dataset_table",16,"Name","QC_PSP_BAS1","plotcop_dataset_table!B16"
"plotcop_dataset_table",17,"Name","QC_PSP_BAS2","plotcop_dataset_table!B17"
"plotcop_dataset_table",18,"Name","QC_PSP_FEDE","plotcop_dataset_table!B18"
"plotcop_dataset_table",19,"Name","QC_PSP_PACA","plotcop_dataset_table!B19"
"plotcop_dataset_table",20,"Name","QC_PSP_SCOF","plotcop_dataset_table!B20"
"plotcop_dataset_table",21,"Name","QC_PSP_SPIM","plotcop_dataset_table!B21"
"plotcop_dataset_table",22,"Name","QC_PSP_UNLA","plotcop_dataset_table!B22"
"plotcop_dataset_table",23,"Name","NS_Research_PSP","plotcop_dataset_table!B23"
"plotcop_dataset_table",24,"Name","NS-PSP","plotcop_dataset_table!B24"
"plotcop_dataset_table",25,"Name","NL_PSP","plotcop_dataset_table!B25"
"plotcop_dataset_table",26,"Name","ON_PSPPGP","plotcop_dataset_table!B26"
"plotcop_dataset_table",27,"Name","ON_HW","plotcop_dataset_table!B27"
"plotcop_dataset_table",28,"Name","FIA_AK","plotcop_dataset_table!B28"
"plotcop_dataset_table",29,"Name","FIA_CT","plotcop_dataset_table!B29"
"plotcop_dataset_table",30,"Name","FIA_DE","plotcop_dataset_table!B30"
"plotcop_dataset_table",31,"Name","FIA_ID","plotcop_dataset_table!B31"
"plotcop_dataset_table",32,"Name","FIA_IL","plotcop_dataset_table!B32"
"plotcop_dataset_table",33,"Name","FIA_IN","plotcop_dataset_table!B33"
"plotcop_dataset_table",34,"Name","FIA_IA","plotcop_dataset_table!B34"
"plotcop_dataset_table",35,"Name","FIA_KY","plotcop_dataset_table!B35"
"plotcop_dataset_table",36,"Name","FIA_ME","plotcop_dataset_table!B36"
"plotcop_dataset_table",37,"Name","FIA_MD","plotcop_dataset_table!B37"
"plotcop_dataset_table",38,"Name","FIA_MA","plotcop_dataset_table!B38"
"plotcop_dataset_table",39,"Name","FIA_MI","plotcop_dataset_table!B39"
"plotcop_dataset_table",40,"Name","FIA_MN","plotcop_dataset_table!B40"
"plotcop_dataset_table",41,"Name","FIA_MT","plotcop_dataset_table!B41"
"plotcop_dataset_table",42,"Name","FIA_NE","plotcop_dataset_table!B42"
"plotcop_dataset_table",43,"Name","FIA_NH","plotcop_dataset_table!B43"
"plotcop_dataset_table",44,"Name","FIA_NJ","plotcop_dataset_table!B44"
"plotcop_dataset_table",45,"Name","FIA_NY","plotcop_dataset_table!B45"
"plotcop_dataset_table",46,"Name","FIA_NC","plotcop_dataset_table!B46"
"plotcop_dataset_table",47,"Name","FIA_ND","plotcop_dataset_table!B47"
"plotcop_dataset_table",48,"Name","FIA_OH","plotcop_dataset_table!B48"
"plotcop_dataset_table",49,"Name","FIA_OR","plotcop_dataset_table!B49"
"plotcop_dataset_table",50,"Name","FIA_PA","plotcop_dataset_table!B50"
"plotcop_dataset_table",51,"Name","FIA_RI","plotcop_dataset_table!B51"
"plotcop_dataset_table",52,"Name","FIA_SD","plotcop_dataset_table!B52"
"plotcop_dataset_table",53,"Name","FIA_TN","plotcop_dataset_table!B53"
"plotcop_dataset_table",54,"Name","FIA_VT","plotcop_dataset_table!B54"
"plotcop_dataset_table",55,"Name","FIA_VA","plotcop_dataset_table!B55"
"plotcop_dataset_table",56,"Name","FIA_WA","plotcop_dataset_table!B56"
"plotcop_dataset_table",57,"Name","FIA_WV","plotcop_dataset_table!B57"
"plotcop_dataset_table",58,"Name","FIA_WI","plotcop_dataset_table!B58"
"plotcop_dataset_table",59,"Name","FIA_WY","plotcop_dataset_table!B59"
"plotcop_dataset_table",60,"Name","MAG-CAN-NFI","plotcop_dataset_table!B60"
"plotcop_dataset_table",61,"Name","MAG-AB-PSP","plotcop_dataset_table!B61"
"plotcop_dataset_table",62,"Name","MAG-AB-RPN","plotcop_dataset_table!B62"
"plotcop_dataset_table",63,"Name","MAG-MB-PSP","plotcop_dataset_table!B63"
"plotcop_dataset_table",64,"Name","MAG-NT-PSP","plotcop_dataset_table!B64"
"plotcop_dataset_table",65,"Name","MAG-PEI-PSP","plotcop_dataset_table!B65"
"plotcop_dataset_table",66,"Name","MAG-YT-PSP","plotcop_dataset_table!B66"
"plotcop_dataset_table",67,"Name",,"plotcop_dataset_table!B67"
"plotcop_dataset_table",68,"Name",,"plotcop_dataset_table!B68"
"plotcop_dataset_table",69,"Name",,"plotcop_dataset_table!B69"
"plotcop_dataset_table",70,"Name",,"plotcop_dataset_table!B70"
"plotcop_dataset_table",71,"Name",,"plotcop_dataset_table!B71"
"plotcop_dataset_table",72,"Name",,"plotcop_dataset_table!B72"
"plotcop_dataset_table",73,"Name",,"plotcop_dataset_table!B73"
"plotcop_dataset_table",74,"Name",,"plotcop_dataset_table!B74"
"plotcop_dataset_table",75,"Name",,"plotcop_dataset_table!B75"
"plotcop_dataset_table",76,"Name",,"plotcop_dataset_table!B76"
"plotcop_dataset_table",77,"Name",,"plotcop_dataset_table!B77"
"plotcop_dataset_table",78,"Name",,"plotcop_dataset_table!B78"
"plotcop_dataset_table",1,"FullName","FullName","plotcop_dataset_table!C1"
"plotcop_dataset_table",2,"FullName","NB Cooperative G&Y PSP Network - partial cut treated-control plots","plotcop_dataset_table!C2"
"plotcop_dataset_table",3,"FullName","NB Cooperative G&Y PSP Network - clearcut and planted plots","plotcop_dataset_table!C3"
"plotcop_dataset_table",4,"FullName","NB Cooperative G&Y PSP Network - natural regen and PCT plots","plotcop_dataset_table!C4"
"plotcop_dataset_table",5,"FullName","NB Cooperative G&Y PSP Network - young, immature, mature, and old natural forest plots","plotcop_dataset_table!C5"
"plotcop_dataset_table",6,"FullName","NB Forest Development Survey 1980s campaign","plotcop_dataset_table!C6"
"plotcop_dataset_table",7,"FullName","NB Forest Development Survey 1990s campaign","plotcop_dataset_table!C7"
"plotcop_dataset_table",8,"FullName","NB Forest Development Survey 2003-2012 campaign","plotcop_dataset_table!C8"
"plotcop_dataset_table",9,"FullName","Continous Landscape Inventory Program","plotcop_dataset_table!C9"
"plotcop_dataset_table",10,"FullName","BC Permanent Ground Sampling Program (PSP)","plotcop_dataset_table!C10"
"plotcop_dataset_table",11,"FullName","Provincial Change Monitoring Inventory (CMI)","plotcop_dataset_table!C11"
"plotcop_dataset_table",12,"FullName","Supplimentary forest inventory (SUP)","plotcop_dataset_table!C12"
"plotcop_dataset_table",13,"FullName","Temporary ground sample - partial standard (VLT)","plotcop_dataset_table!C13"
"plotcop_dataset_table",14,"FullName","Temporary ground sample - full standard (VRI)","plotcop_dataset_table!C14"
"plotcop_dataset_table",15,"FullName","Provincial Young Stand Monitoring (YSM)","plotcop_dataset_table!C15"
"plotcop_dataset_table",16,"FullName","Provincial PSP base network first phase (1970-1977)","plotcop_dataset_table!C16"
"plotcop_dataset_table",17,"FullName","Provincial PSP base network second phase (1989 and after)","plotcop_dataset_table!C17"
"plotcop_dataset_table",18,"FullName","Provincial PSP from Federation des Producteurs de Bois du Quebec","plotcop_dataset_table!C18"
"plotcop_dataset_table",19,"FullName","Provincial PSP from Parks Canada","plotcop_dataset_table!C19"
"plotcop_dataset_table",20,"FullName","Provincial PSP from Service de la Comptabilite Forestiere","plotcop_dataset_table!C20"
"plotcop_dataset_table",21,"FullName","Provincial PSP from Service de la Protection des Insectes et Maladies","plotcop_dataset_table!C21"
"plotcop_dataset_table",22,"FullName","Provincial PSP from Laval University","plotcop_dataset_table!C22"
"plotcop_dataset_table",23,"FullName","NS Forest Research Permanent Sample Plots","plotcop_dataset_table!C23"
"plotcop_dataset_table",24,"FullName","NS Permenent Sample Program","plotcop_dataset_table!C24"
"plotcop_dataset_table",25,"FullName","Newfoundland and Labrador Permanent Sample Plot Research Program","plotcop_dataset_table!C25"
"plotcop_dataset_table",26,"FullName","Ontario Growth and Yield Program","plotcop_dataset_table!C26"
"plotcop_dataset_table",27,"FullName","Ontario Great Lakes-St.Lawrence PSP","plotcop_dataset_table!C27"
"plotcop_dataset_table",28,"FullName","Alaska national FIA design plots only","plotcop_dataset_table!C28"
"plotcop_dataset_table",29,"FullName","Connecticut national FIA design plots only","plotcop_dataset_table!C29"
"plotcop_dataset_table",30,"FullName","Delaware national FIA design plots only","plotcop_dataset_table!C30"
"plotcop_dataset_table",31,"FullName","Idaho national FIA design plots only","plotcop_dataset_table!C31"
"plotcop_dataset_table",32,"FullName","Illinois national FIA design plots only","plotcop_dataset_table!C32"
"plotcop_dataset_table",33,"FullName","Indiana national FIA design plots only","plotcop_dataset_table!C33"
"plotcop_dataset_table",34,"FullName","Iowa national FIA design plots only","plotcop_dataset_table!C34"
"plotcop_dataset_table",35,"FullName","Kentucky national FIA design plots only","plotcop_dataset_table!C35"
"plotcop_dataset_table",36,"FullName","Maine national FIA design plots only","plotcop_dataset_table!C36"
"plotcop_dataset_table",37,"FullName","Maryland national FIA design plots only","plotcop_dataset_table!C37"
"plotcop_dataset_table",38,"FullName","Massachusetts national FIA design plots only","plotcop_dataset_table!C38"
"plotcop_dataset_table",39,"FullName","Michigan national FIA design plots only","plotcop_dataset_table!C39"
"plotcop_dataset_table",40,"FullName","Minnesota national FIA design plots only","plotcop_dataset_table!C40"
"plotcop_dataset_table",41,"FullName","Montana national FIA design plots only","plotcop_dataset_table!C41"
"plotcop_dataset_table",42,"FullName","Nebraska national FIA design plots only","plotcop_dataset_table!C42"
"plotcop_dataset_table",43,"FullName","New Hampshire national FIA design plots only","plotcop_dataset_table!C43"
"plotcop_dataset_table",44,"FullName","New Jersey national FIA design plots only","plotcop_dataset_table!C44"
"plotcop_dataset_table",45,"FullName","New York national FIA design plots only","plotcop_dataset_table!C45"
"plotcop_dataset_table",46,"FullName","North Carolina national FIA design plots only","plotcop_dataset_table!C46"
"plotcop_dataset_table",47,"FullName","North Dakota national FIA design plots only","plotcop_dataset_table!C47"
"plotcop_dataset_table",48,"FullName","Ohio national FIA design plots only","plotcop_dataset_table!C48"
"plotcop_dataset_table",49,"FullName","Oregon national FIA design plots only","plotcop_dataset_table!C49"
"plotcop_dataset_table",50,"FullName","Pennsylvania national FIA design plots only","plotcop_dataset_table!C50"
"plotcop_dataset_table",51,"FullName","Rhode Island national FIA design plots only","plotcop_dataset_table!C51"
"plotcop_dataset_table",52,"FullName","South Dakota national FIA design plots only","plotcop_dataset_table!C52"
"plotcop_dataset_table",53,"FullName","Tennessee national FIA design plots only","plotcop_dataset_table!C53"
"plotcop_dataset_table",54,"FullName","Vermont national FIA design plots only","plotcop_dataset_table!C54"
"plotcop_dataset_table",55,"FullName","Virginia national FIA design plots only","plotcop_dataset_table!C55"
"plotcop_dataset_table",56,"FullName","Washington national FIA design plots only","plotcop_dataset_table!C56"
"plotcop_dataset_table",57,"FullName","West Virginia national FIA design plots only","plotcop_dataset_table!C57"
"plotcop_dataset_table",58,"FullName","Wisconsin national FIA design plots only","plotcop_dataset_table!C58"
"plotcop_dataset_table",59,"FullName","Wyoming national FIA design plots only","plotcop_dataset_table!C59"
"plotcop_dataset_table",60,"FullName","CAN_NFI extraction from MAGPlots database","plotcop_dataset_table!C60"
"plotcop_dataset_table",61,"FullName","AB_PSP extraction from MAGPlots database","plotcop_dataset_table!C61"
"plotcop_dataset_table",62,"FullName","AB_RPN extraction from MAGPlots database","plotcop_dataset_table!C62"
"plotcop_dataset_table",63,"FullName","MB_PSP extraction from MAGPlots database","plotcop_dataset_table!C63"
"plotcop_dataset_table",64,"FullName","NT_PSP extraction from MAGPlots database","plotcop_dataset_table!C64"
"plotcop_dataset_table",65,"FullName","PEI_PSP extraction from MAGPlots database","plotcop_dataset_table!C65"
"plotcop_dataset_table",66,"FullName","YT_PSP extraction from MAGPlots database","plotcop_dataset_table!C66"
"plotcop_dataset_table",67,"FullName",,"plotcop_dataset_table!C67"
"plotcop_dataset_table",68,"FullName",,"plotcop_dataset_table!C68"
"plotcop_dataset_table",69,"FullName",,"plotcop_dataset_table!C69"
"plotcop_dataset_table",70,"FullName",,"plotcop_dataset_table!C70"
"plotcop_dataset_table",71,"FullName",,"plotcop_dataset_table!C71"
"plotcop_dataset_table",72,"FullName",,"plotcop_dataset_table!C72"
"plotcop_dataset_table",73,"FullName",,"plotcop_dataset_table!C73"
"plotcop_dataset_table",74,"FullName",,"plotcop_dataset_table!C74"
"plotcop_dataset_table",75,"FullName",,"plotcop_dataset_table!C75"
"plotcop_dataset_table",76,"FullName",,"plotcop_dataset_table!C76"
"plotcop_dataset_table",77,"FullName",,"plotcop_dataset_table!C77"
"plotcop_dataset_table",78,"FullName",,"plotcop_dataset_table!C78"
"plotcop_dataset_table",1,"Country","Country","plotcop_dataset_table!D1"
"plotcop_dataset_table",2,"Country","CAN","plotcop_dataset_table!D2"
"plotcop_dataset_table",3,"Country","CAN","plotcop_dataset_table!D3"
"plotcop_dataset_table",4,"Country","CAN","plotcop_dataset_table!D4"
"plotcop_dataset_table",5,"Country","CAN","plotcop_dataset_table!D5"
"plotcop_dataset_table",6,"Country","CAN","plotcop_dataset_table!D6"
"plotcop_dataset_table",7,"Country","CAN","plotcop_dataset_table!D7"
"plotcop_dataset_table",8,"Country","CAN","plotcop_dataset_table!D8"
"plotcop_dataset_table",9,"Country","CAN","plotcop_dataset_table!D9"
"plotcop_dataset_table",10,"Country","CAN","plotcop_dataset_table!D10"
"plotcop_dataset_table",11,"Country","CAN","plotcop_dataset_table!D11"
"plotcop_dataset_table",12,"Country","CAN","plotcop_dataset_table!D12"
"plotcop_dataset_table",13,"Country","CAN","plotcop_dataset_table!D13"
"plotcop_dataset_table",14,"Country","CAN","plotcop_dataset_table!D14"
"plotcop_dataset_table",15,"Country","CAN","plotcop_dataset_table!D15"
"plotcop_dataset_table",16,"Country","CAN","plotcop_dataset_table!D16"
"plotcop_dataset_table",17,"Country","CAN","plotcop_dataset_table!D17"
"plotcop_dataset_table",18,"Country","CAN","plotcop_dataset_table!D18"
"plotcop_dataset_table",19,"Country","CAN","plotcop_dataset_table!D19"
"plotcop_dataset_table",20,"Country","CAN","plotcop_dataset_table!D20"
"plotcop_dataset_table",21,"Country","CAN","plotcop_dataset_table!D21"
"plotcop_dataset_table",22,"Country","CAN","plotcop_dataset_table!D22"
"plotcop_dataset_table",23,"Country","CAN","plotcop_dataset_table!D23"
"plotcop_dataset_table",24,"Country","CAN","plotcop_dataset_table!D24"
"plotcop_dataset_table",25,"Country","CAN","plotcop_dataset_table!D25"
"plotcop_dataset_table",26,"Country","CAN","plotcop_dataset_table!D26"
"plotcop_dataset_table",27,"Country","CAN","plotcop_dataset_table!D27"
"plotcop_dataset_table",28,"Country","USA","plotcop_dataset_table!D28"
"plotcop_dataset_table",29,"Country","USA","plotcop_dataset_table!D29"
"plotcop_dataset_table",30,"Country","USA","plotcop_dataset_table!D30"
"plotcop_dataset_table",31,"Country","USA","plotcop_dataset_table!D31"
"plotcop_dataset_table",32,"Country","USA","plotcop_dataset_table!D32"
"plotcop_dataset_table",33,"Country","USA","plotcop_dataset_table!D33"
"plotcop_dataset_table",34,"Country","USA","plotcop_dataset_table!D34"
"plotcop_dataset_table",35,"Country","USA","plotcop_dataset_table!D35"
"plotcop_dataset_table",36,"Country","USA","plotcop_dataset_table!D36"
"plotcop_dataset_table",37,"Country","USA","plotcop_dataset_table!D37"
"plotcop_dataset_table",38,"Country","USA","plotcop_dataset_table!D38"
"plotcop_dataset_table",39,"Country","USA","plotcop_dataset_table!D39"
"plotcop_dataset_table",40,"Country","USA","plotcop_dataset_table!D40"
"plotcop_dataset_table",41,"Country","USA","plotcop_dataset_table!D41"
"plotcop_dataset_table",42,"Country","USA","plotcop_dataset_table!D42"
"plotcop_dataset_table",43,"Country","USA","plotcop_dataset_table!D43"
"plotcop_dataset_table",44,"Country","USA","plotcop_dataset_table!D44"
"plotcop_dataset_table",45,"Country","USA","plotcop_dataset_table!D45"
"plotcop_dataset_table",46,"Country","USA","plotcop_dataset_table!D46"
"plotcop_dataset_table",47,"Country","USA","plotcop_dataset_table!D47"
"plotcop_dataset_table",48,"Country","USA","plotcop_dataset_table!D48"
"plotcop_dataset_table",49,"Country","USA","plotcop_dataset_table!D49"
"plotcop_dataset_table",50,"Country","USA","plotcop_dataset_table!D50"
"plotcop_dataset_table",51,"Country","USA","plotcop_dataset_table!D51"
"plotcop_dataset_table",52,"Country","USA","plotcop_dataset_table!D52"
"plotcop_dataset_table",53,"Country","USA","plotcop_dataset_table!D53"
"plotcop_dataset_table",54,"Country","USA","plotcop_dataset_table!D54"
"plotcop_dataset_table",55,"Country","USA","plotcop_dataset_table!D55"
"plotcop_dataset_table",56,"Country","USA","plotcop_dataset_table!D56"
"plotcop_dataset_table",57,"Country","USA","plotcop_dataset_table!D57"
"plotcop_dataset_table",58,"Country","USA","plotcop_dataset_table!D58"
"plotcop_dataset_table",59,"Country","USA","plotcop_dataset_table!D59"
"plotcop_dataset_table",60,"Country","CAN","plotcop_dataset_table!D60"
"plotcop_dataset_table",61,"Country","CAN","plotcop_dataset_table!D61"
"plotcop_dataset_table",62,"Country","CAN","plotcop_dataset_table!D62"
"plotcop_dataset_table",63,"Country","CAN","plotcop_dataset_table!D63"
"plotcop_dataset_table",64,"Country","CAN","plotcop_dataset_table!D64"
"plotcop_dataset_table",65,"Country","CAN","plotcop_dataset_table!D65"
"plotcop_dataset_table",66,"Country","CAN","plotcop_dataset_table!D66"
"plotcop_dataset_table",67,"Country",,"plotcop_dataset_table!D67"
"plotcop_dataset_table",68,"Country",,"plotcop_dataset_table!D68"
"plotcop_dataset_table",69,"Country",,"plotcop_dataset_table!D69"
"plotcop_dataset_table",70,"Country",,"plotcop_dataset_table!D70"
"plotcop_dataset_table",71,"Country",,"plotcop_dataset_table!D71"
"plotcop_dataset_table",72,"Country",,"plotcop_dataset_table!D72"
"plotcop_dataset_table",73,"Country",,"plotcop_dataset_table!D73"
"plotcop_dataset_table",74,"Country",,"plotcop_dataset_table!D74"
"plotcop_dataset_table",75,"Country",,"plotcop_dataset_table!D75"
"plotcop_dataset_table",76,"Country",,"plotcop_dataset_table!D76"
"plotcop_dataset_table",77,"Country",,"plotcop_dataset_table!D77"
"plotcop_dataset_table",78,"Country",,"plotcop_dataset_table!D78"
"plotcop_dataset_table",1,"Jurisdiction","Jurisdiction","plotcop_dataset_table!E1"
"plotcop_dataset_table",2,"Jurisdiction","NB","plotcop_dataset_table!E2"
"plotcop_dataset_table",3,"Jurisdiction","NB","plotcop_dataset_table!E3"
"plotcop_dataset_table",4,"Jurisdiction","NB","plotcop_dataset_table!E4"
"plotcop_dataset_table",5,"Jurisdiction","NB","plotcop_dataset_table!E5"
"plotcop_dataset_table",6,"Jurisdiction","NB","plotcop_dataset_table!E6"
"plotcop_dataset_table",7,"Jurisdiction","NB","plotcop_dataset_table!E7"
"plotcop_dataset_table",8,"Jurisdiction","NB","plotcop_dataset_table!E8"
"plotcop_dataset_table",9,"Jurisdiction","NB","plotcop_dataset_table!E9"
"plotcop_dataset_table",10,"Jurisdiction","BC","plotcop_dataset_table!E10"
"plotcop_dataset_table",11,"Jurisdiction","BC","plotcop_dataset_table!E11"
"plotcop_dataset_table",12,"Jurisdiction","BC","plotcop_dataset_table!E12"
"plotcop_dataset_table",13,"Jurisdiction","BC","plotcop_dataset_table!E13"
"plotcop_dataset_table",14,"Jurisdiction","BC","plotcop_dataset_table!E14"
"plotcop_dataset_table",15,"Jurisdiction","BC","plotcop_dataset_table!E15"
"plotcop_dataset_table",16,"Jurisdiction","QC","plotcop_dataset_table!E16"
"plotcop_dataset_table",17,"Jurisdiction","QC","plotcop_dataset_table!E17"
"plotcop_dataset_table",18,"Jurisdiction","QC","plotcop_dataset_table!E18"
"plotcop_dataset_table",19,"Jurisdiction","QC","plotcop_dataset_table!E19"
"plotcop_dataset_table",20,"Jurisdiction","QC","plotcop_dataset_table!E20"
"plotcop_dataset_table",21,"Jurisdiction","QC","plotcop_dataset_table!E21"
"plotcop_dataset_table",22,"Jurisdiction","QC","plotcop_dataset_table!E22"
"plotcop_dataset_table",23,"Jurisdiction","NS","plotcop_dataset_table!E23"
"plotcop_dataset_table",24,"Jurisdiction","NS","plotcop_dataset_table!E24"
"plotcop_dataset_table",25,"Jurisdiction","NL","plotcop_dataset_table!E25"
"plotcop_dataset_table",26,"Jurisdiction","ON","plotcop_dataset_table!E26"
"plotcop_dataset_table",27,"Jurisdiction","ON","plotcop_dataset_table!E27"
"plotcop_dataset_table",28,"Jurisdiction","AK","plotcop_dataset_table!E28"
"plotcop_dataset_table",29,"Jurisdiction","CT","plotcop_dataset_table!E29"
"plotcop_dataset_table",30,"Jurisdiction","DE","plotcop_dataset_table!E30"
"plotcop_dataset_table",31,"Jurisdiction","ID","plotcop_dataset_table!E31"
"plotcop_dataset_table",32,"Jurisdiction","IL","plotcop_dataset_table!E32"
"plotcop_dataset_table",33,"Jurisdiction","IN","plotcop_dataset_table!E33"
"plotcop_dataset_table",34,"Jurisdiction","IA","plotcop_dataset_table!E34"
"plotcop_dataset_table",35,"Jurisdiction","KY","plotcop_dataset_table!E35"
"plotcop_dataset_table",36,"Jurisdiction","ME","plotcop_dataset_table!E36"
"plotcop_dataset_table",37,"Jurisdiction","MD","plotcop_dataset_table!E37"
"plotcop_dataset_table",38,"Jurisdiction","MA","plotcop_dataset_table!E38"
"plotcop_dataset_table",39,"Jurisdiction","MI","plotcop_dataset_table!E39"
"plotcop_dataset_table",40,"Jurisdiction","MN","plotcop_dataset_table!E40"
"plotcop_dataset_table",41,"Jurisdiction","MT","plotcop_dataset_table!E41"
"plotcop_dataset_table",42,"Jurisdiction","NE","plotcop_dataset_table!E42"
"plotcop_dataset_table",43,"Jurisdiction","NH","plotcop_dataset_table!E43"
"plotcop_dataset_table",44,"Jurisdiction","NJ","plotcop_dataset_table!E44"
"plotcop_dataset_table",45,"Jurisdiction","NY","plotcop_dataset_table!E45"
"plotcop_dataset_table",46,"Jurisdiction","NC","plotcop_dataset_table!E46"
"plotcop_dataset_table",47,"Jurisdiction","ND","plotcop_dataset_table!E47"
"plotcop_dataset_table",48,"Jurisdiction","OH","plotcop_dataset_table!E48"
"plotcop_dataset_table",49,"Jurisdiction","OR","plotcop_dataset_table!E49"
"plotcop_dataset_table",50,"Jurisdiction","PA","plotcop_dataset_table!E50"
"plotcop_dataset_table",51,"Jurisdiction","RI","plotcop_dataset_table!E51"
"plotcop_dataset_table",52,"Jurisdiction","SD","plotcop_dataset_table!E52"
"plotcop_dataset_table",53,"Jurisdiction","TN","plotcop_dataset_table!E53"
"plotcop_dataset_table",54,"Jurisdiction","VT","plotcop_dataset_table!E54"
"plotcop_dataset_table",55,"Jurisdiction","VA","plotcop_dataset_table!E55"
"plotcop_dataset_table",56,"Jurisdiction","WA","plotcop_dataset_table!E56"
"plotcop_dataset_table",57,"Jurisdiction","WV","plotcop_dataset_table!E57"
"plotcop_dataset_table",58,"Jurisdiction","WI","plotcop_dataset_table!E58"
"plotcop_dataset_table",59,"Jurisdiction","WY","plotcop_dataset_table!E59"
"plotcop_dataset_table",60,"Jurisdiction","CAN","plotcop_dataset_table!E60"
"plotcop_dataset_table",61,"Jurisdiction","AB","plotcop_dataset_table!E61"
"plotcop_dataset_table",62,"Jurisdiction","AB","plotcop_dataset_table!E62"
"plotcop_dataset_table",63,"Jurisdiction","MB","plotcop_dataset_table!E63"
"plotcop_dataset_table",64,"Jurisdiction","NT","plotcop_dataset_table!E64"
"plotcop_dataset_table",65,"Jurisdiction","PEI","plotcop_dataset_table!E65"
"plotcop_dataset_table",66,"Jurisdiction","YT","plotcop_dataset_table!E66"
"plotcop_dataset_table",67,"Jurisdiction",,"plotcop_dataset_table!E67"
"plotcop_dataset_table",68,"Jurisdiction",,"plotcop_dataset_table!E68"
"plotcop_dataset_table",69,"Jurisdiction",,"plotcop_dataset_table!E69"
"plotcop_dataset_table",70,"Jurisdiction",,"plotcop_dataset_table!E70"
"plotcop_dataset_table",71,"Jurisdiction",,"plotcop_dataset_table!E71"
"plotcop_dataset_table",72,"Jurisdiction",,"plotcop_dataset_table!E72"
"plotcop_dataset_table",73,"Jurisdiction",,"plotcop_dataset_table!E73"
"plotcop_dataset_table",74,"Jurisdiction",,"plotcop_dataset_table!E74"
"plotcop_dataset_table",75,"Jurisdiction",,"plotcop_dataset_table!E75"
"plotcop_dataset_table",76,"Jurisdiction",,"plotcop_dataset_table!E76"
"plotcop_dataset_table",77,"Jurisdiction",,"plotcop_dataset_table!E77"
"plotcop_dataset_table",78,"Jurisdiction",,"plotcop_dataset_table!E78"
"plotcop_dataset_table",1,"Owner","Owner","plotcop_dataset_table!F1"
"plotcop_dataset_table",2,"Owner","NB-DNR","plotcop_dataset_table!F2"
"plotcop_dataset_table",3,"Owner","NB-DNR","plotcop_dataset_table!F3"
"plotcop_dataset_table",4,"Owner","NB-DNR","plotcop_dataset_table!F4"
"plotcop_dataset_table",5,"Owner","NB-DNR","plotcop_dataset_table!F5"
"plotcop_dataset_table",6,"Owner","NB-DNR","plotcop_dataset_table!F6"
"plotcop_dataset_table",7,"Owner","NB-DNR","plotcop_dataset_table!F7"
"plotcop_dataset_table",8,"Owner","NB-DNR","plotcop_dataset_table!F8"
"plotcop_dataset_table",9,"Owner","NB_DNR","plotcop_dataset_table!F9"
"plotcop_dataset_table",10,"Owner","BC Ministry","plotcop_dataset_table!F10"
"plotcop_dataset_table",11,"Owner","BC Ministry","plotcop_dataset_table!F11"
"plotcop_dataset_table",12,"Owner","BC Ministry","plotcop_dataset_table!F12"
"plotcop_dataset_table",13,"Owner","BC Ministry","plotcop_dataset_table!F13"
"plotcop_dataset_table",14,"Owner","BC Ministry","plotcop_dataset_table!F14"
"plotcop_dataset_table",15,"Owner","BC Ministry","plotcop_dataset_table!F15"
"plotcop_dataset_table",16,"Owner","QC Ministry of Natural Resources and Forests","plotcop_dataset_table!F16"
"plotcop_dataset_table",17,"Owner","QC Ministry of Natural Resources and Forests","plotcop_dataset_table!F17"
"plotcop_dataset_table",18,"Owner","QC Ministry of Natural Resources and Forests","plotcop_dataset_table!F18"
"plotcop_dataset_table",19,"Owner","QC Ministry of Natural Resources and Forests","plotcop_dataset_table!F19"
"plotcop_dataset_table",20,"Owner","QC Ministry of Natural Resources and Forests","plotcop_dataset_table!F20"
"plotcop_dataset_table",21,"Owner","QC Ministry of Natural Resources and Forests","plotcop_dataset_table!F21"
"plotcop_dataset_table",22,"Owner","QC Ministry of Natural Resources and Forests","plotcop_dataset_table!F22"
"plotcop_dataset_table",23,"Owner","NS-DNR","plotcop_dataset_table!F23"
"plotcop_dataset_table",24,"Owner","NS-DNR","plotcop_dataset_table!F24"
"plotcop_dataset_table",25,"Owner","NL-DNR","plotcop_dataset_table!F25"
"plotcop_dataset_table",26,"Owner","ON Ministry of Natural Resources and Forestry","plotcop_dataset_table!F26"
"plotcop_dataset_table",27,"Owner","ON Ministry of Natural Resources and Forestry","plotcop_dataset_table!F27"
"plotcop_dataset_table",28,"Owner","USDA FIA","plotcop_dataset_table!F28"
"plotcop_dataset_table",29,"Owner","USDA FIA","plotcop_dataset_table!F29"
"plotcop_dataset_table",30,"Owner","USDA FIA","plotcop_dataset_table!F30"
"plotcop_dataset_table",31,"Owner","USDA FIA","plotcop_dataset_table!F31"
"plotcop_dataset_table",32,"Owner","USDA FIA","plotcop_dataset_table!F32"
"plotcop_dataset_table",33,"Owner","USDA FIA","plotcop_dataset_table!F33"
"plotcop_dataset_table",34,"Owner","USDA FIA","plotcop_dataset_table!F34"
"plotcop_dataset_table",35,"Owner","USDA FIA","plotcop_dataset_table!F35"
"plotcop_dataset_table",36,"Owner","USDA FIA","plotcop_dataset_table!F36"
"plotcop_dataset_table",37,"Owner","USDA FIA","plotcop_dataset_table!F37"
"plotcop_dataset_table",38,"Owner","USDA FIA","plotcop_dataset_table!F38"
"plotcop_dataset_table",39,"Owner","USDA FIA","plotcop_dataset_table!F39"
"plotcop_dataset_table",40,"Owner","USDA FIA","plotcop_dataset_table!F40"
"plotcop_dataset_table",41,"Owner","USDA FIA","plotcop_dataset_table!F41"
"plotcop_dataset_table",42,"Owner","USDA FIA","plotcop_dataset_table!F42"
"plotcop_dataset_table",43,"Owner","USDA FIA","plotcop_dataset_table!F43"
"plotcop_dataset_table",44,"Owner","USDA FIA","plotcop_dataset_table!F44"
"plotcop_dataset_table",45,"Owner","USDA FIA","plotcop_dataset_table!F45"
"plotcop_dataset_table",46,"Owner","USDA FIA","plotcop_dataset_table!F46"
"plotcop_dataset_table",47,"Owner","USDA FIA","plotcop_dataset_table!F47"
"plotcop_dataset_table",48,"Owner","USDA FIA","plotcop_dataset_table!F48"
"plotcop_dataset_table",49,"Owner","USDA FIA","plotcop_dataset_table!F49"
"plotcop_dataset_table",50,"Owner","USDA FIA","plotcop_dataset_table!F50"
"plotcop_dataset_table",51,"Owner","USDA FIA","plotcop_dataset_table!F51"
"plotcop_dataset_table",52,"Owner","USDA FIA","plotcop_dataset_table!F52"
"plotcop_dataset_table",53,"Owner","USDA FIA","plotcop_dataset_table!F53"
"plotcop_dataset_table",54,"Owner","USDA FIA","plotcop_dataset_table!F54"
"plotcop_dataset_table",55,"Owner","USDA FIA","plotcop_dataset_table!F55"
"plotcop_dataset_table",56,"Owner","USDA FIA","plotcop_dataset_table!F56"
"plotcop_dataset_table",57,"Owner","USDA FIA","plotcop_dataset_table!F57"
"plotcop_dataset_table",58,"Owner","USDA FIA","plotcop_dataset_table!F58"
"plotcop_dataset_table",59,"Owner","USDA FIA","plotcop_dataset_table!F59"
"plotcop_dataset_table",60,"Owner","CFS","plotcop_dataset_table!F60"
"plotcop_dataset_table",61,"Owner","AB","plotcop_dataset_table!F61"
"plotcop_dataset_table",62,"Owner","AB","plotcop_dataset_table!F62"
"plotcop_dataset_table",63,"Owner","MB","plotcop_dataset_table!F63"
"plotcop_dataset_table",64,"Owner","NT","plotcop_dataset_table!F64"
"plotcop_dataset_table",65,"Owner","PEI","plotcop_dataset_table!F65"
"plotcop_dataset_table",66,"Owner","YT","plotcop_dataset_table!F66"
"plotcop_dataset_table",67,"Owner",,"plotcop_dataset_table!F67"
"plotcop_dataset_table",68,"Owner",,"plotcop_dataset_table!F68"
"plotcop_dataset_table",69,"Owner",,"plotcop_dataset_table!F69"
"plotcop_dataset_table",70,"Owner",,"plotcop_dataset_table!F70"
"plotcop_dataset_table",71,"Owner",,"plotcop_dataset_table!F71"
"plotcop_dataset_table",72,"Owner",,"plotcop_dataset_table!F72"
"plotcop_dataset_table",73,"Owner",,"plotcop_dataset_table!F73"
"plotcop_dataset_table",74,"Owner",,"plotcop_dataset_table!F74"
"plotcop_dataset_table",75,"Owner",,"plotcop_dataset_table!F75"
"plotcop_dataset_table",76,"Owner",,"plotcop_dataset_table!F76"
"plotcop_dataset_table",77,"Owner",,"plotcop_dataset_table!F77"
"plotcop_dataset_table",78,"Owner",,"plotcop_dataset_table!F78"
"plotcop_dataset_table",1,"OwnerType","OwnerType","plotcop_dataset_table!G1"
"plotcop_dataset_table",2,"OwnerType","Public","plotcop_dataset_table!G2"
"plotcop_dataset_table",3,"OwnerType","Public","plotcop_dataset_table!G3"
"plotcop_dataset_table",4,"OwnerType","Public","plotcop_dataset_table!G4"
"plotcop_dataset_table",5,"OwnerType","Public","plotcop_dataset_table!G5"
"plotcop_dataset_table",6,"OwnerType","Public","plotcop_dataset_table!G6"
"plotcop_dataset_table",7,"OwnerType","Public","plotcop_dataset_table!G7"
"plotcop_dataset_table",8,"OwnerType","Public","plotcop_dataset_table!G8"
"plotcop_dataset_table",9,"OwnerType","Public-Licensed","plotcop_dataset_table!G9"
"plotcop_dataset_table",10,"OwnerType","Public","plotcop_dataset_table!G10"
"plotcop_dataset_table",11,"OwnerType","Public","plotcop_dataset_table!G11"
"plotcop_dataset_table",12,"OwnerType","Public","plotcop_dataset_table!G12"
"plotcop_dataset_table",13,"OwnerType","Public","plotcop_dataset_table!G13"
"plotcop_dataset_table",14,"OwnerType","Public","plotcop_dataset_table!G14"
"plotcop_dataset_table",15,"OwnerType","Public","plotcop_dataset_table!G15"
"plotcop_dataset_table",16,"OwnerType","Public","plotcop_dataset_table!G16"
"plotcop_dataset_table",17,"OwnerType","Public","plotcop_dataset_table!G17"
"plotcop_dataset_table",18,"OwnerType","Public","plotcop_dataset_table!G18"
"plotcop_dataset_table",19,"OwnerType","Public","plotcop_dataset_table!G19"
"plotcop_dataset_table",20,"OwnerType","Public","plotcop_dataset_table!G20"
"plotcop_dataset_table",21,"OwnerType","Public","plotcop_dataset_table!G21"
"plotcop_dataset_table",22,"OwnerType","Public","plotcop_dataset_table!G22"
"plotcop_dataset_table",23,"OwnerType","Public","plotcop_dataset_table!G23"
"plotcop_dataset_table",24,"OwnerType","Public-Restricted","plotcop_dataset_table!G24"
"plotcop_dataset_table",25,"OwnerType","Public","plotcop_dataset_table!G25"
"plotcop_dataset_table",26,"OwnerType","Public","plotcop_dataset_table!G26"
"plotcop_dataset_table",27,"OwnerType","Public","plotcop_dataset_table!G27"
"plotcop_dataset_table",28,"OwnerType","Public","plotcop_dataset_table!G28"
"plotcop_dataset_table",29,"OwnerType","Public","plotcop_dataset_table!G29"
"plotcop_dataset_table",30,"OwnerType","Public","plotcop_dataset_table!G30"
"plotcop_dataset_table",31,"OwnerType","Public","plotcop_dataset_table!G31"
"plotcop_dataset_table",32,"OwnerType","Public","plotcop_dataset_table!G32"
"plotcop_dataset_table",33,"OwnerType","Public","plotcop_dataset_table!G33"
"plotcop_dataset_table",34,"OwnerType","Public","plotcop_dataset_table!G34"
"plotcop_dataset_table",35,"OwnerType","Public","plotcop_dataset_table!G35"
"plotcop_dataset_table",36,"OwnerType","Public","plotcop_dataset_table!G36"
"plotcop_dataset_table",37,"OwnerType","Public","plotcop_dataset_table!G37"
"plotcop_dataset_table",38,"OwnerType","Public","plotcop_dataset_table!G38"
"plotcop_dataset_table",39,"OwnerType","Public","plotcop_dataset_table!G39"
"plotcop_dataset_table",40,"OwnerType","Public","plotcop_dataset_table!G40"
"plotcop_dataset_table",41,"OwnerType","Public","plotcop_dataset_table!G41"
"plotcop_dataset_table",42,"OwnerType","Public","plotcop_dataset_table!G42"
"plotcop_dataset_table",43,"OwnerType","Public","plotcop_dataset_table!G43"
"plotcop_dataset_table",44,"OwnerType","Public","plotcop_dataset_table!G44"
"plotcop_dataset_table",45,"OwnerType","Public","plotcop_dataset_table!G45"
"plotcop_dataset_table",46,"OwnerType","Public","plotcop_dataset_table!G46"
"plotcop_dataset_table",47,"OwnerType","Public","plotcop_dataset_table!G47"
"plotcop_dataset_table",48,"OwnerType","Public","plotcop_dataset_table!G48"
"plotcop_dataset_table",49,"OwnerType","Public","plotcop_dataset_table!G49"
"plotcop_dataset_table",50,"OwnerType","Public","plotcop_dataset_table!G50"
"plotcop_dataset_table",51,"OwnerType","Public","plotcop_dataset_table!G51"
"plotcop_dataset_table",52,"OwnerType","Public","plotcop_dataset_table!G52"
"plotcop_dataset_table",53,"OwnerType","Public","plotcop_dataset_table!G53"
"plotcop_dataset_table",54,"OwnerType","Public","plotcop_dataset_table!G54"
"plotcop_dataset_table",55,"OwnerType","Public","plotcop_dataset_table!G55"
"plotcop_dataset_table",56,"OwnerType","Public","plotcop_dataset_table!G56"
"plotcop_dataset_table",57,"OwnerType","Public","plotcop_dataset_table!G57"
"plotcop_dataset_table",58,"OwnerType","Public","plotcop_dataset_table!G58"
"plotcop_dataset_table",59,"OwnerType","Public","plotcop_dataset_table!G59"
"plotcop_dataset_table",60,"OwnerType","Public","plotcop_dataset_table!G60"
"plotcop_dataset_table",61,"OwnerType","Public","plotcop_dataset_table!G61"
"plotcop_dataset_table",62,"OwnerType","Public","plotcop_dataset_table!G62"
"plotcop_dataset_table",63,"OwnerType","Public","plotcop_dataset_table!G63"
"plotcop_dataset_table",64,"OwnerType","Public","plotcop_dataset_table!G64"
"plotcop_dataset_table",65,"OwnerType","Public","plotcop_dataset_table!G65"
"plotcop_dataset_table",66,"OwnerType","Public","plotcop_dataset_table!G66"
"plotcop_dataset_table",67,"OwnerType",,"plotcop_dataset_table!G67"
"plotcop_dataset_table",68,"OwnerType",,"plotcop_dataset_table!G68"
"plotcop_dataset_table",69,"OwnerType",,"plotcop_dataset_table!G69"
"plotcop_dataset_table",70,"OwnerType",,"plotcop_dataset_table!G70"
"plotcop_dataset_table",71,"OwnerType",,"plotcop_dataset_table!G71"
"plotcop_dataset_table",72,"OwnerType",,"plotcop_dataset_table!G72"
"plotcop_dataset_table",73,"OwnerType",,"plotcop_dataset_table!G73"
"plotcop_dataset_table",74,"OwnerType",,"plotcop_dataset_table!G74"
"plotcop_dataset_table",75,"OwnerType",,"plotcop_dataset_table!G75"
"plotcop_dataset_table",76,"OwnerType",,"plotcop_dataset_table!G76"
"plotcop_dataset_table",77,"OwnerType",,"plotcop_dataset_table!G77"
"plotcop_dataset_table",78,"OwnerType",,"plotcop_dataset_table!G78"
"plotcop_dataset_table",1,"License","License","plotcop_dataset_table!H1"
"plotcop_dataset_table",2,"License","License required from NB-DNR to use and/or distribute. Additional license required from industrial freehold owners for freehold land PSPs.","plotcop_dataset_table!H2"
"plotcop_dataset_table",3,"License","License required from NB-DNR to use and/or distribute. Additional license required from industrial freehold owners for freehold land PSPs.","plotcop_dataset_table!H3"
"plotcop_dataset_table",4,"License","License required from NB-DNR to use and/or distribute. Additional license required from industrial freehold owners for freehold land PSPs.","plotcop_dataset_table!H4"
"plotcop_dataset_table",5,"License","License required from NB-DNR to use and/or distribute. Additional license required from industrial freehold owners for freehold land PSPs.","plotcop_dataset_table!H5"
"plotcop_dataset_table",6,"License","License required from NB-DNR to use and/or distribute. Additional license required from industrial freehold owners for freehold land FDS.","plotcop_dataset_table!H6"
"plotcop_dataset_table",7,"License","License required from NB-DNR to use and/or distribute. Additional license required from industrial freehold owners for freehold land FDS.","plotcop_dataset_table!H7"
"plotcop_dataset_table",8,"License","License required from NB-DNR to use and/or distribute. Additional license required from industrial freehold owners for freehold land FDS.","plotcop_dataset_table!H8"
"plotcop_dataset_table",9,"License","Approval required from NB DNR to use and/or distribute. Additional license required from industrial freehold owners for freehold land CLI plots.","plotcop_dataset_table!H9"
"plotcop_dataset_table",10,"License","Open data; coordinates not to be distributed.","plotcop_dataset_table!H10"
"plotcop_dataset_table",11,"License","Open data; coordinates not to be distributed.","plotcop_dataset_table!H11"
"plotcop_dataset_table",12,"License","Open data; coordinates not to be distributed.","plotcop_dataset_table!H12"
"plotcop_dataset_table",13,"License","Open data; coordinates not to be distributed.","plotcop_dataset_table!H13"
"plotcop_dataset_table",14,"License","Open data; coordinates not to be distributed.","plotcop_dataset_table!H14"
"plotcop_dataset_table",15,"License","Open data; coordinates not to be distributed.","plotcop_dataset_table!H15"
"plotcop_dataset_table",16,"License","Public data available at www.donneesquebec.ca (CC-BY 4.0)","plotcop_dataset_table!H16"
"plotcop_dataset_table",17,"License","Public data available at www.donneesquebec.ca (CC-BY 4.0)","plotcop_dataset_table!H17"
"plotcop_dataset_table",18,"License","Public data available at www.donneesquebec.ca (CC-BY 4.0)","plotcop_dataset_table!H18"
"plotcop_dataset_table",19,"License","Public data available at www.donneesquebec.ca (CC-BY 4.0)","plotcop_dataset_table!H19"
"plotcop_dataset_table",20,"License","Public data available at www.donneesquebec.ca (CC-BY 4.0)","plotcop_dataset_table!H20"
"plotcop_dataset_table",21,"License","Public data available at www.donneesquebec.ca (CC-BY 4.0)","plotcop_dataset_table!H21"
"plotcop_dataset_table",22,"License","Public data available at www.donneesquebec.ca (CC-BY 4.0)","plotcop_dataset_table!H22"
"plotcop_dataset_table",23,"License","License required by NS-DNR for use.","plotcop_dataset_table!H23"
"plotcop_dataset_table",24,"License","License required for use of tree data (only Hennigar, Fortin, G&Y team have a license for these data from NS-DNR); spatial coordinates highly sensitive - use encryption for transfer and do not share beyond Fortin and Hennigar.","plotcop_dataset_table!H24"
"plotcop_dataset_table",25,"License","Licensed required from NL-DNR for use. These data are based on the original Access database in 2024 with crew personal info that is not to be distributed. This raw database version is similar to the publicly available version on the NL Geo Portal, but not","plotcop_dataset_table!H25"
"plotcop_dataset_table",26,"License","Under sharing agreement (do not distribute)","plotcop_dataset_table!H26"
"plotcop_dataset_table",27,"License","Under sharing agreement (do not distribute)","plotcop_dataset_table!H27"
"plotcop_dataset_table",28,"License","USDA FIA License (Public) - see https://research.fs.usda.gov/products/dataandtools/fia-datamart","plotcop_dataset_table!H28"
"plotcop_dataset_table",29,"License","USDA FIA License (Public) - see https://research.fs.usda.gov/products/dataandtools/fia-datamart","plotcop_dataset_table!H29"
"plotcop_dataset_table",30,"License","USDA FIA License (Public) - see https://research.fs.usda.gov/products/dataandtools/fia-datamart","plotcop_dataset_table!H30"
"plotcop_dataset_table",31,"License","USDA FIA License (Public) - see https://research.fs.usda.gov/products/dataandtools/fia-datamart","plotcop_dataset_table!H31"
"plotcop_dataset_table",32,"License","USDA FIA License (Public) - see https://research.fs.usda.gov/products/dataandtools/fia-datamart","plotcop_dataset_table!H32"
"plotcop_dataset_table",33,"License","USDA FIA License (Public) - see https://research.fs.usda.gov/products/dataandtools/fia-datamart","plotcop_dataset_table!H33"
"plotcop_dataset_table",34,"License","USDA FIA License (Public) - see https://research.fs.usda.gov/products/dataandtools/fia-datamart","plotcop_dataset_table!H34"
"plotcop_dataset_table",35,"License","USDA FIA License (Public) - see https://research.fs.usda.gov/products/dataandtools/fia-datamart","plotcop_dataset_table!H35"
"plotcop_dataset_table",36,"License","USDA FIA License (Public) - see https://research.fs.usda.gov/products/dataandtools/fia-datamart","plotcop_dataset_table!H36"
"plotcop_dataset_table",37,"License","USDA FIA License (Public) - see https://research.fs.usda.gov/products/dataandtools/fia-datamart","plotcop_dataset_table!H37"
"plotcop_dataset_table",38,"License","USDA FIA License (Public) - see https://research.fs.usda.gov/products/dataandtools/fia-datamart","plotcop_dataset_table!H38"
"plotcop_dataset_table",39,"License","USDA FIA License (Public) - see https://research.fs.usda.gov/products/dataandtools/fia-datamart","plotcop_dataset_table!H39"
"plotcop_dataset_table",40,"License","USDA FIA License (Public) - see https://research.fs.usda.gov/products/dataandtools/fia-datamart","plotcop_dataset_table!H40"
"plotcop_dataset_table",41,"License","USDA FIA License (Public) - see https://research.fs.usda.gov/products/dataandtools/fia-datamart","plotcop_dataset_table!H41"
"plotcop_dataset_table",42,"License","USDA FIA License (Public) - see https://research.fs.usda.gov/products/dataandtools/fia-datamart","plotcop_dataset_table!H42"
"plotcop_dataset_table",43,"License","USDA FIA License (Public) - see https://research.fs.usda.gov/products/dataandtools/fia-datamart","plotcop_dataset_table!H43"
"plotcop_dataset_table",44,"License","USDA FIA License (Public) - see https://research.fs.usda.gov/products/dataandtools/fia-datamart","plotcop_dataset_table!H44"
"plotcop_dataset_table",45,"License","USDA FIA License (Public) - see https://research.fs.usda.gov/products/dataandtools/fia-datamart","plotcop_dataset_table!H45"
"plotcop_dataset_table",46,"License","USDA FIA License (Public) - see https://research.fs.usda.gov/products/dataandtools/fia-datamart","plotcop_dataset_table!H46"
"plotcop_dataset_table",47,"License","USDA FIA License (Public) - see https://research.fs.usda.gov/products/dataandtools/fia-datamart","plotcop_dataset_table!H47"
"plotcop_dataset_table",48,"License","USDA FIA License (Public) - see https://research.fs.usda.gov/products/dataandtools/fia-datamart","plotcop_dataset_table!H48"
"plotcop_dataset_table",49,"License","USDA FIA License (Public) - see https://research.fs.usda.gov/products/dataandtools/fia-datamart","plotcop_dataset_table!H49"
"plotcop_dataset_table",50,"License","USDA FIA License (Public) - see https://research.fs.usda.gov/products/dataandtools/fia-datamart","plotcop_dataset_table!H50"
"plotcop_dataset_table",51,"License","USDA FIA License (Public) - see https://research.fs.usda.gov/products/dataandtools/fia-datamart","plotcop_dataset_table!H51"
"plotcop_dataset_table",52,"License","USDA FIA License (Public) - see https://research.fs.usda.gov/products/dataandtools/fia-datamart","plotcop_dataset_table!H52"
"plotcop_dataset_table",53,"License","USDA FIA License (Public) - see https://research.fs.usda.gov/products/dataandtools/fia-datamart","plotcop_dataset_table!H53"
"plotcop_dataset_table",54,"License","USDA FIA License (Public) - see https://research.fs.usda.gov/products/dataandtools/fia-datamart","plotcop_dataset_table!H54"
"plotcop_dataset_table",55,"License","USDA FIA License (Public) - see https://research.fs.usda.gov/products/dataandtools/fia-datamart","plotcop_dataset_table!H55"
"plotcop_dataset_table",56,"License","USDA FIA License (Public) - see https://research.fs.usda.gov/products/dataandtools/fia-datamart","plotcop_dataset_table!H56"
"plotcop_dataset_table",57,"License","USDA FIA License (Public) - see https://research.fs.usda.gov/products/dataandtools/fia-datamart","plotcop_dataset_table!H57"
"plotcop_dataset_table",58,"License","USDA FIA License (Public) - see https://research.fs.usda.gov/products/dataandtools/fia-datamart","plotcop_dataset_table!H58"
"plotcop_dataset_table",59,"License","USDA FIA License (Public) - see https://research.fs.usda.gov/products/dataandtools/fia-datamart","plotcop_dataset_table!H59"
"plotcop_dataset_table",60,"License","License for data use goverened by MAGPlot team (NRCan), which are inturn governed by individual provincial data licenses with the MAGPlot Team, which all have different restrictions. Consult MAG Team before using or distributiong these data. Some datasets","plotcop_dataset_table!H60"
"plotcop_dataset_table",61,"License","License for data use goverened by MAGPlot team (NRCan), which are inturn governed by individual provincial data licenses with the MAGPlot Team, which all have different restrictions. Consult MAG Team before using or distributiong these data. Some datasets","plotcop_dataset_table!H61"
"plotcop_dataset_table",62,"License","License for data use goverened by MAGPlot team (NRCan), which are inturn governed by individual provincial data licenses with the MAGPlot Team, which all have different restrictions. Consult MAG Team before using or distributiong these data. Some datasets","plotcop_dataset_table!H62"
"plotcop_dataset_table",63,"License","License for data use goverened by MAGPlot team (NRCan), which are inturn governed by individual provincial data licenses with the MAGPlot Team, which all have different restrictions. Consult MAG Team before using or distributiong these data. Some datasets","plotcop_dataset_table!H63"
"plotcop_dataset_table",64,"License","License for data use goverened by MAGPlot team (NRCan), which are inturn governed by individual provincial data licenses with the MAGPlot Team, which all have different restrictions. Consult MAG Team before using or distributiong these data. Some datasets","plotcop_dataset_table!H64"
"plotcop_dataset_table",65,"License","License for data use goverened by MAGPlot team (NRCan), which are inturn governed by individual provincial data licenses with the MAGPlot Team, which all have different restrictions. Consult MAG Team before using or distributiong these data. Some datasets","plotcop_dataset_table!H65"
"plotcop_dataset_table",66,"License","License for data use goverened by MAGPlot team (NRCan), which are inturn governed by individual provincial data licenses with the MAGPlot Team, which all have different restrictions. Consult MAG Team before using or distributiong these data. Some datasets","plotcop_dataset_table!H66"
"plotcop_dataset_table",67,"License",,"plotcop_dataset_table!H67"
"plotcop_dataset_table",68,"License",,"plotcop_dataset_table!H68"
"plotcop_dataset_table",69,"License",,"plotcop_dataset_table!H69"
"plotcop_dataset_table",70,"License",,"plotcop_dataset_table!H70"
"plotcop_dataset_table",71,"License",,"plotcop_dataset_table!H71"
"plotcop_dataset_table",72,"License",,"plotcop_dataset_table!H72"
"plotcop_dataset_table",73,"License",,"plotcop_dataset_table!H73"
"plotcop_dataset_table",74,"License",,"plotcop_dataset_table!H74"
"plotcop_dataset_table",75,"License",,"plotcop_dataset_table!H75"
"plotcop_dataset_table",76,"License",,"plotcop_dataset_table!H76"
"plotcop_dataset_table",77,"License",,"plotcop_dataset_table!H77"
"plotcop_dataset_table",78,"License",,"plotcop_dataset_table!H78"
"plotcop_dataset_table",1,"FuzzedXY","FuzzedXY","plotcop_dataset_table!I1"
"plotcop_dataset_table",2,"FuzzedXY","0","plotcop_dataset_table!I2"
"plotcop_dataset_table",3,"FuzzedXY","0","plotcop_dataset_table!I3"
"plotcop_dataset_table",4,"FuzzedXY","0","plotcop_dataset_table!I4"
"plotcop_dataset_table",5,"FuzzedXY","0","plotcop_dataset_table!I5"
"plotcop_dataset_table",6,"FuzzedXY","0","plotcop_dataset_table!I6"
"plotcop_dataset_table",7,"FuzzedXY","0","plotcop_dataset_table!I7"
"plotcop_dataset_table",8,"FuzzedXY","0","plotcop_dataset_table!I8"
"plotcop_dataset_table",9,"FuzzedXY","0","plotcop_dataset_table!I9"
"plotcop_dataset_table",10,"FuzzedXY","0","plotcop_dataset_table!I10"
"plotcop_dataset_table",11,"FuzzedXY","10000","plotcop_dataset_table!I11"
"plotcop_dataset_table",12,"FuzzedXY","10000","plotcop_dataset_table!I12"
"plotcop_dataset_table",13,"FuzzedXY","0","plotcop_dataset_table!I13"
"plotcop_dataset_table",14,"FuzzedXY","0","plotcop_dataset_table!I14"
"plotcop_dataset_table",15,"FuzzedXY","0","plotcop_dataset_table!I15"
"plotcop_dataset_table",16,"FuzzedXY","0","plotcop_dataset_table!I16"
"plotcop_dataset_table",17,"FuzzedXY","0","plotcop_dataset_table!I17"
"plotcop_dataset_table",18,"FuzzedXY","0","plotcop_dataset_table!I18"
"plotcop_dataset_table",19,"FuzzedXY","0","plotcop_dataset_table!I19"
"plotcop_dataset_table",20,"FuzzedXY","0","plotcop_dataset_table!I20"
"plotcop_dataset_table",21,"FuzzedXY","0","plotcop_dataset_table!I21"
"plotcop_dataset_table",22,"FuzzedXY","0","plotcop_dataset_table!I22"
"plotcop_dataset_table",23,"FuzzedXY","0","plotcop_dataset_table!I23"
"plotcop_dataset_table",24,"FuzzedXY","0","plotcop_dataset_table!I24"
"plotcop_dataset_table",25,"FuzzedXY","0","plotcop_dataset_table!I25"
"plotcop_dataset_table",26,"FuzzedXY","0","plotcop_dataset_table!I26"
"plotcop_dataset_table",27,"FuzzedXY","0","plotcop_dataset_table!I27"
"plotcop_dataset_table",28,"FuzzedXY","1000","plotcop_dataset_table!I28"
"plotcop_dataset_table",29,"FuzzedXY","1000","plotcop_dataset_table!I29"
"plotcop_dataset_table",30,"FuzzedXY","1000","plotcop_dataset_table!I30"
"plotcop_dataset_table",31,"FuzzedXY","1000","plotcop_dataset_table!I31"
"plotcop_dataset_table",32,"FuzzedXY","1000","plotcop_dataset_table!I32"
"plotcop_dataset_table",33,"FuzzedXY","1000","plotcop_dataset_table!I33"
"plotcop_dataset_table",34,"FuzzedXY","1000","plotcop_dataset_table!I34"
"plotcop_dataset_table",35,"FuzzedXY","1000","plotcop_dataset_table!I35"
"plotcop_dataset_table",36,"FuzzedXY","1000","plotcop_dataset_table!I36"
"plotcop_dataset_table",37,"FuzzedXY","1000","plotcop_dataset_table!I37"
"plotcop_dataset_table",38,"FuzzedXY","1000","plotcop_dataset_table!I38"
"plotcop_dataset_table",39,"FuzzedXY","1000","plotcop_dataset_table!I39"
"plotcop_dataset_table",40,"FuzzedXY","1000","plotcop_dataset_table!I40"
"plotcop_dataset_table",41,"FuzzedXY","1000","plotcop_dataset_table!I41"
"plotcop_dataset_table",42,"FuzzedXY","1000","plotcop_dataset_table!I42"
"plotcop_dataset_table",43,"FuzzedXY","1000","plotcop_dataset_table!I43"
"plotcop_dataset_table",44,"FuzzedXY","1000","plotcop_dataset_table!I44"
"plotcop_dataset_table",45,"FuzzedXY","1000","plotcop_dataset_table!I45"
"plotcop_dataset_table",46,"FuzzedXY","1000","plotcop_dataset_table!I46"
"plotcop_dataset_table",47,"FuzzedXY","1000","plotcop_dataset_table!I47"
"plotcop_dataset_table",48,"FuzzedXY","1000","plotcop_dataset_table!I48"
"plotcop_dataset_table",49,"FuzzedXY","1000","plotcop_dataset_table!I49"
"plotcop_dataset_table",50,"FuzzedXY","1000","plotcop_dataset_table!I50"
"plotcop_dataset_table",51,"FuzzedXY","1000","plotcop_dataset_table!I51"
"plotcop_dataset_table",52,"FuzzedXY","1000","plotcop_dataset_table!I52"
"plotcop_dataset_table",53,"FuzzedXY","1000","plotcop_dataset_table!I53"
"plotcop_dataset_table",54,"FuzzedXY","1000","plotcop_dataset_table!I54"
"plotcop_dataset_table",55,"FuzzedXY","1000","plotcop_dataset_table!I55"
"plotcop_dataset_table",56,"FuzzedXY","1000","plotcop_dataset_table!I56"
"plotcop_dataset_table",57,"FuzzedXY","1000","plotcop_dataset_table!I57"
"plotcop_dataset_table",58,"FuzzedXY","1000","plotcop_dataset_table!I58"
"plotcop_dataset_table",59,"FuzzedXY","1000","plotcop_dataset_table!I59"
"plotcop_dataset_table",60,"FuzzedXY",,"plotcop_dataset_table!I60"
"plotcop_dataset_table",61,"FuzzedXY",,"plotcop_dataset_table!I61"
"plotcop_dataset_table",62,"FuzzedXY",,"plotcop_dataset_table!I62"
"plotcop_dataset_table",63,"FuzzedXY",,"plotcop_dataset_table!I63"
"plotcop_dataset_table",64,"FuzzedXY",,"plotcop_dataset_table!I64"
"plotcop_dataset_table",65,"FuzzedXY",,"plotcop_dataset_table!I65"
"plotcop_dataset_table",66,"FuzzedXY",,"plotcop_dataset_table!I66"
"plotcop_dataset_table",67,"FuzzedXY",,"plotcop_dataset_table!I67"
"plotcop_dataset_table",68,"FuzzedXY",,"plotcop_dataset_table!I68"
"plotcop_dataset_table",69,"FuzzedXY",,"plotcop_dataset_table!I69"
"plotcop_dataset_table",70,"FuzzedXY",,"plotcop_dataset_table!I70"
"plotcop_dataset_table",71,"FuzzedXY",,"plotcop_dataset_table!I71"
"plotcop_dataset_table",72,"FuzzedXY",,"plotcop_dataset_table!I72"
"plotcop_dataset_table",73,"FuzzedXY",,"plotcop_dataset_table!I73"
"plotcop_dataset_table",74,"FuzzedXY",,"plotcop_dataset_table!I74"
"plotcop_dataset_table",75,"FuzzedXY",,"plotcop_dataset_table!I75"
"plotcop_dataset_table",76,"FuzzedXY",,"plotcop_dataset_table!I76"
"plotcop_dataset_table",77,"FuzzedXY",,"plotcop_dataset_table!I77"
"plotcop_dataset_table",78,"FuzzedXY",,"plotcop_dataset_table!I78"
"plotcop_dataset_table",1,"FuzzedZ","FuzzedZ","plotcop_dataset_table!J1"
"plotcop_dataset_table",2,"FuzzedZ","0","plotcop_dataset_table!J2"
"plotcop_dataset_table",3,"FuzzedZ","0","plotcop_dataset_table!J3"
"plotcop_dataset_table",4,"FuzzedZ","0","plotcop_dataset_table!J4"
"plotcop_dataset_table",5,"FuzzedZ","0","plotcop_dataset_table!J5"
"plotcop_dataset_table",6,"FuzzedZ","0","plotcop_dataset_table!J6"
"plotcop_dataset_table",7,"FuzzedZ","0","plotcop_dataset_table!J7"
"plotcop_dataset_table",8,"FuzzedZ","0","plotcop_dataset_table!J8"
"plotcop_dataset_table",9,"FuzzedZ","0","plotcop_dataset_table!J9"
"plotcop_dataset_table",10,"FuzzedZ","0","plotcop_dataset_table!J10"
"plotcop_dataset_table",11,"FuzzedZ",,"plotcop_dataset_table!J11"
"plotcop_dataset_table",12,"FuzzedZ",,"plotcop_dataset_table!J12"
"plotcop_dataset_table",13,"FuzzedZ",,"plotcop_dataset_table!J13"
"plotcop_dataset_table",14,"FuzzedZ",,"plotcop_dataset_table!J14"
"plotcop_dataset_table",15,"FuzzedZ",,"plotcop_dataset_table!J15"
"plotcop_dataset_table",16,"FuzzedZ","0","plotcop_dataset_table!J16"
"plotcop_dataset_table",17,"FuzzedZ","0","plotcop_dataset_table!J17"
"plotcop_dataset_table",18,"FuzzedZ","0","plotcop_dataset_table!J18"
"plotcop_dataset_table",19,"FuzzedZ","0","plotcop_dataset_table!J19"
"plotcop_dataset_table",20,"FuzzedZ","0","plotcop_dataset_table!J20"
"plotcop_dataset_table",21,"FuzzedZ","0","plotcop_dataset_table!J21"
"plotcop_dataset_table",22,"FuzzedZ","0","plotcop_dataset_table!J22"
"plotcop_dataset_table",23,"FuzzedZ","0","plotcop_dataset_table!J23"
"plotcop_dataset_table",24,"FuzzedZ","0","plotcop_dataset_table!J24"
"plotcop_dataset_table",25,"FuzzedZ","0","plotcop_dataset_table!J25"
"plotcop_dataset_table",26,"FuzzedZ","0","plotcop_dataset_table!J26"
"plotcop_dataset_table",27,"FuzzedZ","0","plotcop_dataset_table!J27"
"plotcop_dataset_table",28,"FuzzedZ","0","plotcop_dataset_table!J28"
"plotcop_dataset_table",29,"FuzzedZ","0","plotcop_dataset_table!J29"
"plotcop_dataset_table",30,"FuzzedZ","0","plotcop_dataset_table!J30"
"plotcop_dataset_table",31,"FuzzedZ","0","plotcop_dataset_table!J31"
"plotcop_dataset_table",32,"FuzzedZ","0","plotcop_dataset_table!J32"
"plotcop_dataset_table",33,"FuzzedZ","0","plotcop_dataset_table!J33"
"plotcop_dataset_table",34,"FuzzedZ","0","plotcop_dataset_table!J34"
"plotcop_dataset_table",35,"FuzzedZ","0","plotcop_dataset_table!J35"
"plotcop_dataset_table",36,"FuzzedZ","0","plotcop_dataset_table!J36"
"plotcop_dataset_table",37,"FuzzedZ","0","plotcop_dataset_table!J37"
"plotcop_dataset_table",38,"FuzzedZ","0","plotcop_dataset_table!J38"
"plotcop_dataset_table",39,"FuzzedZ","0","plotcop_dataset_table!J39"
"plotcop_dataset_table",40,"FuzzedZ","0","plotcop_dataset_table!J40"
"plotcop_dataset_table",41,"FuzzedZ","0","plotcop_dataset_table!J41"
"plotcop_dataset_table",42,"FuzzedZ","0","plotcop_dataset_table!J42"
"plotcop_dataset_table",43,"FuzzedZ","0","plotcop_dataset_table!J43"
"plotcop_dataset_table",44,"FuzzedZ","0","plotcop_dataset_table!J44"
"plotcop_dataset_table",45,"FuzzedZ","0","plotcop_dataset_table!J45"
"plotcop_dataset_table",46,"FuzzedZ","0","plotcop_dataset_table!J46"
"plotcop_dataset_table",47,"FuzzedZ","0","plotcop_dataset_table!J47"
"plotcop_dataset_table",48,"FuzzedZ","0","plotcop_dataset_table!J48"
"plotcop_dataset_table",49,"FuzzedZ","0","plotcop_dataset_table!J49"
"plotcop_dataset_table",50,"FuzzedZ","0","plotcop_dataset_table!J50"
"plotcop_dataset_table",51,"FuzzedZ","0","plotcop_dataset_table!J51"
"plotcop_dataset_table",52,"FuzzedZ","0","plotcop_dataset_table!J52"
"plotcop_dataset_table",53,"FuzzedZ","0","plotcop_dataset_table!J53"
"plotcop_dataset_table",54,"FuzzedZ","0","plotcop_dataset_table!J54"
"plotcop_dataset_table",55,"FuzzedZ","0","plotcop_dataset_table!J55"
"plotcop_dataset_table",56,"FuzzedZ","0","plotcop_dataset_table!J56"
"plotcop_dataset_table",57,"FuzzedZ","0","plotcop_dataset_table!J57"
"plotcop_dataset_table",58,"FuzzedZ","0","plotcop_dataset_table!J58"
"plotcop_dataset_table",59,"FuzzedZ","0","plotcop_dataset_table!J59"
"plotcop_dataset_table",60,"FuzzedZ",,"plotcop_dataset_table!J60"
"plotcop_dataset_table",61,"FuzzedZ",,"plotcop_dataset_table!J61"
"plotcop_dataset_table",62,"FuzzedZ",,"plotcop_dataset_table!J62"
"plotcop_dataset_table",63,"FuzzedZ",,"plotcop_dataset_table!J63"
"plotcop_dataset_table",64,"FuzzedZ",,"plotcop_dataset_table!J64"
"plotcop_dataset_table",65,"FuzzedZ",,"plotcop_dataset_table!J65"
"plotcop_dataset_table",66,"FuzzedZ",,"plotcop_dataset_table!J66"
"plotcop_dataset_table",67,"FuzzedZ",,"plotcop_dataset_table!J67"
"plotcop_dataset_table",68,"FuzzedZ",,"plotcop_dataset_table!J68"
"plotcop_dataset_table",69,"FuzzedZ",,"plotcop_dataset_table!J69"
"plotcop_dataset_table",70,"FuzzedZ",,"plotcop_dataset_table!J70"
"plotcop_dataset_table",71,"FuzzedZ",,"plotcop_dataset_table!J71"
"plotcop_dataset_table",72,"FuzzedZ",,"plotcop_dataset_table!J72"
"plotcop_dataset_table",73,"FuzzedZ",,"plotcop_dataset_table!J73"
"plotcop_dataset_table",74,"FuzzedZ",,"plotcop_dataset_table!J74"
"plotcop_dataset_table",75,"FuzzedZ",,"plotcop_dataset_table!J75"
"plotcop_dataset_table",76,"FuzzedZ",,"plotcop_dataset_table!J76"
"plotcop_dataset_table",77,"FuzzedZ",,"plotcop_dataset_table!J77"
"plotcop_dataset_table",78,"FuzzedZ",,"plotcop_dataset_table!J78"
"plotcop_dataset_table",1,"SamplingLayout","SamplingLayout","plotcop_dataset_table!K1"
"plotcop_dataset_table",2,"SamplingLayout","Sampling conducted almost exclusively on Crown land stratified by forest types of interest for management planning, covering a wide-range of forest conditions in NB. Not a statistically representative sample for inventory estimation.","plotcop_dataset_table!K2"
"plotcop_dataset_table",3,"SamplingLayout","Sampling conducted almost exclusively on Crown land stratified by forest types of interest for management planning, covering a wide-range of forest conditions in NB. Not a statistically representative sample for inventory estimation.","plotcop_dataset_table!K3"
"plotcop_dataset_table",4,"SamplingLayout","Sampling conducted almost exclusively on Crown land stratified by forest types of interest for management planning, covering a wide-range of forest conditions in NB. Not a statistically representative sample for inventory estimation.","plotcop_dataset_table!K4"
"plotcop_dataset_table",5,"SamplingLayout","Sampling conducted almost exclusively on Crown land stratified by forest types of interest for management planning, covering a wide-range of forest conditions in NB. Not a statistically representative sample for inventory estimation.","plotcop_dataset_table!K5"
"plotcop_dataset_table",6,"SamplingLayout","Stand sampling intensity stratified by forest species and development stage in mostly natural forest conditions for inventory estimation.Multiple 2BAF plots per stand sampled using a running tally over all plots on one cruise line traversing the centre of","plotcop_dataset_table!K6"
"plotcop_dataset_table",7,"SamplingLayout","Stand sampling intensity stratified by forest species, development stage, and management type for inventory estimation.Multiple variable radius (1BAF or 2BAF) plots per stand sampled using a running tally over all plots on one or more cruise lines. Plot s","plotcop_dataset_table!K7"
"plotcop_dataset_table",8,"SamplingLayout","Stand sampling intensity stratified by forest species, development stage, and management type for inventory estimation.Multiple plots per stand sampled on a 1 plot/ha pre-defined grid. ","plotcop_dataset_table!K8"
"plotcop_dataset_table",9,"SamplingLayout","2km grid","plotcop_dataset_table!K9"
"plotcop_dataset_table",10,"SamplingLayout","Plots established in forest-types of interest for G&Y in accessible locations, with selection procedures changing over time.","plotcop_dataset_table!K10"
"plotcop_dataset_table",11,"SamplingLayout","Grid 20km","plotcop_dataset_table!K11"
"plotcop_dataset_table",12,"SamplingLayout","Grid Variable: 5, 10km","plotcop_dataset_table!K12"
"plotcop_dataset_table",13,"SamplingLayout","Stratified on photo-interp","plotcop_dataset_table!K13"
"plotcop_dataset_table",14,"SamplingLayout","Stratified on photo-interp","plotcop_dataset_table!K14"
"plotcop_dataset_table",15,"SamplingLayout","Grid Variable: 4, 5, 10km","plotcop_dataset_table!K15"
"plotcop_dataset_table",16,"SamplingLayout","Random with three sampling intensity depending on the vegetation zone","plotcop_dataset_table!K16"
"plotcop_dataset_table",17,"SamplingLayout","Complement to the BAS1 network","plotcop_dataset_table!K17"
"plotcop_dataset_table",18,"SamplingLayout","At least 150 PSP in each region of the Federation","plotcop_dataset_table!K18"
"plotcop_dataset_table",19,"SamplingLayout","Unknown","plotcop_dataset_table!K19"
"plotcop_dataset_table",20,"SamplingLayout","Focused on some forest types at early ages","plotcop_dataset_table!K20"
"plotcop_dataset_table",21,"SamplingLayout","Plots distributed in zones  most likely to be infected","plotcop_dataset_table!K21"
"plotcop_dataset_table",22,"SamplingLayout","Unknown","plotcop_dataset_table!K22"
"plotcop_dataset_table",23,"SamplingLayout","None, Stratified, Research-Biased","plotcop_dataset_table!K23"
"plotcop_dataset_table",24,"SamplingLayout","Random (~4km grid); Forest-only; Inventory-Based","plotcop_dataset_table!K24"
"plotcop_dataset_table",25,"SamplingLayout","Stratified by district and forest type; G&Y research biased with plots positioned in representative average stand conditions.","plotcop_dataset_table!K25"
"plotcop_dataset_table",26,"SamplingLayout","Not probabilistic","plotcop_dataset_table!K26"
"plotcop_dataset_table",27,"SamplingLayout","Not probabilistic","plotcop_dataset_table!K27"
"plotcop_dataset_table",28,"SamplingLayout","4.9km random grid of sample points in most states with supplemental sampling in some states. Each sample location consists of 4 clustered subplots. All forest types including explicit mapping of trees in different forest type conditions and non-forest con","plotcop_dataset_table!K28"
"plotcop_dataset_table",29,"SamplingLayout","4.9km random grid of sample points in most states with supplemental sampling in some states. Each sample location consists of 4 clustered subplots. All forest types including explicit mapping of trees in different forest type conditions and non-forest con","plotcop_dataset_table!K29"
"plotcop_dataset_table",30,"SamplingLayout","4.9km random grid of sample points in most states with supplemental sampling in some states. Each sample location consists of 4 clustered subplots. All forest types including explicit mapping of trees in different forest type conditions and non-forest con","plotcop_dataset_table!K30"
"plotcop_dataset_table",31,"SamplingLayout","4.9km random grid of sample points in most states with supplemental sampling in some states. Each sample location consists of 4 clustered subplots. All forest types including explicit mapping of trees in different forest type conditions and non-forest con","plotcop_dataset_table!K31"
"plotcop_dataset_table",32,"SamplingLayout","4.9km random grid of sample points in most states with supplemental sampling in some states. Each sample location consists of 4 clustered subplots. All forest types including explicit mapping of trees in different forest type conditions and non-forest con","plotcop_dataset_table!K32"
"plotcop_dataset_table",33,"SamplingLayout","4.9km random grid of sample points in most states with supplemental sampling in some states. Each sample location consists of 4 clustered subplots. All forest types including explicit mapping of trees in different forest type conditions and non-forest con","plotcop_dataset_table!K33"
"plotcop_dataset_table",34,"SamplingLayout","4.9km random grid of sample points in most states with supplemental sampling in some states. Each sample location consists of 4 clustered subplots. All forest types including explicit mapping of trees in different forest type conditions and non-forest con","plotcop_dataset_table!K34"
"plotcop_dataset_table",35,"SamplingLayout","4.9km random grid of sample points in most states with supplemental sampling in some states. Each sample location consists of 4 clustered subplots. All forest types including explicit mapping of trees in different forest type conditions and non-forest con","plotcop_dataset_table!K35"
"plotcop_dataset_table",36,"SamplingLayout","4.9km random grid of sample points in most states with supplemental sampling in some states. Each sample location consists of 4 clustered subplots. All forest types including explicit mapping of trees in different forest type conditions and non-forest con","plotcop_dataset_table!K36"
"plotcop_dataset_table",37,"SamplingLayout","4.9km random grid of sample points in most states with supplemental sampling in some states. Each sample location consists of 4 clustered subplots. All forest types including explicit mapping of trees in different forest type conditions and non-forest con","plotcop_dataset_table!K37"
"plotcop_dataset_table",38,"SamplingLayout","4.9km random grid of sample points in most states with supplemental sampling in some states. Each sample location consists of 4 clustered subplots. All forest types including explicit mapping of trees in different forest type conditions and non-forest con","plotcop_dataset_table!K38"
"plotcop_dataset_table",39,"SamplingLayout","4.9km random grid of sample points in most states with supplemental sampling in some states. Each sample location consists of 4 clustered subplots. All forest types including explicit mapping of trees in different forest type conditions and non-forest con","plotcop_dataset_table!K39"
"plotcop_dataset_table",40,"SamplingLayout","4.9km random grid of sample points in most states with supplemental sampling in some states. Each sample location consists of 4 clustered subplots. All forest types including explicit mapping of trees in different forest type conditions and non-forest con","plotcop_dataset_table!K40"
"plotcop_dataset_table",41,"SamplingLayout","4.9km random grid of sample points in most states with supplemental sampling in some states. Each sample location consists of 4 clustered subplots. All forest types including explicit mapping of trees in different forest type conditions and non-forest con","plotcop_dataset_table!K41"
"plotcop_dataset_table",42,"SamplingLayout","4.9km random grid of sample points in most states with supplemental sampling in some states. Each sample location consists of 4 clustered subplots. All forest types including explicit mapping of trees in different forest type conditions and non-forest con","plotcop_dataset_table!K42"
"plotcop_dataset_table",43,"SamplingLayout","4.9km random grid of sample points in most states with supplemental sampling in some states. Each sample location consists of 4 clustered subplots. All forest types including explicit mapping of trees in different forest type conditions and non-forest con","plotcop_dataset_table!K43"
"plotcop_dataset_table",44,"SamplingLayout","4.9km random grid of sample points in most states with supplemental sampling in some states. Each sample location consists of 4 clustered subplots. All forest types including explicit mapping of trees in different forest type conditions and non-forest con","plotcop_dataset_table!K44"
"plotcop_dataset_table",45,"SamplingLayout","4.9km random grid of sample points in most states with supplemental sampling in some states. Each sample location consists of 4 clustered subplots. All forest types including explicit mapping of trees in different forest type conditions and non-forest con","plotcop_dataset_table!K45"
"plotcop_dataset_table",46,"SamplingLayout","4.9km random grid of sample points in most states with supplemental sampling in some states. Each sample location consists of 4 clustered subplots. All forest types including explicit mapping of trees in different forest type conditions and non-forest con","plotcop_dataset_table!K46"
"plotcop_dataset_table",47,"SamplingLayout","4.9km random grid of sample points in most states with supplemental sampling in some states. Each sample location consists of 4 clustered subplots. All forest types including explicit mapping of trees in different forest type conditions and non-forest con","plotcop_dataset_table!K47"
"plotcop_dataset_table",48,"SamplingLayout","4.9km random grid of sample points in most states with supplemental sampling in some states. Each sample location consists of 4 clustered subplots. All forest types including explicit mapping of trees in different forest type conditions and non-forest con","plotcop_dataset_table!K48"
"plotcop_dataset_table",49,"SamplingLayout","4.9km random grid of sample points in most states with supplemental sampling in some states. Each sample location consists of 4 clustered subplots. All forest types including explicit mapping of trees in different forest type conditions and non-forest con","plotcop_dataset_table!K49"
"plotcop_dataset_table",50,"SamplingLayout","4.9km random grid of sample points in most states with supplemental sampling in some states. Each sample location consists of 4 clustered subplots. All forest types including explicit mapping of trees in different forest type conditions and non-forest con","plotcop_dataset_table!K50"
"plotcop_dataset_table",51,"SamplingLayout","4.9km random grid of sample points in most states with supplemental sampling in some states. Each sample location consists of 4 clustered subplots. All forest types including explicit mapping of trees in different forest type conditions and non-forest con","plotcop_dataset_table!K51"
"plotcop_dataset_table",52,"SamplingLayout","4.9km random grid of sample points in most states with supplemental sampling in some states. Each sample location consists of 4 clustered subplots. All forest types including explicit mapping of trees in different forest type conditions and non-forest con","plotcop_dataset_table!K52"
"plotcop_dataset_table",53,"SamplingLayout","4.9km random grid of sample points in most states with supplemental sampling in some states. Each sample location consists of 4 clustered subplots. All forest types including explicit mapping of trees in different forest type conditions and non-forest con","plotcop_dataset_table!K53"
"plotcop_dataset_table",54,"SamplingLayout","4.9km random grid of sample points in most states with supplemental sampling in some states. Each sample location consists of 4 clustered subplots. All forest types including explicit mapping of trees in different forest type conditions and non-forest con","plotcop_dataset_table!K54"
"plotcop_dataset_table",55,"SamplingLayout","4.9km random grid of sample points in most states with supplemental sampling in some states. Each sample location consists of 4 clustered subplots. All forest types including explicit mapping of trees in different forest type conditions and non-forest con","plotcop_dataset_table!K55"
"plotcop_dataset_table",56,"SamplingLayout","4.9km random grid of sample points in most states with supplemental sampling in some states. Each sample location consists of 4 clustered subplots. All forest types including explicit mapping of trees in different forest type conditions and non-forest con","plotcop_dataset_table!K56"
"plotcop_dataset_table",57,"SamplingLayout","4.9km random grid of sample points in most states with supplemental sampling in some states. Each sample location consists of 4 clustered subplots. All forest types including explicit mapping of trees in different forest type conditions and non-forest con","plotcop_dataset_table!K57"
"plotcop_dataset_table",58,"SamplingLayout","4.9km random grid of sample points in most states with supplemental sampling in some states. Each sample location consists of 4 clustered subplots. All forest types including explicit mapping of trees in different forest type conditions and non-forest con","plotcop_dataset_table!K58"
"plotcop_dataset_table",59,"SamplingLayout","4.9km random grid of sample points in most states with supplemental sampling in some states. Each sample location consists of 4 clustered subplots. All forest types including explicit mapping of trees in different forest type conditions and non-forest con","plotcop_dataset_table!K59"
"plotcop_dataset_table",60,"SamplingLayout","Samping layouts are not currently documented in v1.1.","plotcop_dataset_table!K60"
"plotcop_dataset_table",61,"SamplingLayout","Samping layouts are not currently documented in v1.1.","plotcop_dataset_table!K61"
"plotcop_dataset_table",62,"SamplingLayout","Samping layouts are not currently documented in v1.1.","plotcop_dataset_table!K62"
"plotcop_dataset_table",63,"SamplingLayout","Samping layouts are not currently documented in v1.1.","plotcop_dataset_table!K63"
"plotcop_dataset_table",64,"SamplingLayout","Samping layouts are not currently documented in v1.1.","plotcop_dataset_table!K64"
"plotcop_dataset_table",65,"SamplingLayout","Samping layouts are not currently documented in v1.1.","plotcop_dataset_table!K65"
"plotcop_dataset_table",66,"SamplingLayout","Samping layouts are not currently documented in v1.1.","plotcop_dataset_table!K66"
"plotcop_dataset_table",67,"SamplingLayout",,"plotcop_dataset_table!K67"
"plotcop_dataset_table",68,"SamplingLayout",,"plotcop_dataset_table!K68"
"plotcop_dataset_table",69,"SamplingLayout",,"plotcop_dataset_table!K69"
"plotcop_dataset_table",70,"SamplingLayout",,"plotcop_dataset_table!K70"
"plotcop_dataset_table",71,"SamplingLayout",,"plotcop_dataset_table!K71"
"plotcop_dataset_table",72,"SamplingLayout",,"plotcop_dataset_table!K72"
"plotcop_dataset_table",73,"SamplingLayout",,"plotcop_dataset_table!K73"
"plotcop_dataset_table",74,"SamplingLayout",,"plotcop_dataset_table!K74"
"plotcop_dataset_table",75,"SamplingLayout",,"plotcop_dataset_table!K75"
"plotcop_dataset_table",76,"SamplingLayout",,"plotcop_dataset_table!K76"
"plotcop_dataset_table",77,"SamplingLayout",,"plotcop_dataset_table!K77"
"plotcop_dataset_table",78,"SamplingLayout",,"plotcop_dataset_table!K78"
"plotcop_dataset_table",1,"ProgramDescription","ProgramDescription","plotcop_dataset_table!L1"
"plotcop_dataset_table",2,"ProgramDescription","Treated-control paired design for detecting partial cut growth response in northern HW forests and some softwood commercial thinning and PC treatments.","plotcop_dataset_table!L2"
"plotcop_dataset_table",3,"ProgramDescription","Designed to track G&Y of spruce and jack pine plantations.","plotcop_dataset_table!L3"
"plotcop_dataset_table",4,"ProgramDescription","Designed to track G&Y of natural regeneration post clearcut and PCT.","plotcop_dataset_table!L4"
"plotcop_dataset_table",5,"ProgramDescription","Designed to track G&Y of immature to old extensively managed forest conditions protected from harvest.","plotcop_dataset_table!L5"
"plotcop_dataset_table",6,"ProgramDescription","Stratified stand-level sampling using temporary sample plots by Licensees and NB-DNR on mostly Crown and some private woodlots (marketing board lands); excludes freehold sampling. These data were used by Crown Licensees and NB-DNR to develop forest manage","plotcop_dataset_table!L6"
"plotcop_dataset_table",7,"ProgramDescription","Stratified stand-level sampling using temporary sample plots by Licensees and NB-DNR on mostly Crown lands; some private woodlots (marketing board lands); excludes freehold sampling. These data and some of the stands in the 1980s campaign were used by Cro","plotcop_dataset_table!L7"
"plotcop_dataset_table",8,"ProgramDescription","Stratified stand-level sampling using temporary sample plots by Licensees and NB-DNR on mostly Crown lands; some private woodlots (marketing board lands); excludes freehold sampling. These data and some of the stands in the 1990s campaign data were used b","plotcop_dataset_table!L8"
"plotcop_dataset_table",9,"ProgramDescription","Current sampling program began in 2016.","plotcop_dataset_table!L9"
"plotcop_dataset_table",10,"ProgramDescription","Used by BC for long-term growth and yield studies, providing data for developing models and understanding stand dynamics. Includes PSP_R and PSP_G plots.","plotcop_dataset_table!L10"
"plotcop_dataset_table",11,"ProgramDescription","Monitors long-term changes in forest characteristics, including growth, mortality, and forest health. ","plotcop_dataset_table!L11"
"plotcop_dataset_table",12,"ProgramDescription","Supplemental ground sample on intensified NFI grid in mature population","plotcop_dataset_table!L12"
"plotcop_dataset_table",13,"ProgramDescription","Temporary 5-point sample cluster not to the full VRI standard and using PPSWR (probability proportional to size and some type of weighting) selection.","plotcop_dataset_table!L13"
"plotcop_dataset_table",14,"ProgramDescription","Aims to audit and verify photo-interpreted inventory attributes. It is a two-phased system used to inventory forest resources. Phase 1 involves photo interpretation to estimate polygon characteristics, while Phase 2 utilizes ground sampling, including man","plotcop_dataset_table!L14"
"plotcop_dataset_table",15,"ProgramDescription","Specifically targets young stands to track their growth and development.","plotcop_dataset_table!L15"
"plotcop_dataset_table",16,"ProgramDescription","Monitors long-term changes in forest characteristics, including growth, mortality, and forest health.","plotcop_dataset_table!L16"
"plotcop_dataset_table",17,"ProgramDescription","Monitors long-term changes in forest characteristics, including growth, mortality, and forest health.","plotcop_dataset_table!L17"
"plotcop_dataset_table",18,"ProgramDescription","Monitors long-term changes in forest characteristics, including growth, mortality, and forest health.","plotcop_dataset_table!L18"
"plotcop_dataset_table",19,"ProgramDescription","Unknown","plotcop_dataset_table!L19"
"plotcop_dataset_table",20,"ProgramDescription","Specifically targets young stands to track their growth and development.","plotcop_dataset_table!L20"
"plotcop_dataset_table",21,"ProgramDescription","Monitor the development of pest and disease outbreaks.","plotcop_dataset_table!L21"
"plotcop_dataset_table",22,"ProgramDescription","Monitor growth and yield on Foret Montmorency experimental forest.","plotcop_dataset_table!L22"
"plotcop_dataset_table",23,"ProgramDescription","A collection of silviculture treated and control plots, with treatments ranging from intensive plantations, alternate spacing designs, to selective hardwood cutting.","plotcop_dataset_table!L23"
"plotcop_dataset_table",24,"ProgramDescription","NS long-term forest monitoring inventory program.","plotcop_dataset_table!L24"
"plotcop_dataset_table",25,"ProgramDescription","Core provincial PSP-Research program for developing NL stand G&Y curves. There are two similar sampling programs in this dataset for: 1) immature managed forest and 2) for mature-old forest. Note that many plot sizes at the same location were expanded in ","plotcop_dataset_table!L25"
"plotcop_dataset_table",26,"ProgramDescription","Monitors growth and yield.","plotcop_dataset_table!L26"
"plotcop_dataset_table",27,"ProgramDescription","Monitors growth and yield.","plotcop_dataset_table!L27"
"plotcop_dataset_table",28,"ProgramDescription","The Forest Inventory and Analysis (FIA) program, a congressionally mandated initiative by the USDA Forest Service Research and Development, conducts comprehensive, long-term, and field-based inventories of forests and forest resources across all ownership","plotcop_dataset_table!L28"
"plotcop_dataset_table",29,"ProgramDescription","The Forest Inventory and Analysis (FIA) program, a congressionally mandated initiative by the USDA Forest Service Research and Development, conducts comprehensive, long-term, and field-based inventories of forests and forest resources across all ownership","plotcop_dataset_table!L29"
"plotcop_dataset_table",30,"ProgramDescription","The Forest Inventory and Analysis (FIA) program, a congressionally mandated initiative by the USDA Forest Service Research and Development, conducts comprehensive, long-term, and field-based inventories of forests and forest resources across all ownership","plotcop_dataset_table!L30"
"plotcop_dataset_table",31,"ProgramDescription","The Forest Inventory and Analysis (FIA) program, a congressionally mandated initiative by the USDA Forest Service Research and Development, conducts comprehensive, long-term, and field-based inventories of forests and forest resources across all ownership","plotcop_dataset_table!L31"
"plotcop_dataset_table",32,"ProgramDescription","The Forest Inventory and Analysis (FIA) program, a congressionally mandated initiative by the USDA Forest Service Research and Development, conducts comprehensive, long-term, and field-based inventories of forests and forest resources across all ownership","plotcop_dataset_table!L32"
"plotcop_dataset_table",33,"ProgramDescription","The Forest Inventory and Analysis (FIA) program, a congressionally mandated initiative by the USDA Forest Service Research and Development, conducts comprehensive, long-term, and field-based inventories of forests and forest resources across all ownership","plotcop_dataset_table!L33"
"plotcop_dataset_table",34,"ProgramDescription","The Forest Inventory and Analysis (FIA) program, a congressionally mandated initiative by the USDA Forest Service Research and Development, conducts comprehensive, long-term, and field-based inventories of forests and forest resources across all ownership","plotcop_dataset_table!L34"
"plotcop_dataset_table",35,"ProgramDescription","The Forest Inventory and Analysis (FIA) program, a congressionally mandated initiative by the USDA Forest Service Research and Development, conducts comprehensive, long-term, and field-based inventories of forests and forest resources across all ownership","plotcop_dataset_table!L35"
"plotcop_dataset_table",36,"ProgramDescription","The Forest Inventory and Analysis (FIA) program, a congressionally mandated initiative by the USDA Forest Service Research and Development, conducts comprehensive, long-term, and field-based inventories of forests and forest resources across all ownership","plotcop_dataset_table!L36"
"plotcop_dataset_table",37,"ProgramDescription","The Forest Inventory and Analysis (FIA) program, a congressionally mandated initiative by the USDA Forest Service Research and Development, conducts comprehensive, long-term, and field-based inventories of forests and forest resources across all ownership","plotcop_dataset_table!L37"
"plotcop_dataset_table",38,"ProgramDescription","The Forest Inventory and Analysis (FIA) program, a congressionally mandated initiative by the USDA Forest Service Research and Development, conducts comprehensive, long-term, and field-based inventories of forests and forest resources across all ownership","plotcop_dataset_table!L38"
"plotcop_dataset_table",39,"ProgramDescription","The Forest Inventory and Analysis (FIA) program, a congressionally mandated initiative by the USDA Forest Service Research and Development, conducts comprehensive, long-term, and field-based inventories of forests and forest resources across all ownership","plotcop_dataset_table!L39"
"plotcop_dataset_table",40,"ProgramDescription","The Forest Inventory and Analysis (FIA) program, a congressionally mandated initiative by the USDA Forest Service Research and Development, conducts comprehensive, long-term, and field-based inventories of forests and forest resources across all ownership","plotcop_dataset_table!L40"
"plotcop_dataset_table",41,"ProgramDescription","The Forest Inventory and Analysis (FIA) program, a congressionally mandated initiative by the USDA Forest Service Research and Development, conducts comprehensive, long-term, and field-based inventories of forests and forest resources across all ownership","plotcop_dataset_table!L41"
"plotcop_dataset_table",42,"ProgramDescription","The Forest Inventory and Analysis (FIA) program, a congressionally mandated initiative by the USDA Forest Service Research and Development, conducts comprehensive, long-term, and field-based inventories of forests and forest resources across all ownership","plotcop_dataset_table!L42"
"plotcop_dataset_table",43,"ProgramDescription","The Forest Inventory and Analysis (FIA) program, a congressionally mandated initiative by the USDA Forest Service Research and Development, conducts comprehensive, long-term, and field-based inventories of forests and forest resources across all ownership","plotcop_dataset_table!L43"
"plotcop_dataset_table",44,"ProgramDescription","The Forest Inventory and Analysis (FIA) program, a congressionally mandated initiative by the USDA Forest Service Research and Development, conducts comprehensive, long-term, and field-based inventories of forests and forest resources across all ownership","plotcop_dataset_table!L44"
"plotcop_dataset_table",45,"ProgramDescription","The Forest Inventory and Analysis (FIA) program, a congressionally mandated initiative by the USDA Forest Service Research and Development, conducts comprehensive, long-term, and field-based inventories of forests and forest resources across all ownership","plotcop_dataset_table!L45"
"plotcop_dataset_table",46,"ProgramDescription","The Forest Inventory and Analysis (FIA) program, a congressionally mandated initiative by the USDA Forest Service Research and Development, conducts comprehensive, long-term, and field-based inventories of forests and forest resources across all ownership","plotcop_dataset_table!L46"
"plotcop_dataset_table",47,"ProgramDescription","The Forest Inventory and Analysis (FIA) program, a congressionally mandated initiative by the USDA Forest Service Research and Development, conducts comprehensive, long-term, and field-based inventories of forests and forest resources across all ownership","plotcop_dataset_table!L47"
"plotcop_dataset_table",48,"ProgramDescription","The Forest Inventory and Analysis (FIA) program, a congressionally mandated initiative by the USDA Forest Service Research and Development, conducts comprehensive, long-term, and field-based inventories of forests and forest resources across all ownership","plotcop_dataset_table!L48"
"plotcop_dataset_table",49,"ProgramDescription","The Forest Inventory and Analysis (FIA) program, a congressionally mandated initiative by the USDA Forest Service Research and Development, conducts comprehensive, long-term, and field-based inventories of forests and forest resources across all ownership","plotcop_dataset_table!L49"
"plotcop_dataset_table",50,"ProgramDescription","The Forest Inventory and Analysis (FIA) program, a congressionally mandated initiative by the USDA Forest Service Research and Development, conducts comprehensive, long-term, and field-based inventories of forests and forest resources across all ownership","plotcop_dataset_table!L50"
"plotcop_dataset_table",51,"ProgramDescription","The Forest Inventory and Analysis (FIA) program, a congressionally mandated initiative by the USDA Forest Service Research and Development, conducts comprehensive, long-term, and field-based inventories of forests and forest resources across all ownership","plotcop_dataset_table!L51"
"plotcop_dataset_table",52,"ProgramDescription","The Forest Inventory and Analysis (FIA) program, a congressionally mandated initiative by the USDA Forest Service Research and Development, conducts comprehensive, long-term, and field-based inventories of forests and forest resources across all ownership","plotcop_dataset_table!L52"
"plotcop_dataset_table",53,"ProgramDescription","The Forest Inventory and Analysis (FIA) program, a congressionally mandated initiative by the USDA Forest Service Research and Development, conducts comprehensive, long-term, and field-based inventories of forests and forest resources across all ownership","plotcop_dataset_table!L53"
"plotcop_dataset_table",54,"ProgramDescription","The Forest Inventory and Analysis (FIA) program, a congressionally mandated initiative by the USDA Forest Service Research and Development, conducts comprehensive, long-term, and field-based inventories of forests and forest resources across all ownership","plotcop_dataset_table!L54"
"plotcop_dataset_table",55,"ProgramDescription","The Forest Inventory and Analysis (FIA) program, a congressionally mandated initiative by the USDA Forest Service Research and Development, conducts comprehensive, long-term, and field-based inventories of forests and forest resources across all ownership","plotcop_dataset_table!L55"
"plotcop_dataset_table",56,"ProgramDescription","The Forest Inventory and Analysis (FIA) program, a congressionally mandated initiative by the USDA Forest Service Research and Development, conducts comprehensive, long-term, and field-based inventories of forests and forest resources across all ownership","plotcop_dataset_table!L56"
"plotcop_dataset_table",57,"ProgramDescription","The Forest Inventory and Analysis (FIA) program, a congressionally mandated initiative by the USDA Forest Service Research and Development, conducts comprehensive, long-term, and field-based inventories of forests and forest resources across all ownership","plotcop_dataset_table!L57"
"plotcop_dataset_table",58,"ProgramDescription","The Forest Inventory and Analysis (FIA) program, a congressionally mandated initiative by the USDA Forest Service Research and Development, conducts comprehensive, long-term, and field-based inventories of forests and forest resources across all ownership","plotcop_dataset_table!L58"
"plotcop_dataset_table",59,"ProgramDescription","The Forest Inventory and Analysis (FIA) program, a congressionally mandated initiative by the USDA Forest Service Research and Development, conducts comprehensive, long-term, and field-based inventories of forests and forest resources across all ownership","plotcop_dataset_table!L59"
"plotcop_dataset_table",60,"ProgramDescription","NRCan MAG compilation of provincial datasets.","plotcop_dataset_table!L60"
"plotcop_dataset_table",61,"ProgramDescription","NRCan MAG compilation of provincial datasets.","plotcop_dataset_table!L61"
"plotcop_dataset_table",62,"ProgramDescription","NRCan MAG compilation of provincial datasets.","plotcop_dataset_table!L62"
"plotcop_dataset_table",63,"ProgramDescription","NRCan MAG compilation of provincial datasets.","plotcop_dataset_table!L63"
"plotcop_dataset_table",64,"ProgramDescription","NRCan MAG compilation of provincial datasets.","plotcop_dataset_table!L64"
"plotcop_dataset_table",65,"ProgramDescription","NRCan MAG compilation of provincial datasets.","plotcop_dataset_table!L65"
"plotcop_dataset_table",66,"ProgramDescription","NRCan MAG compilation of provincial datasets.","plotcop_dataset_table!L66"
"plotcop_dataset_table",67,"ProgramDescription",,"plotcop_dataset_table!L67"
"plotcop_dataset_table",68,"ProgramDescription",,"plotcop_dataset_table!L68"
"plotcop_dataset_table",69,"ProgramDescription",,"plotcop_dataset_table!L69"
"plotcop_dataset_table",70,"ProgramDescription",,"plotcop_dataset_table!L70"
"plotcop_dataset_table",71,"ProgramDescription",,"plotcop_dataset_table!L71"
"plotcop_dataset_table",72,"ProgramDescription",,"plotcop_dataset_table!L72"
"plotcop_dataset_table",73,"ProgramDescription",,"plotcop_dataset_table!L73"
"plotcop_dataset_table",74,"ProgramDescription",,"plotcop_dataset_table!L74"
"plotcop_dataset_table",75,"ProgramDescription",,"plotcop_dataset_table!L75"
"plotcop_dataset_table",76,"ProgramDescription",,"plotcop_dataset_table!L76"
"plotcop_dataset_table",77,"ProgramDescription",,"plotcop_dataset_table!L77"
"plotcop_dataset_table",78,"ProgramDescription",,"plotcop_dataset_table!L78"
"plotcop_dataset_table",1,"Received","Received","plotcop_dataset_table!M1"
"plotcop_dataset_table",2,"Received","2015-05-01","plotcop_dataset_table!M2"
"plotcop_dataset_table",3,"Received","2015-05-01","plotcop_dataset_table!M3"
"plotcop_dataset_table",4,"Received","2015-05-01","plotcop_dataset_table!M4"
"plotcop_dataset_table",5,"Received","2015-05-01","plotcop_dataset_table!M5"
"plotcop_dataset_table",6,"Received","2013-08-01","plotcop_dataset_table!M6"
"plotcop_dataset_table",7,"Received","2013-08-01","plotcop_dataset_table!M7"
"plotcop_dataset_table",8,"Received","2013-08-01","plotcop_dataset_table!M8"
"plotcop_dataset_table",9,"Received","2025-08-29","plotcop_dataset_table!M9"
"plotcop_dataset_table",10,"Received","2025-06-01 00:00:00","plotcop_dataset_table!M10"
"plotcop_dataset_table",11,"Received","2025-06-01 00:00:00","plotcop_dataset_table!M11"
"plotcop_dataset_table",12,"Received","2025-06-01 00:00:00","plotcop_dataset_table!M12"
"plotcop_dataset_table",13,"Received","2025-06-01 00:00:00","plotcop_dataset_table!M13"
"plotcop_dataset_table",14,"Received","2025-06-01 00:00:00","plotcop_dataset_table!M14"
"plotcop_dataset_table",15,"Received","2025-06-01 00:00:00","plotcop_dataset_table!M15"
"plotcop_dataset_table",16,"Received","2025-07-14 00:00:00","plotcop_dataset_table!M16"
"plotcop_dataset_table",17,"Received","2025-07-14 00:00:00","plotcop_dataset_table!M17"
"plotcop_dataset_table",18,"Received","2025-07-14 00:00:00","plotcop_dataset_table!M18"
"plotcop_dataset_table",19,"Received","2025-07-14 00:00:00","plotcop_dataset_table!M19"
"plotcop_dataset_table",20,"Received","2025-07-14 00:00:00","plotcop_dataset_table!M20"
"plotcop_dataset_table",21,"Received","2025-07-14 00:00:00","plotcop_dataset_table!M21"
"plotcop_dataset_table",22,"Received","2025-07-14 00:00:00","plotcop_dataset_table!M22"
"plotcop_dataset_table",23,"Received","2025-03-12","plotcop_dataset_table!M23"
"plotcop_dataset_table",24,"Received","2025-02-17","plotcop_dataset_table!M24"
"plotcop_dataset_table",25,"Received","2024-11-01","plotcop_dataset_table!M25"
"plotcop_dataset_table",26,"Received","2025-01-06","plotcop_dataset_table!M26"
"plotcop_dataset_table",27,"Received","2019-02-15","plotcop_dataset_table!M27"
"plotcop_dataset_table",28,"Received","2025-01-15","plotcop_dataset_table!M28"
"plotcop_dataset_table",29,"Received","2025-01-15","plotcop_dataset_table!M29"
"plotcop_dataset_table",30,"Received","2025-01-15","plotcop_dataset_table!M30"
"plotcop_dataset_table",31,"Received","2025-01-15","plotcop_dataset_table!M31"
"plotcop_dataset_table",32,"Received","2025-01-15","plotcop_dataset_table!M32"
"plotcop_dataset_table",33,"Received","2025-01-15","plotcop_dataset_table!M33"
"plotcop_dataset_table",34,"Received","2025-01-15","plotcop_dataset_table!M34"
"plotcop_dataset_table",35,"Received","2025-01-15","plotcop_dataset_table!M35"
"plotcop_dataset_table",36,"Received","2025-01-15","plotcop_dataset_table!M36"
"plotcop_dataset_table",37,"Received","2025-01-15","plotcop_dataset_table!M37"
"plotcop_dataset_table",38,"Received","2025-01-15","plotcop_dataset_table!M38"
"plotcop_dataset_table",39,"Received","2025-01-15","plotcop_dataset_table!M39"
"plotcop_dataset_table",40,"Received","2025-01-15","plotcop_dataset_table!M40"
"plotcop_dataset_table",41,"Received","2025-01-15","plotcop_dataset_table!M41"
"plotcop_dataset_table",42,"Received","2025-01-15","plotcop_dataset_table!M42"
"plotcop_dataset_table",43,"Received","2025-01-15","plotcop_dataset_table!M43"
"plotcop_dataset_table",44,"Received","2025-01-15","plotcop_dataset_table!M44"
"plotcop_dataset_table",45,"Received","2025-01-15","plotcop_dataset_table!M45"
"plotcop_dataset_table",46,"Received","2025-01-15","plotcop_dataset_table!M46"
"plotcop_dataset_table",47,"Received","2025-01-15","plotcop_dataset_table!M47"
"plotcop_dataset_table",48,"Received","2025-01-15","plotcop_dataset_table!M48"
"plotcop_dataset_table",49,"Received","2025-01-15","plotcop_dataset_table!M49"
"plotcop_dataset_table",50,"Received","2025-01-15","plotcop_dataset_table!M50"
"plotcop_dataset_table",51,"Received","2025-01-15","plotcop_dataset_table!M51"
"plotcop_dataset_table",52,"Received","2025-01-15","plotcop_dataset_table!M52"
"plotcop_dataset_table",53,"Received","2025-01-15","plotcop_dataset_table!M53"
"plotcop_dataset_table",54,"Received","2025-01-15","plotcop_dataset_table!M54"
"plotcop_dataset_table",55,"Received","2025-01-15","plotcop_dataset_table!M55"
"plotcop_dataset_table",56,"Received","2025-01-15","plotcop_dataset_table!M56"
"plotcop_dataset_table",57,"Received","2025-01-15","plotcop_dataset_table!M57"
"plotcop_dataset_table",58,"Received","2025-01-15","plotcop_dataset_table!M58"
"plotcop_dataset_table",59,"Received","2025-01-15","plotcop_dataset_table!M59"
"plotcop_dataset_table",60,"Received","2025-05-02","plotcop_dataset_table!M60"
"plotcop_dataset_table",61,"Received","2025-05-02","plotcop_dataset_table!M61"
"plotcop_dataset_table",62,"Received","2025-05-02","plotcop_dataset_table!M62"
"plotcop_dataset_table",63,"Received","2025-05-02","plotcop_dataset_table!M63"
"plotcop_dataset_table",64,"Received","2025-05-02","plotcop_dataset_table!M64"
"plotcop_dataset_table",65,"Received","2025-05-02","plotcop_dataset_table!M65"
"plotcop_dataset_table",66,"Received","2025-05-02","plotcop_dataset_table!M66"
"plotcop_dataset_table",67,"Received",,"plotcop_dataset_table!M67"
"plotcop_dataset_table",68,"Received",,"plotcop_dataset_table!M68"
"plotcop_dataset_table",69,"Received",,"plotcop_dataset_table!M69"
"plotcop_dataset_table",70,"Received",,"plotcop_dataset_table!M70"
"plotcop_dataset_table",71,"Received",,"plotcop_dataset_table!M71"
"plotcop_dataset_table",72,"Received",,"plotcop_dataset_table!M72"
"plotcop_dataset_table",73,"Received",,"plotcop_dataset_table!M73"
"plotcop_dataset_table",74,"Received",,"plotcop_dataset_table!M74"
"plotcop_dataset_table",75,"Received",,"plotcop_dataset_table!M75"
"plotcop_dataset_table",76,"Received",,"plotcop_dataset_table!M76"
"plotcop_dataset_table",77,"Received",,"plotcop_dataset_table!M77"
"plotcop_dataset_table",78,"Received",,"plotcop_dataset_table!M78"
"plotcop_dataset_table",1,"Compiled","Compiled","plotcop_dataset_table!N1"
"plotcop_dataset_table",2,"Compiled","2025-12-12","plotcop_dataset_table!N2"
"plotcop_dataset_table",3,"Compiled","2025-12-12","plotcop_dataset_table!N3"
"plotcop_dataset_table",4,"Compiled","2025-12-12","plotcop_dataset_table!N4"
"plotcop_dataset_table",5,"Compiled","2025-12-12","plotcop_dataset_table!N5"
"plotcop_dataset_table",6,"Compiled","2025-12-12","plotcop_dataset_table!N6"
"plotcop_dataset_table",7,"Compiled","2025-12-12","plotcop_dataset_table!N7"
"plotcop_dataset_table",8,"Compiled","2025-12-12","plotcop_dataset_table!N8"
"plotcop_dataset_table",9,"Compiled","2025-12-12","plotcop_dataset_table!N9"
"plotcop_dataset_table",10,"Compiled","2025-12-12","plotcop_dataset_table!N10"
"plotcop_dataset_table",11,"Compiled","2025-12-12","plotcop_dataset_table!N11"
"plotcop_dataset_table",12,"Compiled","2025-12-12","plotcop_dataset_table!N12"
"plotcop_dataset_table",13,"Compiled","2025-12-12","plotcop_dataset_table!N13"
"plotcop_dataset_table",14,"Compiled","2025-12-12","plotcop_dataset_table!N14"
"plotcop_dataset_table",15,"Compiled","2025-12-12","plotcop_dataset_table!N15"
"plotcop_dataset_table",16,"Compiled","2025-12-12","plotcop_dataset_table!N16"
"plotcop_dataset_table",17,"Compiled","2025-12-12","plotcop_dataset_table!N17"
"plotcop_dataset_table",18,"Compiled","2025-12-12","plotcop_dataset_table!N18"
"plotcop_dataset_table",19,"Compiled","2025-12-12","plotcop_dataset_table!N19"
"plotcop_dataset_table",20,"Compiled","2025-12-12","plotcop_dataset_table!N20"
"plotcop_dataset_table",21,"Compiled","2025-12-12","plotcop_dataset_table!N21"
"plotcop_dataset_table",22,"Compiled","2025-12-12","plotcop_dataset_table!N22"
"plotcop_dataset_table",23,"Compiled","2025-12-12","plotcop_dataset_table!N23"
"plotcop_dataset_table",24,"Compiled","2025-12-12","plotcop_dataset_table!N24"
"plotcop_dataset_table",25,"Compiled","2025-12-17","plotcop_dataset_table!N25"
"plotcop_dataset_table",26,"Compiled","2025-12-12","plotcop_dataset_table!N26"
"plotcop_dataset_table",27,"Compiled","2025-12-12","plotcop_dataset_table!N27"
"plotcop_dataset_table",28,"Compiled","2025-12-12","plotcop_dataset_table!N28"
"plotcop_dataset_table",29,"Compiled","2025-12-12","plotcop_dataset_table!N29"
"plotcop_dataset_table",30,"Compiled","2025-12-12","plotcop_dataset_table!N30"
"plotcop_dataset_table",31,"Compiled","2025-12-12","plotcop_dataset_table!N31"
"plotcop_dataset_table",32,"Compiled","2025-12-12","plotcop_dataset_table!N32"
"plotcop_dataset_table",33,"Compiled","2025-12-12","plotcop_dataset_table!N33"
"plotcop_dataset_table",34,"Compiled","2025-12-12","plotcop_dataset_table!N34"
"plotcop_dataset_table",35,"Compiled","2025-12-12","plotcop_dataset_table!N35"
"plotcop_dataset_table",36,"Compiled","2025-12-12","plotcop_dataset_table!N36"
"plotcop_dataset_table",37,"Compiled","2025-12-12","plotcop_dataset_table!N37"
"plotcop_dataset_table",38,"Compiled","2025-12-12","plotcop_dataset_table!N38"
"plotcop_dataset_table",39,"Compiled","2025-12-12","plotcop_dataset_table!N39"
"plotcop_dataset_table",40,"Compiled","2025-12-12","plotcop_dataset_table!N40"
"plotcop_dataset_table",41,"Compiled","2025-12-12","plotcop_dataset_table!N41"
"plotcop_dataset_table",42,"Compiled","2025-12-12","plotcop_dataset_table!N42"
"plotcop_dataset_table",43,"Compiled","2025-12-12","plotcop_dataset_table!N43"
"plotcop_dataset_table",44,"Compiled","2025-12-12","plotcop_dataset_table!N44"
"plotcop_dataset_table",45,"Compiled","2025-12-12","plotcop_dataset_table!N45"
"plotcop_dataset_table",46,"Compiled","2025-12-12","plotcop_dataset_table!N46"
"plotcop_dataset_table",47,"Compiled","2025-12-12","plotcop_dataset_table!N47"
"plotcop_dataset_table",48,"Compiled","2025-12-12","plotcop_dataset_table!N48"
"plotcop_dataset_table",49,"Compiled","2025-12-12","plotcop_dataset_table!N49"
"plotcop_dataset_table",50,"Compiled","2025-12-12","plotcop_dataset_table!N50"
"plotcop_dataset_table",51,"Compiled","2025-12-12","plotcop_dataset_table!N51"
"plotcop_dataset_table",52,"Compiled","2025-12-12","plotcop_dataset_table!N52"
"plotcop_dataset_table",53,"Compiled","2025-12-12","plotcop_dataset_table!N53"
"plotcop_dataset_table",54,"Compiled","2025-12-12","plotcop_dataset_table!N54"
"plotcop_dataset_table",55,"Compiled","2025-12-12","plotcop_dataset_table!N55"
"plotcop_dataset_table",56,"Compiled","2025-12-12","plotcop_dataset_table!N56"
"plotcop_dataset_table",57,"Compiled","2025-12-12","plotcop_dataset_table!N57"
"plotcop_dataset_table",58,"Compiled","2025-12-12","plotcop_dataset_table!N58"
"plotcop_dataset_table",59,"Compiled","2025-12-12","plotcop_dataset_table!N59"
"plotcop_dataset_table",60,"Compiled","2025-12-12","plotcop_dataset_table!N60"
"plotcop_dataset_table",61,"Compiled","2025-12-12","plotcop_dataset_table!N61"
"plotcop_dataset_table",62,"Compiled","2025-12-12","plotcop_dataset_table!N62"
"plotcop_dataset_table",63,"Compiled","2025-12-12","plotcop_dataset_table!N63"
"plotcop_dataset_table",64,"Compiled","2025-12-12","plotcop_dataset_table!N64"
"plotcop_dataset_table",65,"Compiled","2025-12-12","plotcop_dataset_table!N65"
"plotcop_dataset_table",66,"Compiled","2025-12-12","plotcop_dataset_table!N66"
"plotcop_dataset_table",67,"Compiled",,"plotcop_dataset_table!N67"
"plotcop_dataset_table",68,"Compiled",,"plotcop_dataset_table!N68"
"plotcop_dataset_table",69,"Compiled",,"plotcop_dataset_table!N69"
"plotcop_dataset_table",70,"Compiled",,"plotcop_dataset_table!N70"
"plotcop_dataset_table",71,"Compiled",,"plotcop_dataset_table!N71"
"plotcop_dataset_table",72,"Compiled",,"plotcop_dataset_table!N72"
"plotcop_dataset_table",73,"Compiled",,"plotcop_dataset_table!N73"
"plotcop_dataset_table",74,"Compiled",,"plotcop_dataset_table!N74"
"plotcop_dataset_table",75,"Compiled",,"plotcop_dataset_table!N75"
"plotcop_dataset_table",76,"Compiled",,"plotcop_dataset_table!N76"
"plotcop_dataset_table",77,"Compiled",,"plotcop_dataset_table!N77"
"plotcop_dataset_table",78,"Compiled",,"plotcop_dataset_table!N78"
"plotcop_dataset_table",1,"Compiler","Compiler","plotcop_dataset_table!O1"
"plotcop_dataset_table",2,"Compiler","Raw data originally compiled by Dale Wilson NB-DNR (2015); compiled by Sean Lamb (FORUS Research, 2016) into version 1 format; and re-compiled into standardized version 5 format by Chris Hennigar, NRCan (2025) and Beth Brooks NB-DNR (2025).","plotcop_dataset_table!O2"
"plotcop_dataset_table",3,"Compiler","Raw data originally compiled by Dale Wilson NB-DNR (2015); compiled by Sean Lamb (FORUS Research, 2016) into version 1 format; and re-compiled into standardized version 5 format by Chris Hennigar, NRCan (2025) and Beth Brooks NB-DNR (2025).","plotcop_dataset_table!O3"
"plotcop_dataset_table",4,"Compiler","Raw data originally compiled by Dale Wilson NB-DNR (2015); compiled by Sean Lamb (FORUS Research, 2016) into version 1 format; and re-compiled into standardized version 5 format by Chris Hennigar, NRCan (2025) and Beth Brooks NB-DNR (2025).","plotcop_dataset_table!O4"
"plotcop_dataset_table",5,"Compiler","Raw data originally compiled by Dale Wilson NB-DNR (2015); compiled by Sean Lamb (FORUS Research, 2016) into version 1 format; and re-compiled into standardized version 5 format by Chris Hennigar, NRCan (2025) and Beth Brooks NB-DNR (2025).","plotcop_dataset_table!O5"
"plotcop_dataset_table",6,"Compiler","Raw data originally compiled by Adam Dick, NB-DNR (2013); Standardized by Chris Hennigar, NRCan (2025) and Beth Brooks NB-DNR (2025).","plotcop_dataset_table!O6"
"plotcop_dataset_table",7,"Compiler","Raw data originally compiled by Adam Dick, NB-DNR (2013); Standardized by Chris Hennigar, NRCan (2025) and Beth Brooks NB-DNR (2025).","plotcop_dataset_table!O7"
"plotcop_dataset_table",8,"Compiler","Raw data originally compiled by Adam Dick, NB-DNR (2013); Standardized by Chris Hennigar, NRCan (2025) and Beth Brooks NB-DNR (2025).","plotcop_dataset_table!O8"
"plotcop_dataset_table",9,"Compiler","Beth Brooks","plotcop_dataset_table!O9"
"plotcop_dataset_table",10,"Compiler","Received from BC open data ftp site. Standardized by Chris Hennigar, NRCan (Nov 2025).","plotcop_dataset_table!O10"
"plotcop_dataset_table",11,"Compiler","Chris Hennigar, NRCan (2025)","plotcop_dataset_table!O11"
"plotcop_dataset_table",12,"Compiler","Chris Hennigar, NRCan (2025)","plotcop_dataset_table!O12"
"plotcop_dataset_table",13,"Compiler","Chris Hennigar, NRCan (2025)","plotcop_dataset_table!O13"
"plotcop_dataset_table",14,"Compiler","Chris Hennigar, NRCan (2025)","plotcop_dataset_table!O14"
"plotcop_dataset_table",15,"Compiler","Chris Hennigar, NRCan (2025)","plotcop_dataset_table!O15"
"plotcop_dataset_table",16,"Compiler","Mathieu Fortin","plotcop_dataset_table!O16"
"plotcop_dataset_table",17,"Compiler","Mathieu Fortin","plotcop_dataset_table!O17"
"plotcop_dataset_table",18,"Compiler","Mathieu Fortin","plotcop_dataset_table!O18"
"plotcop_dataset_table",19,"Compiler","Mathieu Fortin","plotcop_dataset_table!O19"
"plotcop_dataset_table",20,"Compiler","Mathieu Fortin","plotcop_dataset_table!O20"
"plotcop_dataset_table",21,"Compiler","Mathieu Fortin","plotcop_dataset_table!O21"
"plotcop_dataset_table",22,"Compiler","Mathieu Fortin","plotcop_dataset_table!O22"
"plotcop_dataset_table",23,"Compiler","Chris Hennigar (NRCan 2025) for standardization to version 5; Raw data received from James Steenberg (NS-DNR).","plotcop_dataset_table!O23"
"plotcop_dataset_table",24,"Compiler","Chris Hennigar (NRCan 2025) for standardization to version 5; Jamie Ring (NS-DNR) translated raw NS database format into version 1 (compiled); ","plotcop_dataset_table!O24"
"plotcop_dataset_table",25,"Compiler","Chris Hennigar (NRCan 2025)","plotcop_dataset_table!O25"
"plotcop_dataset_table",26,"Compiler","Mathieu Fortin","plotcop_dataset_table!O26"
"plotcop_dataset_table",27,"Compiler","Mathieu Fortin","plotcop_dataset_table!O27"
"plotcop_dataset_table",28,"Compiler","Chris Hennigar (NRCan 2025); raw data from USDA FIA","plotcop_dataset_table!O28"
"plotcop_dataset_table",29,"Compiler","Chris Hennigar (NRCan 2025); raw data from USDA FIA","plotcop_dataset_table!O29"
"plotcop_dataset_table",30,"Compiler","Chris Hennigar (NRCan 2025); raw data from USDA FIA","plotcop_dataset_table!O30"
"plotcop_dataset_table",31,"Compiler","Chris Hennigar (NRCan 2025); raw data from USDA FIA","plotcop_dataset_table!O31"
"plotcop_dataset_table",32,"Compiler","Chris Hennigar (NRCan 2025); raw data from USDA FIA","plotcop_dataset_table!O32"
"plotcop_dataset_table",33,"Compiler","Chris Hennigar (NRCan 2025); raw data from USDA FIA","plotcop_dataset_table!O33"
"plotcop_dataset_table",34,"Compiler","Chris Hennigar (NRCan 2025); raw data from USDA FIA","plotcop_dataset_table!O34"
"plotcop_dataset_table",35,"Compiler","Chris Hennigar (NRCan 2025); raw data from USDA FIA","plotcop_dataset_table!O35"
"plotcop_dataset_table",36,"Compiler","Chris Hennigar (NRCan 2025); raw data from USDA FIA","plotcop_dataset_table!O36"
"plotcop_dataset_table",37,"Compiler","Chris Hennigar (NRCan 2025); raw data from USDA FIA","plotcop_dataset_table!O37"
"plotcop_dataset_table",38,"Compiler","Chris Hennigar (NRCan 2025); raw data from USDA FIA","plotcop_dataset_table!O38"
"plotcop_dataset_table",39,"Compiler","Chris Hennigar (NRCan 2025); raw data from USDA FIA","plotcop_dataset_table!O39"
"plotcop_dataset_table",40,"Compiler","Chris Hennigar (NRCan 2025); raw data from USDA FIA","plotcop_dataset_table!O40"
"plotcop_dataset_table",41,"Compiler","Chris Hennigar (NRCan 2025); raw data from USDA FIA","plotcop_dataset_table!O41"
"plotcop_dataset_table",42,"Compiler","Chris Hennigar (NRCan 2025); raw data from USDA FIA","plotcop_dataset_table!O42"
"plotcop_dataset_table",43,"Compiler","Chris Hennigar (NRCan 2025); raw data from USDA FIA","plotcop_dataset_table!O43"
"plotcop_dataset_table",44,"Compiler","Chris Hennigar (NRCan 2025); raw data from USDA FIA","plotcop_dataset_table!O44"
"plotcop_dataset_table",45,"Compiler","Chris Hennigar (NRCan 2025); raw data from USDA FIA","plotcop_dataset_table!O45"
"plotcop_dataset_table",46,"Compiler","Chris Hennigar (NRCan 2025); raw data from USDA FIA","plotcop_dataset_table!O46"
"plotcop_dataset_table",47,"Compiler","Chris Hennigar (NRCan 2025); raw data from USDA FIA","plotcop_dataset_table!O47"
"plotcop_dataset_table",48,"Compiler","Chris Hennigar (NRCan 2025); raw data from USDA FIA","plotcop_dataset_table!O48"
"plotcop_dataset_table",49,"Compiler","Chris Hennigar (NRCan 2025); raw data from USDA FIA","plotcop_dataset_table!O49"
"plotcop_dataset_table",50,"Compiler","Chris Hennigar (NRCan 2025); raw data from USDA FIA","plotcop_dataset_table!O50"
"plotcop_dataset_table",51,"Compiler","Chris Hennigar (NRCan 2025); raw data from USDA FIA","plotcop_dataset_table!O51"
"plotcop_dataset_table",52,"Compiler","Chris Hennigar (NRCan 2025); raw data from USDA FIA","plotcop_dataset_table!O52"
"plotcop_dataset_table",53,"Compiler","Chris Hennigar (NRCan 2025); raw data from USDA FIA","plotcop_dataset_table!O53"
"plotcop_dataset_table",54,"Compiler","Chris Hennigar (NRCan 2025); raw data from USDA FIA","plotcop_dataset_table!O54"
"plotcop_dataset_table",55,"Compiler","Chris Hennigar (NRCan 2025); raw data from USDA FIA","plotcop_dataset_table!O55"
"plotcop_dataset_table",56,"Compiler","Chris Hennigar (NRCan 2025); raw data from USDA FIA","plotcop_dataset_table!O56"
"plotcop_dataset_table",57,"Compiler","Chris Hennigar (NRCan 2025); raw data from USDA FIA","plotcop_dataset_table!O57"
"plotcop_dataset_table",58,"Compiler","Chris Hennigar (NRCan 2025); raw data from USDA FIA","plotcop_dataset_table!O58"
"plotcop_dataset_table",59,"Compiler","Chris Hennigar (NRCan 2025); raw data from USDA FIA","plotcop_dataset_table!O59"
"plotcop_dataset_table",60,"Compiler","Raw data from MAG v1.1 as csv files; compiled to sqlite by Mathieu Fortin (NRCan 2025); standardized to version 5 by Chris Hennigar (NRCan 2025).","plotcop_dataset_table!O60"
"plotcop_dataset_table",61,"Compiler","Raw data from MAG v1.1 as csv files; compiled to sqlite by Mathieu Fortin (NRCan 2025); standardized to version 5 by Chris Hennigar (NRCan 2025).","plotcop_dataset_table!O61"
"plotcop_dataset_table",62,"Compiler","Raw data from MAG v1.1 as csv files; compiled to sqlite by Mathieu Fortin (NRCan 2025); standardized to version 5 by Chris Hennigar (NRCan 2025).","plotcop_dataset_table!O62"
"plotcop_dataset_table",63,"Compiler","Raw data from MAG v1.1 as csv files; compiled to sqlite by Mathieu Fortin (NRCan 2025); standardized to version 5 by Chris Hennigar (NRCan 2025).","plotcop_dataset_table!O63"
"plotcop_dataset_table",64,"Compiler","Raw data from MAG v1.1 as csv files; compiled to sqlite by Mathieu Fortin (NRCan 2025); standardized to version 5 by Chris Hennigar (NRCan 2025).","plotcop_dataset_table!O64"
"plotcop_dataset_table",65,"Compiler","Raw data from MAG v1.1 as csv files; compiled to sqlite by Mathieu Fortin (NRCan 2025); standardized to version 5 by Chris Hennigar (NRCan 2025).","plotcop_dataset_table!O65"
"plotcop_dataset_table",66,"Compiler","Raw data from MAG v1.1 as csv files; compiled to sqlite by Mathieu Fortin (NRCan 2025); standardized to version 5 by Chris Hennigar (NRCan 2025).","plotcop_dataset_table!O66"
"plotcop_dataset_table",67,"Compiler",,"plotcop_dataset_table!O67"
"plotcop_dataset_table",68,"Compiler",,"plotcop_dataset_table!O68"
"plotcop_dataset_table",69,"Compiler",,"plotcop_dataset_table!O69"
"plotcop_dataset_table",70,"Compiler",,"plotcop_dataset_table!O70"
"plotcop_dataset_table",71,"Compiler",,"plotcop_dataset_table!O71"
"plotcop_dataset_table",72,"Compiler",,"plotcop_dataset_table!O72"
"plotcop_dataset_table",73,"Compiler",,"plotcop_dataset_table!O73"
"plotcop_dataset_table",74,"Compiler",,"plotcop_dataset_table!O74"
"plotcop_dataset_table",75,"Compiler",,"plotcop_dataset_table!O75"
"plotcop_dataset_table",76,"Compiler",,"plotcop_dataset_table!O76"
"plotcop_dataset_table",77,"Compiler",,"plotcop_dataset_table!O77"
"plotcop_dataset_table",78,"Compiler","add them following the","plotcop_dataset_table!O78"
"plotcop_dataset_table",1,"Active","Active","plotcop_dataset_table!P1"
"plotcop_dataset_table",2,"Active","1","plotcop_dataset_table!P2"
"plotcop_dataset_table",3,"Active","1","plotcop_dataset_table!P3"
"plotcop_dataset_table",4,"Active","1","plotcop_dataset_table!P4"
"plotcop_dataset_table",5,"Active","1","plotcop_dataset_table!P5"
"plotcop_dataset_table",6,"Active","0","plotcop_dataset_table!P6"
"plotcop_dataset_table",7,"Active","0","plotcop_dataset_table!P7"
"plotcop_dataset_table",8,"Active","0","plotcop_dataset_table!P8"
"plotcop_dataset_table",9,"Active","1","plotcop_dataset_table!P9"
"plotcop_dataset_table",10,"Active",,"plotcop_dataset_table!P10"
"plotcop_dataset_table",11,"Active","1","plotcop_dataset_table!P11"
"plotcop_dataset_table",12,"Active","1","plotcop_dataset_table!P12"
"plotcop_dataset_table",13,"Active","1","plotcop_dataset_table!P13"
"plotcop_dataset_table",14,"Active","1","plotcop_dataset_table!P14"
"plotcop_dataset_table",15,"Active","1","plotcop_dataset_table!P15"
"plotcop_dataset_table",16,"Active","1","plotcop_dataset_table!P16"
"plotcop_dataset_table",17,"Active","1","plotcop_dataset_table!P17"
"plotcop_dataset_table",18,"Active","1","plotcop_dataset_table!P18"
"plotcop_dataset_table",19,"Active","1","plotcop_dataset_table!P19"
"plotcop_dataset_table",20,"Active","1","plotcop_dataset_table!P20"
"plotcop_dataset_table",21,"Active","1","plotcop_dataset_table!P21"
"plotcop_dataset_table",22,"Active","1","plotcop_dataset_table!P22"
"plotcop_dataset_table",23,"Active","1","plotcop_dataset_table!P23"
"plotcop_dataset_table",24,"Active","1","plotcop_dataset_table!P24"
"plotcop_dataset_table",25,"Active","1","plotcop_dataset_table!P25"
"plotcop_dataset_table",26,"Active","1","plotcop_dataset_table!P26"
"plotcop_dataset_table",27,"Active","1","plotcop_dataset_table!P27"
"plotcop_dataset_table",28,"Active",,"plotcop_dataset_table!P28"
"plotcop_dataset_table",29,"Active",,"plotcop_dataset_table!P29"
"plotcop_dataset_table",30,"Active",,"plotcop_dataset_table!P30"
"plotcop_dataset_table",31,"Active",,"plotcop_dataset_table!P31"
"plotcop_dataset_table",32,"Active",,"plotcop_dataset_table!P32"
"plotcop_dataset_table",33,"Active",,"plotcop_dataset_table!P33"
"plotcop_dataset_table",34,"Active",,"plotcop_dataset_table!P34"
"plotcop_dataset_table",35,"Active",,"plotcop_dataset_table!P35"
"plotcop_dataset_table",36,"Active",,"plotcop_dataset_table!P36"
"plotcop_dataset_table",37,"Active",,"plotcop_dataset_table!P37"
"plotcop_dataset_table",38,"Active",,"plotcop_dataset_table!P38"
"plotcop_dataset_table",39,"Active",,"plotcop_dataset_table!P39"
"plotcop_dataset_table",40,"Active",,"plotcop_dataset_table!P40"
"plotcop_dataset_table",41,"Active",,"plotcop_dataset_table!P41"
"plotcop_dataset_table",42,"Active",,"plotcop_dataset_table!P42"
"plotcop_dataset_table",43,"Active",,"plotcop_dataset_table!P43"
"plotcop_dataset_table",44,"Active",,"plotcop_dataset_table!P44"
"plotcop_dataset_table",45,"Active",,"plotcop_dataset_table!P45"
"plotcop_dataset_table",46,"Active",,"plotcop_dataset_table!P46"
"plotcop_dataset_table",47,"Active",,"plotcop_dataset_table!P47"
"plotcop_dataset_table",48,"Active",,"plotcop_dataset_table!P48"
"plotcop_dataset_table",49,"Active",,"plotcop_dataset_table!P49"
"plotcop_dataset_table",50,"Active",,"plotcop_dataset_table!P50"
"plotcop_dataset_table",51,"Active",,"plotcop_dataset_table!P51"
"plotcop_dataset_table",52,"Active",,"plotcop_dataset_table!P52"
"plotcop_dataset_table",53,"Active",,"plotcop_dataset_table!P53"
"plotcop_dataset_table",54,"Active",,"plotcop_dataset_table!P54"
"plotcop_dataset_table",55,"Active",,"plotcop_dataset_table!P55"
"plotcop_dataset_table",56,"Active",,"plotcop_dataset_table!P56"
"plotcop_dataset_table",57,"Active",,"plotcop_dataset_table!P57"
"plotcop_dataset_table",58,"Active",,"plotcop_dataset_table!P58"
"plotcop_dataset_table",59,"Active",,"plotcop_dataset_table!P59"
"plotcop_dataset_table",60,"Active",,"plotcop_dataset_table!P60"
"plotcop_dataset_table",61,"Active",,"plotcop_dataset_table!P61"
"plotcop_dataset_table",62,"Active",,"plotcop_dataset_table!P62"
"plotcop_dataset_table",63,"Active",,"plotcop_dataset_table!P63"
"plotcop_dataset_table",64,"Active",,"plotcop_dataset_table!P64"
"plotcop_dataset_table",65,"Active",,"plotcop_dataset_table!P65"
"plotcop_dataset_table",66,"Active",,"plotcop_dataset_table!P66"
"plotcop_dataset_table",67,"Active",,"plotcop_dataset_table!P67"
"plotcop_dataset_table",68,"Active",,"plotcop_dataset_table!P68"
"plotcop_dataset_table",69,"Active",,"plotcop_dataset_table!P69"
"plotcop_dataset_table",70,"Active",,"plotcop_dataset_table!P70"
"plotcop_dataset_table",71,"Active",,"plotcop_dataset_table!P71"
"plotcop_dataset_table",72,"Active",,"plotcop_dataset_table!P72"
"plotcop_dataset_table",73,"Active",,"plotcop_dataset_table!P73"
"plotcop_dataset_table",74,"Active",,"plotcop_dataset_table!P74"
"plotcop_dataset_table",75,"Active",,"plotcop_dataset_table!P75"
"plotcop_dataset_table",76,"Active",,"plotcop_dataset_table!P76"
"plotcop_dataset_table",77,"Active",,"plotcop_dataset_table!P77"
"plotcop_dataset_table",78,"Active",,"plotcop_dataset_table!P78"
"plotcop_dataset_table",1,"Locations","Locations","plotcop_dataset_table!Q1"
"plotcop_dataset_table",2,"Locations","227","plotcop_dataset_table!Q2"
"plotcop_dataset_table",3,"Locations","844","plotcop_dataset_table!Q3"
"plotcop_dataset_table",4,"Locations","659","plotcop_dataset_table!Q4"
"plotcop_dataset_table",5,"Locations","1855","plotcop_dataset_table!Q5"
"plotcop_dataset_table",6,"Locations","11681","plotcop_dataset_table!Q6"
"plotcop_dataset_table",7,"Locations","20531","plotcop_dataset_table!Q7"
"plotcop_dataset_table",8,"Locations","41642","plotcop_dataset_table!Q8"
"plotcop_dataset_table",9,"Locations","18333","plotcop_dataset_table!Q9"
"plotcop_dataset_table",10,"Locations","7339","plotcop_dataset_table!Q10"
"plotcop_dataset_table",11,"Locations","944","plotcop_dataset_table!Q11"
"plotcop_dataset_table",12,"Locations","387","plotcop_dataset_table!Q12"
"plotcop_dataset_table",13,"Locations","63","plotcop_dataset_table!Q13"
"plotcop_dataset_table",14,"Locations","6684","plotcop_dataset_table!Q14"
"plotcop_dataset_table",15,"Locations","1081","plotcop_dataset_table!Q15"
"plotcop_dataset_table",16,"Locations","7521","plotcop_dataset_table!Q16"
"plotcop_dataset_table",17,"Locations","3046","plotcop_dataset_table!Q17"
"plotcop_dataset_table",18,"Locations","650","plotcop_dataset_table!Q18"
"plotcop_dataset_table",19,"Locations","89","plotcop_dataset_table!Q19"
"plotcop_dataset_table",20,"Locations","158","plotcop_dataset_table!Q20"
"plotcop_dataset_table",21,"Locations","1132","plotcop_dataset_table!Q21"
"plotcop_dataset_table",22,"Locations","236","plotcop_dataset_table!Q22"
"plotcop_dataset_table",23,"Locations","1338","plotcop_dataset_table!Q23"
"plotcop_dataset_table",24,"Locations","3377","plotcop_dataset_table!Q24"
"plotcop_dataset_table",25,"Locations","1300","plotcop_dataset_table!Q25"
"plotcop_dataset_table",26,"Locations","6168","plotcop_dataset_table!Q26"
"plotcop_dataset_table",27,"Locations","1291","plotcop_dataset_table!Q27"
"plotcop_dataset_table",28,"Locations","3190","plotcop_dataset_table!Q28"
"plotcop_dataset_table",29,"Locations","334","plotcop_dataset_table!Q29"
"plotcop_dataset_table",30,"Locations","159","plotcop_dataset_table!Q30"
"plotcop_dataset_table",31,"Locations","3865","plotcop_dataset_table!Q31"
"plotcop_dataset_table",32,"Locations","1106","plotcop_dataset_table!Q32"
"plotcop_dataset_table",33,"Locations","1967","plotcop_dataset_table!Q33"
"plotcop_dataset_table",34,"Locations","682","plotcop_dataset_table!Q34"
"plotcop_dataset_table",35,"Locations","2540","plotcop_dataset_table!Q35"
"plotcop_dataset_table",36,"Locations","3209","plotcop_dataset_table!Q36"
"plotcop_dataset_table",37,"Locations","497","plotcop_dataset_table!Q37"
"plotcop_dataset_table",38,"Locations","583","plotcop_dataset_table!Q38"
"plotcop_dataset_table",39,"Locations","8063","plotcop_dataset_table!Q39"
"plotcop_dataset_table",40,"Locations","6673","plotcop_dataset_table!Q40"
"plotcop_dataset_table",41,"Locations","4645","plotcop_dataset_table!Q41"
"plotcop_dataset_table",42,"Locations","369","plotcop_dataset_table!Q42"
"plotcop_dataset_table",43,"Locations","1112","plotcop_dataset_table!Q43"
"plotcop_dataset_table",44,"Locations","737","plotcop_dataset_table!Q44"
"plotcop_dataset_table",45,"Locations","3448","plotcop_dataset_table!Q45"
"plotcop_dataset_table",46,"Locations","4573","plotcop_dataset_table!Q46"
"plotcop_dataset_table",47,"Locations","209","plotcop_dataset_table!Q47"
"plotcop_dataset_table",48,"Locations","1763","plotcop_dataset_table!Q48"
"plotcop_dataset_table",49,"Locations","10607","plotcop_dataset_table!Q49"
"plotcop_dataset_table",50,"Locations","3426","plotcop_dataset_table!Q50"
"plotcop_dataset_table",51,"Locations","150","plotcop_dataset_table!Q51"
"plotcop_dataset_table",52,"Locations","587","plotcop_dataset_table!Q52"
"plotcop_dataset_table",53,"Locations","3483","plotcop_dataset_table!Q53"
"plotcop_dataset_table",54,"Locations","974","plotcop_dataset_table!Q54"
"plotcop_dataset_table",55,"Locations","4146","plotcop_dataset_table!Q55"
"plotcop_dataset_table",56,"Locations","6009","plotcop_dataset_table!Q56"
"plotcop_dataset_table",57,"Locations","2414","plotcop_dataset_table!Q57"
"plotcop_dataset_table",58,"Locations","6540","plotcop_dataset_table!Q58"
"plotcop_dataset_table",59,"Locations","1917","plotcop_dataset_table!Q59"
"plotcop_dataset_table",60,"Locations","1188","plotcop_dataset_table!Q60"
"plotcop_dataset_table",61,"Locations","1869","plotcop_dataset_table!Q61"
"plotcop_dataset_table",62,"Locations","324","plotcop_dataset_table!Q62"
"plotcop_dataset_table",63,"Locations","478","plotcop_dataset_table!Q63"
"plotcop_dataset_table",64,"Locations","471","plotcop_dataset_table!Q64"
"plotcop_dataset_table",65,"Locations","691","plotcop_dataset_table!Q65"
"plotcop_dataset_table",66,"Locations","261","plotcop_dataset_table!Q66"
"plotcop_dataset_table",67,"Locations",,"plotcop_dataset_table!Q67"
"plotcop_dataset_table",68,"Locations",,"plotcop_dataset_table!Q68"
"plotcop_dataset_table",69,"Locations",,"plotcop_dataset_table!Q69"
"plotcop_dataset_table",70,"Locations",,"plotcop_dataset_table!Q70"
"plotcop_dataset_table",71,"Locations",,"plotcop_dataset_table!Q71"
"plotcop_dataset_table",72,"Locations",,"plotcop_dataset_table!Q72"
"plotcop_dataset_table",73,"Locations",,"plotcop_dataset_table!Q73"
"plotcop_dataset_table",74,"Locations",,"plotcop_dataset_table!Q74"
"plotcop_dataset_table",75,"Locations",,"plotcop_dataset_table!Q75"
"plotcop_dataset_table",76,"Locations",,"plotcop_dataset_table!Q76"
"plotcop_dataset_table",77,"Locations",,"plotcop_dataset_table!Q77"
"plotcop_dataset_table",78,"Locations",,"plotcop_dataset_table!Q78"
"plotcop_dataset_table",1,"Plots","Plots","plotcop_dataset_table!R1"
"plotcop_dataset_table",2,"Plots","227","plotcop_dataset_table!R2"
"plotcop_dataset_table",3,"Plots","844","plotcop_dataset_table!R3"
"plotcop_dataset_table",4,"Plots","659","plotcop_dataset_table!R4"
"plotcop_dataset_table",5,"Plots","1855","plotcop_dataset_table!R5"
"plotcop_dataset_table",6,"Plots","11681","plotcop_dataset_table!R6"
"plotcop_dataset_table",7,"Plots","20531","plotcop_dataset_table!R7"
"plotcop_dataset_table",8,"Plots","41642","plotcop_dataset_table!R8"
"plotcop_dataset_table",9,"Plots","18333","plotcop_dataset_table!R9"
"plotcop_dataset_table",10,"Plots","7808","plotcop_dataset_table!R10"
"plotcop_dataset_table",11,"Plots","944","plotcop_dataset_table!R11"
"plotcop_dataset_table",12,"Plots","1652","plotcop_dataset_table!R12"
"plotcop_dataset_table",13,"Plots","63","plotcop_dataset_table!R13"
"plotcop_dataset_table",14,"Plots","29365","plotcop_dataset_table!R14"
"plotcop_dataset_table",15,"Plots","1081","plotcop_dataset_table!R15"
"plotcop_dataset_table",16,"Plots","7521","plotcop_dataset_table!R16"
"plotcop_dataset_table",17,"Plots","3046","plotcop_dataset_table!R17"
"plotcop_dataset_table",18,"Plots","650","plotcop_dataset_table!R18"
"plotcop_dataset_table",19,"Plots","89","plotcop_dataset_table!R19"
"plotcop_dataset_table",20,"Plots","158","plotcop_dataset_table!R20"
"plotcop_dataset_table",21,"Plots","1132","plotcop_dataset_table!R21"
"plotcop_dataset_table",22,"Plots","236","plotcop_dataset_table!R22"
"plotcop_dataset_table",23,"Plots","1338","plotcop_dataset_table!R23"
"plotcop_dataset_table",24,"Plots","3377","plotcop_dataset_table!R24"
"plotcop_dataset_table",25,"Plots","1300","plotcop_dataset_table!R25"
"plotcop_dataset_table",26,"Plots","8586","plotcop_dataset_table!R26"
"plotcop_dataset_table",27,"Plots","1772","plotcop_dataset_table!R27"
"plotcop_dataset_table",28,"Plots","11674","plotcop_dataset_table!R28"
"plotcop_dataset_table",29,"Plots","1109","plotcop_dataset_table!R29"
"plotcop_dataset_table",30,"Plots","492","plotcop_dataset_table!R30"
"plotcop_dataset_table",31,"Plots","14374","plotcop_dataset_table!R31"
"plotcop_dataset_table",32,"Plots","3385","plotcop_dataset_table!R32"
"plotcop_dataset_table",33,"Plots","5968","plotcop_dataset_table!R33"
"plotcop_dataset_table",34,"Plots","1991","plotcop_dataset_table!R34"
"plotcop_dataset_table",35,"Plots","8549","plotcop_dataset_table!R35"
"plotcop_dataset_table",36,"Plots","12015","plotcop_dataset_table!R36"
"plotcop_dataset_table",37,"Plots","1566","plotcop_dataset_table!R37"
"plotcop_dataset_table",38,"Plots","1892","plotcop_dataset_table!R38"
"plotcop_dataset_table",39,"Plots","28169","plotcop_dataset_table!R39"
"plotcop_dataset_table",40,"Plots","23191","plotcop_dataset_table!R40"
"plotcop_dataset_table",41,"Plots","16970","plotcop_dataset_table!R41"
"plotcop_dataset_table",42,"Plots","1073","plotcop_dataset_table!R42"
"plotcop_dataset_table",43,"Plots","4116","plotcop_dataset_table!R43"
"plotcop_dataset_table",44,"Plots","2338","plotcop_dataset_table!R44"
"plotcop_dataset_table",45,"Plots","11715","plotcop_dataset_table!R45"
"plotcop_dataset_table",46,"Plots","15716","plotcop_dataset_table!R46"
"plotcop_dataset_table",47,"Plots","563","plotcop_dataset_table!R47"
"plotcop_dataset_table",48,"Plots","5575","plotcop_dataset_table!R48"
"plotcop_dataset_table",49,"Plots","35908","plotcop_dataset_table!R49"
"plotcop_dataset_table",50,"Plots","11666","plotcop_dataset_table!R50"
"plotcop_dataset_table",51,"Plots","464","plotcop_dataset_table!R51"
"plotcop_dataset_table",52,"Plots","1985","plotcop_dataset_table!R52"
"plotcop_dataset_table",53,"Plots","12144","plotcop_dataset_table!R53"
"plotcop_dataset_table",54,"Plots","3591","plotcop_dataset_table!R54"
"plotcop_dataset_table",55,"Plots","14740","plotcop_dataset_table!R55"
"plotcop_dataset_table",56,"Plots","20230","plotcop_dataset_table!R56"
"plotcop_dataset_table",57,"Plots","8599","plotcop_dataset_table!R57"
"plotcop_dataset_table",58,"Plots","22019","plotcop_dataset_table!R58"
"plotcop_dataset_table",59,"Plots","6832","plotcop_dataset_table!R59"
"plotcop_dataset_table",60,"Plots","1188","plotcop_dataset_table!R60"
"plotcop_dataset_table",61,"Plots","1869","plotcop_dataset_table!R61"
"plotcop_dataset_table",62,"Plots","324","plotcop_dataset_table!R62"
"plotcop_dataset_table",63,"Plots","478","plotcop_dataset_table!R63"
"plotcop_dataset_table",64,"Plots","471","plotcop_dataset_table!R64"
"plotcop_dataset_table",65,"Plots","691","plotcop_dataset_table!R65"
"plotcop_dataset_table",66,"Plots","261","plotcop_dataset_table!R66"
"plotcop_dataset_table",67,"Plots",,"plotcop_dataset_table!R67"
"plotcop_dataset_table",68,"Plots",,"plotcop_dataset_table!R68"
"plotcop_dataset_table",69,"Plots",,"plotcop_dataset_table!R69"
"plotcop_dataset_table",70,"Plots",,"plotcop_dataset_table!R70"
"plotcop_dataset_table",71,"Plots",,"plotcop_dataset_table!R71"
"plotcop_dataset_table",72,"Plots",,"plotcop_dataset_table!R72"
"plotcop_dataset_table",73,"Plots",,"plotcop_dataset_table!R73"
"plotcop_dataset_table",74,"Plots",,"plotcop_dataset_table!R74"
"plotcop_dataset_table",75,"Plots",,"plotcop_dataset_table!R75"
"plotcop_dataset_table",76,"Plots",,"plotcop_dataset_table!R76"
"plotcop_dataset_table",77,"Plots",,"plotcop_dataset_table!R77"
"plotcop_dataset_table",78,"Plots",,"plotcop_dataset_table!R78"
"plotcop_dataset_table",1,"Visits","Visits","plotcop_dataset_table!S1"
"plotcop_dataset_table",2,"Visits","440","plotcop_dataset_table!S2"
"plotcop_dataset_table",3,"Visits","3285","plotcop_dataset_table!S3"
"plotcop_dataset_table",4,"Visits","2033","plotcop_dataset_table!S4"
"plotcop_dataset_table",5,"Visits","8039","plotcop_dataset_table!S5"
"plotcop_dataset_table",6,"Visits","11681","plotcop_dataset_table!S6"
"plotcop_dataset_table",7,"Visits","20531","plotcop_dataset_table!S7"
"plotcop_dataset_table",8,"Visits","41642","plotcop_dataset_table!S8"
"plotcop_dataset_table",9,"Visits","12541","plotcop_dataset_table!S9"
"plotcop_dataset_table",10,"Visits","24927","plotcop_dataset_table!S10"
"plotcop_dataset_table",11,"Visits","1324","plotcop_dataset_table!S11"
"plotcop_dataset_table",12,"Visits","1656","plotcop_dataset_table!S12"
"plotcop_dataset_table",13,"Visits","63","plotcop_dataset_table!S13"
"plotcop_dataset_table",14,"Visits","31531","plotcop_dataset_table!S14"
"plotcop_dataset_table",15,"Visits","1926","plotcop_dataset_table!S15"
"plotcop_dataset_table",16,"Visits","36074","plotcop_dataset_table!S16"
"plotcop_dataset_table",17,"Visits","8964","plotcop_dataset_table!S17"
"plotcop_dataset_table",18,"Visits","2079","plotcop_dataset_table!S18"
"plotcop_dataset_table",19,"Visits","187","plotcop_dataset_table!S19"
"plotcop_dataset_table",20,"Visits","476","plotcop_dataset_table!S20"
"plotcop_dataset_table",21,"Visits","3973","plotcop_dataset_table!S21"
"plotcop_dataset_table",22,"Visits","840","plotcop_dataset_table!S22"
"plotcop_dataset_table",23,"Visits","7709","plotcop_dataset_table!S23"
"plotcop_dataset_table",24,"Visits","27788","plotcop_dataset_table!S24"
"plotcop_dataset_table",25,"Visits","7002","plotcop_dataset_table!S25"
"plotcop_dataset_table",26,"Visits","40046","plotcop_dataset_table!S26"
"plotcop_dataset_table",27,"Visits","5615","plotcop_dataset_table!S27"
"plotcop_dataset_table",28,"Visits","15876","plotcop_dataset_table!S28"
"plotcop_dataset_table",29,"Visits","2991","plotcop_dataset_table!S29"
"plotcop_dataset_table",30,"Visits","1171","plotcop_dataset_table!S30"
"plotcop_dataset_table",31,"Visits","25140","plotcop_dataset_table!S31"
"plotcop_dataset_table",32,"Visits","8359","plotcop_dataset_table!S32"
"plotcop_dataset_table",33,"Visits","12646","plotcop_dataset_table!S33"
"plotcop_dataset_table",34,"Visits","5546","plotcop_dataset_table!S34"
"plotcop_dataset_table",35,"Visits","29246","plotcop_dataset_table!S35"
"plotcop_dataset_table",36,"Visits","49444","plotcop_dataset_table!S36"
"plotcop_dataset_table",37,"Visits","3380","plotcop_dataset_table!S37"
"plotcop_dataset_table",38,"Visits","4889","plotcop_dataset_table!S38"
"plotcop_dataset_table",39,"Visits","53592","plotcop_dataset_table!S39"
"plotcop_dataset_table",40,"Visits","77630","plotcop_dataset_table!S40"
"plotcop_dataset_table",41,"Visits","29249","plotcop_dataset_table!S41"
"plotcop_dataset_table",42,"Visits","2375","plotcop_dataset_table!S42"
"plotcop_dataset_table",43,"Visits","10595","plotcop_dataset_table!S43"
"plotcop_dataset_table",44,"Visits","5367","plotcop_dataset_table!S44"
"plotcop_dataset_table",45,"Visits","30574","plotcop_dataset_table!S45"
"plotcop_dataset_table",46,"Visits","49950","plotcop_dataset_table!S46"
"plotcop_dataset_table",47,"Visits","1406","plotcop_dataset_table!S47"
"plotcop_dataset_table",48,"Visits","13912","plotcop_dataset_table!S48"
"plotcop_dataset_table",49,"Visits","66935","plotcop_dataset_table!S49"
"plotcop_dataset_table",50,"Visits","35014","plotcop_dataset_table!S50"
"plotcop_dataset_table",51,"Visits","1113","plotcop_dataset_table!S51"
"plotcop_dataset_table",52,"Visits","4219","plotcop_dataset_table!S52"
"plotcop_dataset_table",53,"Visits","45725","plotcop_dataset_table!S53"
"plotcop_dataset_table",54,"Visits","9670","plotcop_dataset_table!S54"
"plotcop_dataset_table",55,"Visits","56326","plotcop_dataset_table!S55"
"plotcop_dataset_table",56,"Visits","37340","plotcop_dataset_table!S56"
"plotcop_dataset_table",57,"Visits","17884","plotcop_dataset_table!S57"
"plotcop_dataset_table",58,"Visits","61940","plotcop_dataset_table!S58"
"plotcop_dataset_table",59,"Visits","7457","plotcop_dataset_table!S59"
"plotcop_dataset_table",60,"Visits","2064","plotcop_dataset_table!S60"
"plotcop_dataset_table",61,"Visits","8607","plotcop_dataset_table!S61"
"plotcop_dataset_table",62,"Visits","1340","plotcop_dataset_table!S62"
"plotcop_dataset_table",63,"Visits","1531","plotcop_dataset_table!S63"
"plotcop_dataset_table",64,"Visits","771","plotcop_dataset_table!S64"
"plotcop_dataset_table",65,"Visits","4563","plotcop_dataset_table!S65"
"plotcop_dataset_table",66,"Visits","1274","plotcop_dataset_table!S66"
"plotcop_dataset_table",67,"Visits",,"plotcop_dataset_table!S67"
"plotcop_dataset_table",68,"Visits",,"plotcop_dataset_table!S68"
"plotcop_dataset_table",69,"Visits",,"plotcop_dataset_table!S69"
"plotcop_dataset_table",70,"Visits",,"plotcop_dataset_table!S70"
"plotcop_dataset_table",71,"Visits",,"plotcop_dataset_table!S71"
"plotcop_dataset_table",72,"Visits",,"plotcop_dataset_table!S72"
"plotcop_dataset_table",73,"Visits",,"plotcop_dataset_table!S73"
"plotcop_dataset_table",74,"Visits",,"plotcop_dataset_table!S74"
"plotcop_dataset_table",75,"Visits",,"plotcop_dataset_table!S75"
"plotcop_dataset_table",76,"Visits",,"plotcop_dataset_table!S76"
"plotcop_dataset_table",77,"Visits",,"plotcop_dataset_table!S77"
"plotcop_dataset_table",78,"Visits",,"plotcop_dataset_table!S78"
"plotcop_dataset_table",1,"MinYr","MinYr","plotcop_dataset_table!T1"
"plotcop_dataset_table",2,"MinYr","1996","plotcop_dataset_table!T2"
"plotcop_dataset_table",3,"MinYr","1987","plotcop_dataset_table!T3"
"plotcop_dataset_table",4,"MinYr","1988","plotcop_dataset_table!T4"
"plotcop_dataset_table",5,"MinYr","1985","plotcop_dataset_table!T5"
"plotcop_dataset_table",6,"MinYr","1981","plotcop_dataset_table!T6"
"plotcop_dataset_table",7,"MinYr","1988","plotcop_dataset_table!T7"
"plotcop_dataset_table",8,"MinYr","2004","plotcop_dataset_table!T8"
"plotcop_dataset_table",9,"MinYr","2015","plotcop_dataset_table!T9"
"plotcop_dataset_table",10,"MinYr","1921","plotcop_dataset_table!T10"
"plotcop_dataset_table",11,"MinYr","2009","plotcop_dataset_table!T11"
"plotcop_dataset_table",12,"MinYr","2015","plotcop_dataset_table!T12"
"plotcop_dataset_table",13,"MinYr","2011","plotcop_dataset_table!T13"
"plotcop_dataset_table",14,"MinYr","1995","plotcop_dataset_table!T14"
"plotcop_dataset_table",15,"MinYr","2005","plotcop_dataset_table!T15"
"plotcop_dataset_table",16,"MinYr","1970","plotcop_dataset_table!T16"
"plotcop_dataset_table",17,"MinYr","1989","plotcop_dataset_table!T17"
"plotcop_dataset_table",18,"MinYr","1985","plotcop_dataset_table!T18"
"plotcop_dataset_table",19,"MinYr","1995","plotcop_dataset_table!T19"
"plotcop_dataset_table",20,"MinYr","1992","plotcop_dataset_table!T20"
"plotcop_dataset_table",21,"MinYr","1988","plotcop_dataset_table!T21"
"plotcop_dataset_table",22,"MinYr","1995","plotcop_dataset_table!T22"
"plotcop_dataset_table",23,"MinYr","1978","plotcop_dataset_table!T23"
"plotcop_dataset_table",24,"MinYr","1965","plotcop_dataset_table!T24"
"plotcop_dataset_table",25,"MinYr","1985","plotcop_dataset_table!T25"
"plotcop_dataset_table",26,"MinYr","1952","plotcop_dataset_table!T26"
"plotcop_dataset_table",27,"MinYr","1961","plotcop_dataset_table!T27"
"plotcop_dataset_table",28,"MinYr","2004","plotcop_dataset_table!T28"
"plotcop_dataset_table",29,"MinYr","2003","plotcop_dataset_table!T29"
"plotcop_dataset_table",30,"MinYr","2004","plotcop_dataset_table!T30"
"plotcop_dataset_table",31,"MinYr","2004","plotcop_dataset_table!T31"
"plotcop_dataset_table",32,"MinYr","2005","plotcop_dataset_table!T32"
"plotcop_dataset_table",33,"MinYr","2003","plotcop_dataset_table!T33"
"plotcop_dataset_table",34,"MinYr","2004","plotcop_dataset_table!T34"
"plotcop_dataset_table",35,"MinYr","1999","plotcop_dataset_table!T35"
"plotcop_dataset_table",36,"MinYr","1999","plotcop_dataset_table!T36"
"plotcop_dataset_table",37,"MinYr","2005","plotcop_dataset_table!T37"
"plotcop_dataset_table",38,"MinYr","2003","plotcop_dataset_table!T38"
"plotcop_dataset_table",39,"MinYr","2004","plotcop_dataset_table!T39"
"plotcop_dataset_table",40,"MinYr","2003","plotcop_dataset_table!T40"
"plotcop_dataset_table",41,"MinYr","2003","plotcop_dataset_table!T41"
"plotcop_dataset_table",42,"MinYr","2005","plotcop_dataset_table!T42"
"plotcop_dataset_table",43,"MinYr","2002","plotcop_dataset_table!T43"
"plotcop_dataset_table",44,"MinYr","2004","plotcop_dataset_table!T44"
"plotcop_dataset_table",45,"MinYr","2002","plotcop_dataset_table!T45"
"plotcop_dataset_table",46,"MinYr","1998","plotcop_dataset_table!T46"
"plotcop_dataset_table",47,"MinYr","2006","plotcop_dataset_table!T47"
"plotcop_dataset_table",48,"MinYr","2001","plotcop_dataset_table!T48"
"plotcop_dataset_table",49,"MinYr","1999","plotcop_dataset_table!T49"
"plotcop_dataset_table",50,"MinYr","2000","plotcop_dataset_table!T50"
"plotcop_dataset_table",51,"MinYr","2003","plotcop_dataset_table!T51"
"plotcop_dataset_table",52,"MinYr","2006","plotcop_dataset_table!T52"
"plotcop_dataset_table",53,"MinYr","1996","plotcop_dataset_table!T53"
"plotcop_dataset_table",54,"MinYr","2003","plotcop_dataset_table!T54"
"plotcop_dataset_table",55,"MinYr","1997","plotcop_dataset_table!T55"
"plotcop_dataset_table",56,"MinYr","2002","plotcop_dataset_table!T56"
"plotcop_dataset_table",57,"MinYr","2004","plotcop_dataset_table!T57"
"plotcop_dataset_table",58,"MinYr","2004","plotcop_dataset_table!T58"
"plotcop_dataset_table",59,"MinYr","2011","plotcop_dataset_table!T59"
"plotcop_dataset_table",60,"MinYr","1992","plotcop_dataset_table!T60"
"plotcop_dataset_table",61,"MinYr","1960","plotcop_dataset_table!T61"
"plotcop_dataset_table",62,"MinYr","1960","plotcop_dataset_table!T62"
"plotcop_dataset_table",63,"MinYr","1985","plotcop_dataset_table!T63"
"plotcop_dataset_table",64,"MinYr","1968","plotcop_dataset_table!T64"
"plotcop_dataset_table",65,"MinYr","1976","plotcop_dataset_table!T65"
"plotcop_dataset_table",66,"MinYr","1988","plotcop_dataset_table!T66"
"plotcop_dataset_table",67,"MinYr",,"plotcop_dataset_table!T67"
"plotcop_dataset_table",68,"MinYr",,"plotcop_dataset_table!T68"
"plotcop_dataset_table",69,"MinYr",,"plotcop_dataset_table!T69"
"plotcop_dataset_table",70,"MinYr",,"plotcop_dataset_table!T70"
"plotcop_dataset_table",71,"MinYr",,"plotcop_dataset_table!T71"
"plotcop_dataset_table",72,"MinYr",,"plotcop_dataset_table!T72"
"plotcop_dataset_table",73,"MinYr",,"plotcop_dataset_table!T73"
"plotcop_dataset_table",74,"MinYr",,"plotcop_dataset_table!T74"
"plotcop_dataset_table",75,"MinYr",,"plotcop_dataset_table!T75"
"plotcop_dataset_table",76,"MinYr",,"plotcop_dataset_table!T76"
"plotcop_dataset_table",77,"MinYr",,"plotcop_dataset_table!T77"
"plotcop_dataset_table",78,"MinYr",,"plotcop_dataset_table!T78"
"plotcop_dataset_table",1,"MaxYr","MaxYr","plotcop_dataset_table!U1"
"plotcop_dataset_table",2,"MaxYr","2014","plotcop_dataset_table!U2"
"plotcop_dataset_table",3,"MaxYr","2014","plotcop_dataset_table!U3"
"plotcop_dataset_table",4,"MaxYr","2014","plotcop_dataset_table!U4"
"plotcop_dataset_table",5,"MaxYr","2014","plotcop_dataset_table!U5"
"plotcop_dataset_table",6,"MaxYr","1988","plotcop_dataset_table!U6"
"plotcop_dataset_table",7,"MaxYr","2009","plotcop_dataset_table!U7"
"plotcop_dataset_table",8,"MaxYr","2012","plotcop_dataset_table!U8"
"plotcop_dataset_table",9,"MaxYr","2025","plotcop_dataset_table!U9"
"plotcop_dataset_table",10,"MaxYr","2024","plotcop_dataset_table!U10"
"plotcop_dataset_table",11,"MaxYr","2024","plotcop_dataset_table!U11"
"plotcop_dataset_table",12,"MaxYr","2023","plotcop_dataset_table!U12"
"plotcop_dataset_table",13,"MaxYr","2011","plotcop_dataset_table!U13"
"plotcop_dataset_table",14,"MaxYr","2022","plotcop_dataset_table!U14"
"plotcop_dataset_table",15,"MaxYr","2024","plotcop_dataset_table!U15"
"plotcop_dataset_table",16,"MaxYr","2024","plotcop_dataset_table!U16"
"plotcop_dataset_table",17,"MaxYr","2024","plotcop_dataset_table!U17"
"plotcop_dataset_table",18,"MaxYr","2022","plotcop_dataset_table!U18"
"plotcop_dataset_table",19,"MaxYr","2017","plotcop_dataset_table!U19"
"plotcop_dataset_table",20,"MaxYr","2024","plotcop_dataset_table!U20"
"plotcop_dataset_table",21,"MaxYr","2024","plotcop_dataset_table!U21"
"plotcop_dataset_table",22,"MaxYr","2019","plotcop_dataset_table!U22"
"plotcop_dataset_table",23,"MaxYr","2023","plotcop_dataset_table!U23"
"plotcop_dataset_table",24,"MaxYr","2025","plotcop_dataset_table!U24"
"plotcop_dataset_table",25,"MaxYr","2022","plotcop_dataset_table!U25"
"plotcop_dataset_table",26,"MaxYr","2024","plotcop_dataset_table!U26"
"plotcop_dataset_table",27,"MaxYr","2016","plotcop_dataset_table!U27"
"plotcop_dataset_table",28,"MaxYr","2023","plotcop_dataset_table!U28"
"plotcop_dataset_table",29,"MaxYr","2022","plotcop_dataset_table!U29"
"plotcop_dataset_table",30,"MaxYr","2023","plotcop_dataset_table!U30"
"plotcop_dataset_table",31,"MaxYr","2023","plotcop_dataset_table!U31"
"plotcop_dataset_table",32,"MaxYr","2022","plotcop_dataset_table!U32"
"plotcop_dataset_table",33,"MaxYr","2022","plotcop_dataset_table!U33"
"plotcop_dataset_table",34,"MaxYr","2023","plotcop_dataset_table!U34"
"plotcop_dataset_table",35,"MaxYr","2023","plotcop_dataset_table!U35"
"plotcop_dataset_table",36,"MaxYr","2022","plotcop_dataset_table!U36"
"plotcop_dataset_table",37,"MaxYr","2022","plotcop_dataset_table!U37"
"plotcop_dataset_table",38,"MaxYr","2022","plotcop_dataset_table!U38"
"plotcop_dataset_table",39,"MaxYr","2021","plotcop_dataset_table!U39"
"plotcop_dataset_table",40,"MaxYr","2022","plotcop_dataset_table!U40"
"plotcop_dataset_table",41,"MaxYr","2023","plotcop_dataset_table!U41"
"plotcop_dataset_table",42,"MaxYr","2021","plotcop_dataset_table!U42"
"plotcop_dataset_table",43,"MaxYr","2023","plotcop_dataset_table!U43"
"plotcop_dataset_table",44,"MaxYr","2023","plotcop_dataset_table!U44"
"plotcop_dataset_table",45,"MaxYr","2023","plotcop_dataset_table!U45"
"plotcop_dataset_table",46,"MaxYr","2022","plotcop_dataset_table!U46"
"plotcop_dataset_table",47,"MaxYr","2022","plotcop_dataset_table!U47"
"plotcop_dataset_table",48,"MaxYr","2023","plotcop_dataset_table!U48"
"plotcop_dataset_table",49,"MaxYr","2023","plotcop_dataset_table!U49"
"plotcop_dataset_table",50,"MaxYr","2023","plotcop_dataset_table!U50"
"plotcop_dataset_table",51,"MaxYr","2022","plotcop_dataset_table!U51"
"plotcop_dataset_table",52,"MaxYr","2022","plotcop_dataset_table!U52"
"plotcop_dataset_table",53,"MaxYr","2024","plotcop_dataset_table!U53"
"plotcop_dataset_table",54,"MaxYr","2023","plotcop_dataset_table!U54"
"plotcop_dataset_table",55,"MaxYr","2024","plotcop_dataset_table!U55"
"plotcop_dataset_table",56,"MaxYr","2023","plotcop_dataset_table!U56"
"plotcop_dataset_table",57,"MaxYr","2022","plotcop_dataset_table!U57"
"plotcop_dataset_table",58,"MaxYr","2022","plotcop_dataset_table!U58"
"plotcop_dataset_table",59,"MaxYr","2023","plotcop_dataset_table!U59"
"plotcop_dataset_table",60,"MaxYr","2021","plotcop_dataset_table!U60"
"plotcop_dataset_table",61,"MaxYr","2024","plotcop_dataset_table!U61"
"plotcop_dataset_table",62,"MaxYr","2021","plotcop_dataset_table!U62"
"plotcop_dataset_table",63,"MaxYr","2015","plotcop_dataset_table!U63"
"plotcop_dataset_table",64,"MaxYr","2021","plotcop_dataset_table!U64"
"plotcop_dataset_table",65,"MaxYr","2018","plotcop_dataset_table!U65"
"plotcop_dataset_table",66,"MaxYr","2019","plotcop_dataset_table!U66"
"plotcop_dataset_table",67,"MaxYr",,"plotcop_dataset_table!U67"
"plotcop_dataset_table",68,"MaxYr",,"plotcop_dataset_table!U68"
"plotcop_dataset_table",69,"MaxYr",,"plotcop_dataset_table!U69"
"plotcop_dataset_table",70,"MaxYr",,"plotcop_dataset_table!U70"
"plotcop_dataset_table",71,"MaxYr",,"plotcop_dataset_table!U71"
"plotcop_dataset_table",72,"MaxYr",,"plotcop_dataset_table!U72"
"plotcop_dataset_table",73,"MaxYr",,"plotcop_dataset_table!U73"
"plotcop_dataset_table",74,"MaxYr",,"plotcop_dataset_table!U74"
"plotcop_dataset_table",75,"MaxYr",,"plotcop_dataset_table!U75"
"plotcop_dataset_table",76,"MaxYr",,"plotcop_dataset_table!U76"
"plotcop_dataset_table",77,"MaxYr",,"plotcop_dataset_table!U77"
"plotcop_dataset_table",78,"MaxYr",,"plotcop_dataset_table!U78"
"plotcop_dataset_table",1,"DistinctTrees","DistinctTrees","plotcop_dataset_table!V1"
"plotcop_dataset_table",2,"DistinctTrees","34619","plotcop_dataset_table!V2"
"plotcop_dataset_table",3,"DistinctTrees","92267","plotcop_dataset_table!V3"
"plotcop_dataset_table",4,"DistinctTrees","94640","plotcop_dataset_table!V4"
"plotcop_dataset_table",5,"DistinctTrees","167177","plotcop_dataset_table!V5"
"plotcop_dataset_table",6,"DistinctTrees","315006","plotcop_dataset_table!V6"
"plotcop_dataset_table",7,"DistinctTrees","711583","plotcop_dataset_table!V7"
"plotcop_dataset_table",8,"DistinctTrees","498822","plotcop_dataset_table!V8"
"plotcop_dataset_table",9,"DistinctTrees","856678","plotcop_dataset_table!V9"
"plotcop_dataset_table",10,"DistinctTrees","1137531","plotcop_dataset_table!V10"
"plotcop_dataset_table",11,"DistinctTrees","43315","plotcop_dataset_table!V11"
"plotcop_dataset_table",12,"DistinctTrees","11519","plotcop_dataset_table!V12"
"plotcop_dataset_table",13,"DistinctTrees","397","plotcop_dataset_table!V13"
"plotcop_dataset_table",14,"DistinctTrees","141952","plotcop_dataset_table!V14"
"plotcop_dataset_table",15,"DistinctTrees","58929","plotcop_dataset_table!V15"
"plotcop_dataset_table",16,"DistinctTrees","653046","plotcop_dataset_table!V16"
"plotcop_dataset_table",17,"DistinctTrees","203317","plotcop_dataset_table!V17"
"plotcop_dataset_table",18,"DistinctTrees","46510","plotcop_dataset_table!V18"
"plotcop_dataset_table",19,"DistinctTrees","5667","plotcop_dataset_table!V19"
"plotcop_dataset_table",20,"DistinctTrees","10233","plotcop_dataset_table!V20"
"plotcop_dataset_table",21,"DistinctTrees","88317","plotcop_dataset_table!V21"
"plotcop_dataset_table",22,"DistinctTrees","22009","plotcop_dataset_table!V22"
"plotcop_dataset_table",23,"DistinctTrees","86433","plotcop_dataset_table!V23"
"plotcop_dataset_table",24,"DistinctTrees","452722","plotcop_dataset_table!V24"
"plotcop_dataset_table",25,"DistinctTrees","135545","plotcop_dataset_table!V25"
"plotcop_dataset_table",26,"DistinctTrees","995431","plotcop_dataset_table!V26"
"plotcop_dataset_table",27,"DistinctTrees","140253","plotcop_dataset_table!V27"
"plotcop_dataset_table",28,"DistinctTrees","104906","plotcop_dataset_table!V28"
"plotcop_dataset_table",29,"DistinctTrees","9927","plotcop_dataset_table!V29"
"plotcop_dataset_table",30,"DistinctTrees","5782","plotcop_dataset_table!V30"
"plotcop_dataset_table",31,"DistinctTrees","114272","plotcop_dataset_table!V31"
"plotcop_dataset_table",32,"DistinctTrees","26858","plotcop_dataset_table!V32"
"plotcop_dataset_table",33,"DistinctTrees","46973","plotcop_dataset_table!V33"
"plotcop_dataset_table",34,"DistinctTrees","14860","plotcop_dataset_table!V34"
"plotcop_dataset_table",35,"DistinctTrees","87234","plotcop_dataset_table!V35"
"plotcop_dataset_table",36,"DistinctTrees","217441","plotcop_dataset_table!V36"
"plotcop_dataset_table",37,"DistinctTrees","15825","plotcop_dataset_table!V37"
"plotcop_dataset_table",38,"DistinctTrees","20165","plotcop_dataset_table!V38"
"plotcop_dataset_table",39,"DistinctTrees","309546","plotcop_dataset_table!V39"
"plotcop_dataset_table",40,"DistinctTrees","284871","plotcop_dataset_table!V40"
"plotcop_dataset_table",41,"DistinctTrees","167253","plotcop_dataset_table!V41"
"plotcop_dataset_table",42,"DistinctTrees","6497","plotcop_dataset_table!V42"
"plotcop_dataset_table",43,"DistinctTrees","62590","plotcop_dataset_table!V43"
"plotcop_dataset_table",44,"DistinctTrees","21635","plotcop_dataset_table!V44"
"plotcop_dataset_table",45,"DistinctTrees","130469","plotcop_dataset_table!V45"
"plotcop_dataset_table",46,"DistinctTrees","224465","plotcop_dataset_table!V46"
"plotcop_dataset_table",47,"DistinctTrees","4719","plotcop_dataset_table!V47"
"plotcop_dataset_table",48,"DistinctTrees","50027","plotcop_dataset_table!V48"
"plotcop_dataset_table",49,"DistinctTrees","339172","plotcop_dataset_table!V49"
"plotcop_dataset_table",50,"DistinctTrees","119787","plotcop_dataset_table!V50"
"plotcop_dataset_table",51,"DistinctTrees","4637","plotcop_dataset_table!V51"
"plotcop_dataset_table",52,"DistinctTrees","13501","plotcop_dataset_table!V52"
"plotcop_dataset_table",53,"DistinctTrees","146678","plotcop_dataset_table!V53"
"plotcop_dataset_table",54,"DistinctTrees","46617","plotcop_dataset_table!V54"
"plotcop_dataset_table",55,"DistinctTrees","201837","plotcop_dataset_table!V55"
"plotcop_dataset_table",56,"DistinctTrees","232049","plotcop_dataset_table!V56"
"plotcop_dataset_table",57,"DistinctTrees","78352","plotcop_dataset_table!V57"
"plotcop_dataset_table",58,"DistinctTrees","241894","plotcop_dataset_table!V58"
"plotcop_dataset_table",59,"DistinctTrees","60348","plotcop_dataset_table!V59"
"plotcop_dataset_table",60,"DistinctTrees","81067","plotcop_dataset_table!V60"
"plotcop_dataset_table",61,"DistinctTrees","421673","plotcop_dataset_table!V61"
"plotcop_dataset_table",62,"DistinctTrees","51939","plotcop_dataset_table!V62"
"plotcop_dataset_table",63,"DistinctTrees","127674","plotcop_dataset_table!V63"
"plotcop_dataset_table",64,"DistinctTrees","30100","plotcop_dataset_table!V64"
"plotcop_dataset_table",65,"DistinctTrees","50373","plotcop_dataset_table!V65"
"plotcop_dataset_table",66,"DistinctTrees","24292","plotcop_dataset_table!V66"
"plotcop_dataset_table",67,"DistinctTrees",,"plotcop_dataset_table!V67"
"plotcop_dataset_table",68,"DistinctTrees",,"plotcop_dataset_table!V68"
"plotcop_dataset_table",69,"DistinctTrees",,"plotcop_dataset_table!V69"
"plotcop_dataset_table",70,"DistinctTrees",,"plotcop_dataset_table!V70"
"plotcop_dataset_table",71,"DistinctTrees",,"plotcop_dataset_table!V71"
"plotcop_dataset_table",72,"DistinctTrees",,"plotcop_dataset_table!V72"
"plotcop_dataset_table",73,"DistinctTrees",,"plotcop_dataset_table!V73"
"plotcop_dataset_table",74,"DistinctTrees",,"plotcop_dataset_table!V74"
"plotcop_dataset_table",75,"DistinctTrees",,"plotcop_dataset_table!V75"
"plotcop_dataset_table",76,"DistinctTrees",,"plotcop_dataset_table!V76"
"plotcop_dataset_table",77,"DistinctTrees",,"plotcop_dataset_table!V77"
"plotcop_dataset_table",78,"DistinctTrees",,"plotcop_dataset_table!V78"
"plotcop_dataset_table",1,"Trees","Trees","plotcop_dataset_table!W1"
"plotcop_dataset_table",2,"Trees","65359","plotcop_dataset_table!W2"
"plotcop_dataset_table",3,"Trees","273390","plotcop_dataset_table!W3"
"plotcop_dataset_table",4,"Trees","245289","plotcop_dataset_table!W4"
"plotcop_dataset_table",5,"Trees","579176","plotcop_dataset_table!W5"
"plotcop_dataset_table",6,"Trees","315006","plotcop_dataset_table!W6"
"plotcop_dataset_table",7,"Trees","711583","plotcop_dataset_table!W7"
"plotcop_dataset_table",8,"Trees","498822","plotcop_dataset_table!W8"
"plotcop_dataset_table",9,"Trees","896374","plotcop_dataset_table!W9"
"plotcop_dataset_table",10,"Trees","3210418","plotcop_dataset_table!W10"
"plotcop_dataset_table",11,"Trees","58049","plotcop_dataset_table!W11"
"plotcop_dataset_table",12,"Trees","11519","plotcop_dataset_table!W12"
"plotcop_dataset_table",13,"Trees","397","plotcop_dataset_table!W13"
"plotcop_dataset_table",14,"Trees","151377","plotcop_dataset_table!W14"
"plotcop_dataset_table",15,"Trees","98540","plotcop_dataset_table!W15"
"plotcop_dataset_table",16,"Trees","1528968","plotcop_dataset_table!W16"
"plotcop_dataset_table",17,"Trees","396154","plotcop_dataset_table!W17"
"plotcop_dataset_table",18,"Trees","93348","plotcop_dataset_table!W18"
"plotcop_dataset_table",19,"Trees","10393","plotcop_dataset_table!W19"
"plotcop_dataset_table",20,"Trees","17174","plotcop_dataset_table!W20"
"plotcop_dataset_table",21,"Trees","196825","plotcop_dataset_table!W21"
"plotcop_dataset_table",22,"Trees","52866","plotcop_dataset_table!W22"
"plotcop_dataset_table",23,"Trees","453360","plotcop_dataset_table!W23"
"plotcop_dataset_table",24,"Trees","1284631","plotcop_dataset_table!W24"
"plotcop_dataset_table",25,"Trees","655145","plotcop_dataset_table!W25"
"plotcop_dataset_table",26,"Trees","1963526","plotcop_dataset_table!W26"
"plotcop_dataset_table",27,"Trees","361580","plotcop_dataset_table!W27"
"plotcop_dataset_table",28,"Trees","145939","plotcop_dataset_table!W28"
"plotcop_dataset_table",29,"Trees","24577","plotcop_dataset_table!W29"
"plotcop_dataset_table",30,"Trees","11658","plotcop_dataset_table!W30"
"plotcop_dataset_table",31,"Trees","194213","plotcop_dataset_table!W31"
"plotcop_dataset_table",32,"Trees","60596","plotcop_dataset_table!W32"
"plotcop_dataset_table",33,"Trees","92785","plotcop_dataset_table!W33"
"plotcop_dataset_table",34,"Trees","36734","plotcop_dataset_table!W34"
"plotcop_dataset_table",35,"Trees","240263","plotcop_dataset_table!W35"
"plotcop_dataset_table",36,"Trees","678154","plotcop_dataset_table!W36"
"plotcop_dataset_table",37,"Trees","31411","plotcop_dataset_table!W37"
"plotcop_dataset_table",38,"Trees","48325","plotcop_dataset_table!W38"
"plotcop_dataset_table",39,"Trees","563539","plotcop_dataset_table!W39"
"plotcop_dataset_table",40,"Trees","761341","plotcop_dataset_table!W40"
"plotcop_dataset_table",41,"Trees","282749","plotcop_dataset_table!W41"
"plotcop_dataset_table",42,"Trees","13762","plotcop_dataset_table!W42"
"plotcop_dataset_table",43,"Trees","141412","plotcop_dataset_table!W43"
"plotcop_dataset_table",44,"Trees","47069","plotcop_dataset_table!W44"
"plotcop_dataset_table",45,"Trees","311902","plotcop_dataset_table!W45"
"plotcop_dataset_table",46,"Trees","532244","plotcop_dataset_table!W46"
"plotcop_dataset_table",47,"Trees","10622","plotcop_dataset_table!W47"
"plotcop_dataset_table",48,"Trees","109897","plotcop_dataset_table!W48"
"plotcop_dataset_table",49,"Trees","595218","plotcop_dataset_table!W49"
"plotcop_dataset_table",50,"Trees","305993","plotcop_dataset_table!W50"
"plotcop_dataset_table",51,"Trees","10208","plotcop_dataset_table!W51"
"plotcop_dataset_table",52,"Trees","26538","plotcop_dataset_table!W52"
"plotcop_dataset_table",53,"Trees","413079","plotcop_dataset_table!W53"
"plotcop_dataset_table",54,"Trees","107961","plotcop_dataset_table!W54"
"plotcop_dataset_table",55,"Trees","578263","plotcop_dataset_table!W55"
"plotcop_dataset_table",56,"Trees","407272","plotcop_dataset_table!W56"
"plotcop_dataset_table",57,"Trees","152126","plotcop_dataset_table!W57"
"plotcop_dataset_table",58,"Trees","584202","plotcop_dataset_table!W58"
"plotcop_dataset_table",59,"Trees","66209","plotcop_dataset_table!W59"
"plotcop_dataset_table",60,"Trees","110033","plotcop_dataset_table!W60"
"plotcop_dataset_table",61,"Trees","1211628","plotcop_dataset_table!W61"
"plotcop_dataset_table",62,"Trees","172647","plotcop_dataset_table!W62"
"plotcop_dataset_table",63,"Trees","314381","plotcop_dataset_table!W63"
"plotcop_dataset_table",64,"Trees","45394","plotcop_dataset_table!W64"
"plotcop_dataset_table",65,"Trees","270871","plotcop_dataset_table!W65"
"plotcop_dataset_table",66,"Trees","99985","plotcop_dataset_table!W66"
"plotcop_dataset_table",67,"Trees",,"plotcop_dataset_table!W67"
"plotcop_dataset_table",68,"Trees",,"plotcop_dataset_table!W68"
"plotcop_dataset_table",69,"Trees",,"plotcop_dataset_table!W69"
"plotcop_dataset_table",70,"Trees",,"plotcop_dataset_table!W70"
"plotcop_dataset_table",71,"Trees",,"plotcop_dataset_table!W71"
"plotcop_dataset_table",72,"Trees",,"plotcop_dataset_table!W72"
"plotcop_dataset_table",73,"Trees",,"plotcop_dataset_table!W73"
"plotcop_dataset_table",74,"Trees",,"plotcop_dataset_table!W74"
"plotcop_dataset_table",75,"Trees",,"plotcop_dataset_table!W75"
"plotcop_dataset_table",76,"Trees",,"plotcop_dataset_table!W76"
"plotcop_dataset_table",77,"Trees",,"plotcop_dataset_table!W77"
"plotcop_dataset_table",78,"Trees",,"plotcop_dataset_table!W78"
"gp_type",1,"gp_type","gp_type","gp_type!A1"
"gp_type",2,"gp_type","RMP","gp_type!A2"
"gp_type",3,"gp_type","TMP","gp_type!A3"
"gp_type",4,"gp_type","MIX","gp_type!A4"
"gp_type",5,"gp_type","X","gp_type!A5"
"gp_type",1,"description","description","gp_type!B1"
"gp_type",2,"description","Repeated measurement program","gp_type!B2"
"gp_type",3,"description","Temporary or one-time measurement program","gp_type!B3"
"gp_type",4,"description","Mixed measurement program","gp_type!B4"
"gp_type",5,"description","missing","gp_type!B5"
"gp_type",1,"use_when","use_when","gp_type!C1"
"gp_type",2,"use_when","Use when plots are established for repeated measurements through time.","gp_type!C2"
"gp_type",3,"use_when","Use when plots are measured once, with no planned remeasurement.","gp_type!C3"
"gp_type",4,"use_when","Use when the program includes both repeated-measurement plots and temporary or one-time plots.","gp_type!C4"
"gp_type",5,"use_when",,"gp_type!C5"
"gp_network",1,"gp_network","gp_network","gp_network!A1"
"gp_network",2,"gp_network","CVV","gp_network!A2"
"gp_network",3,"gp_network","FMP","gp_network!A3"
"gp_network",4,"gp_network","FMM","gp_network!A4"
"gp_network",5,"gp_network","GYM","gp_network!A5"
"gp_network",6,"gp_network","RPN","gp_network!A6"
"gp_network",7,"gp_network","OTH","gp_network!A7"
"gp_network",8,"gp_network","X","gp_network!A8"
"gp_network",1,"description","description","gp_network!B1"
"gp_network",2,"description","Calibration, validation, and verification","gp_network!B2"
"gp_network",3,"description","Forest monitoring program","gp_network!B3"
"gp_network",4,"description","Forest monitoring and modelling","gp_network!B4"
"gp_network",5,"description","Growth and yield modelling","gp_network!B5"
"gp_network",6,"description","Research plot network","gp_network!B6"
"gp_network",7,"description","Other","gp_network!B7"
"gp_network",8,"description","Missing","gp_network!B8"
"gp_network",1,"use_when","use_when","gp_network!C1"
"gp_network",2,"use_when","Use for datasets collected mainly to calibrate, validate, or verify models, maps, classifications, or inventory products.","gp_network!C2"
"gp_network",3,"use_when","Use for programs designed to monitor forest condition, change, growth, mortality, disturbance, or other forest attributes through time.","gp_network!C3"
"gp_network",4,"use_when","Use only when the program clearly supports both monitoring and modelling and cannot be assigned mainly to FMP or FMM.","gp_network!C4"
"gp_network",5,"use_when","Use for datasets collected mainly to develop, test, or improve growth and yield models.","gp_network!C5"
"gp_network",6,"use_when","Use for formal research plot networks with specific experimental, ecological, silvicultural, or long-term research objectives.","gp_network!C6"
"gp_network",7,"use_when","Use when the data type is known but does not fit the listed categories.","gp_network!C7"
"gp_network",8,"use_when","Use when the value is missing, unknown, or not reported.","gp_network!C8"
"probability_sampling",1,"probability_sampling","probability_sampling","probability_sampling!A1"
"probability_sampling",2,"probability_sampling","Y","probability_sampling!A2"
"probability_sampling",3,"probability_sampling","N","probability_sampling!A3"
"probability_sampling",4,"probability_sampling","M","probability_sampling!A4"
"probability_sampling",5,"probability_sampling","X","probability_sampling!A5"
"probability_sampling",1,"description","description","probability_sampling!B1"
"probability_sampling",2,"description","Probability-based sampling design","probability_sampling!B2"
"probability_sampling",3,"description","Non-probability sampling design","probability_sampling!B3"
"probability_sampling",4,"description","Mixed probability and non-probability components","probability_sampling!B4"
"probability_sampling",5,"description","Missing","probability_sampling!B5"
"probability_sampling",1,"use_when","use_when","probability_sampling!C1"
"probability_sampling",2,"use_when","Use when sampling units have a known, non-zero chance of selection.","probability_sampling!C2"
"probability_sampling",3,"use_when","Use when sites are selected intentionally, opportunistically, or without a formal probability-based selection process.","probability_sampling!C3"
"probability_sampling",4,"use_when","Use when the dataset/program includes both probability-based and non-probability sampling components.","probability_sampling!C4"
"probability_sampling",5,"use_when","Use when the value is missing, unknown, or not reported.","probability_sampling!C5"
"sampling_design",1,"sampling_design","sampling_design","sampling_design!A1"
"sampling_design",2,"sampling_design","SRS","sampling_design!A2"
"sampling_design",3,"sampling_design","SYS","sampling_design!A3"
"sampling_design",4,"sampling_design","STR","sampling_design!A4"
"sampling_design",5,"sampling_design","SSY","sampling_design!A5"
"sampling_design",6,"sampling_design","CLU","sampling_design!A6"
"sampling_design",7,"sampling_design","SCL","sampling_design!A7"
"sampling_design",8,"sampling_design","MST","sampling_design!A8"
"sampling_design",9,"sampling_design","MPH","sampling_design!A9"
"sampling_design",10,"sampling_design","PUR","sampling_design!A10"
"sampling_design",11,"sampling_design","CON","sampling_design!A11"
"sampling_design",12,"sampling_design","CEN","sampling_design!A12"
"sampling_design",13,"sampling_design","MIX","sampling_design!A13"
"sampling_design",14,"sampling_design","OTH","sampling_design!A14"
"sampling_design",15,"sampling_design","X","sampling_design!A15"
"sampling_design",16,"sampling_design","UNK","sampling_design!A16"
"sampling_design",1,"description","description","sampling_design!B1"
"sampling_design",2,"description","Simple random sampling","sampling_design!B2"
"sampling_design",3,"description","Systematic sampling","sampling_design!B3"
"sampling_design",4,"description","Stratified sampling","sampling_design!B4"
"sampling_design",5,"description","Stratified systematic sampling","sampling_design!B5"
"sampling_design",6,"description","Cluster sampling","sampling_design!B6"
"sampling_design",7,"description","Systematic cluster sampling","sampling_design!B7"
"sampling_design",8,"description","Multistage sampling","sampling_design!B8"
"sampling_design",9,"description","Multiphase sampling","sampling_design!B9"
"sampling_design",10,"description","Targeted or purposive sampling","sampling_design!B10"
"sampling_design",11,"description","Convenience or opportunistic sampling","sampling_design!B11"
"sampling_design",12,"description","Census or complete enumeration","sampling_design!B12"
"sampling_design",13,"description","Mixed or multiple sampling designs","sampling_design!B13"
"sampling_design",14,"description","Other","sampling_design!B14"
"sampling_design",15,"description","Missing","sampling_design!B15"
"sampling_design",16,"description","Unknown design","sampling_design!B16"
"sampling_design",1,"use_when","use_when","sampling_design!C1"
"sampling_design",2,"use_when","Sampling units are selected randomly, with each unit having a known chance of selection.","sampling_design!C2"
"sampling_design",3,"use_when","Sampling units are selected at regular intervals, usually from an ordered list or grid.","sampling_design!C3"
"sampling_design",4,"use_when","The population is divided into strata, and samples are selected within each stratum.","sampling_design!C4"
"sampling_design",5,"use_when","The population is stratified, and systematic sampling is applied within each stratum.","sampling_design!C5"
"sampling_design",6,"use_when","Groups or clusters of units are selected, and sampling is conducted within selected clusters.","sampling_design!C6"
"sampling_design",7,"use_when","Clusters are selected using a systematic pattern, such as a regular grid or interval.","sampling_design!C7"
"sampling_design",8,"use_when","Sampling is conducted in stages, often selecting larger units first and smaller units within them.","sampling_design!C8"
"sampling_design",9,"use_when","Information is collected in multiple phases, usually with more detailed measurements on a subset of earlier samples.","sampling_design!C9"
"sampling_design",10,"use_when","Sites are selected intentionally to represent specific conditions, forest types, treatments, or research objectives.","sampling_design!C10"
"sampling_design",11,"use_when","Sites are selected based on accessibility, availability, or opportunity rather than a formal sampling design.","sampling_design!C11"
"sampling_design",12,"use_when","All units in the target population are measured or counted.","sampling_design!C12"
"sampling_design",13,"use_when","More than one sampling design is used within the same dataset or program.","sampling_design!C13"
"sampling_design",14,"use_when","The sampling design is known but does not fit the listed categories.","sampling_design!C14"
"sampling_design",15,"use_when","Use when the value is missing, unknown, or not reported.","sampling_design!C15"
"sampling_design",16,"use_when",,"sampling_design!C16"
"site_design",1,"site_design","site_design","site_design!A1"
"site_design",2,"site_design","S","site_design!A2"
"site_design",3,"site_design","A","site_design!A3"
"site_design",4,"site_design","C","site_design!A4"
"site_design",5,"site_design","X","site_design!A5"
"site_design",1,"description","description","site_design!B1"
"site_design",2,"description","Single-plot design","site_design!B2"
"site_design",3,"description","Auxiliary-plot design","site_design!B3"
"site_design",4,"description","Cluster-plot design","site_design!B4"
"site_design",5,"description","Missing","site_design!B5"
"site_design",1,"use_when","use_when","site_design!C1"
"site_design",2,"use_when","One plot represents the site.","site_design!C2"
"site_design",3,"use_when","One main/integrated plot plus auxiliary plots, often arranged by cardinal direction.","site_design!C3"
"site_design",4,"use_when","Multiple plots within a site/cluster, usually comparable in role or measurement design.","site_design!C4"
"site_design",5,"use_when","Use when the value is missing, unknown, or not reported.","site_design!C5"
"plot_design",1,"plot_design","plot_design","plot_design!A1"
"plot_design",2,"plot_design","FIX","plot_design!A2"
"plot_design",3,"plot_design","VAR","plot_design!A3"
"plot_design",4,"plot_design","MFV","plot_design!A4"
"plot_design",5,"plot_design","NFA","plot_design!A5"
"plot_design",6,"plot_design","NMV","plot_design!A6"
"plot_design",7,"plot_design","KTR","plot_design!A7"
"plot_design",8,"plot_design","LIS","plot_design!A8"
"plot_design",9,"plot_design","OTH","plot_design!A9"
"plot_design",10,"plot_design","X","plot_design!A10"
"plot_design",1,"description","description","plot_design!B1"
"plot_design",2,"description","Fixed-area plot","plot_design!B2"
"plot_design",3,"description","Variable-radius plot / horizontal point sampling","plot_design!B3"
"plot_design",4,"description","Mixed fixed-area and variable-radius plot","plot_design!B4"
"plot_design",5,"description","Nested fixed-area plot","plot_design!B5"
"plot_design",6,"description","Nested mixed fixed-area and variable-radius plot","plot_design!B6"
"plot_design",7,"description","Fixed-count nearest-tree sampling / k-tree sampling","plot_design!B7"
"plot_design",8,"description","Line-intersect sampling","plot_design!B8"
"plot_design",9,"description","Other","plot_design!B9"
"plot_design",10,"description","Missing","plot_design!B10"
"plot_design",1,"use_when","use_when","plot_design!C1"
"plot_design",2,"use_when","Trees are sampled within a defined fixed plot area.","plot_design!C2"
"plot_design",3,"use_when","Trees are sampled using BAF, prism, angle gauge, or point-sampling methods.","plot_design!C3"
"plot_design",4,"use_when","Fixed-area and variable-radius methods are both used in the same plot design.","plot_design!C4"
"plot_design",5,"use_when","Different tree subpopulations, usually DBH or height classes, are sampled using different fixed plot areas.","plot_design!C5"
"plot_design",6,"use_when","A nested design combines fixed-area and variable-radius components for different tree subpopulations.","plot_design!C6"
"plot_design",7,"use_when","A fixed number of nearest trees are selected instead of measuring all trees within a fixed area.","plot_design!C7"
"plot_design",8,"use_when","Downed woody material or similar features are sampled along transects.","plot_design!C8"
"plot_design",9,"use_when","Plot design is known but does not fit the listed categories.","plot_design!C9"
"plot_design",10,"use_when","Use when the value is missing, unknown, or not reported.","plot_design!C10"
"magp_site_id_range",1,"contributor","contributor","magp_site_id_range!A1"
"magp_site_id_range",2,"contributor","NFI","magp_site_id_range!A2"
"magp_site_id_range",3,"contributor","NFM","magp_site_id_range!A3"
"magp_site_id_range",4,"contributor","YT","magp_site_id_range!A4"
"magp_site_id_range",5,"contributor","QC","magp_site_id_range!A5"
"magp_site_id_range",6,"contributor","SK","magp_site_id_range!A6"
"magp_site_id_range",7,"contributor","MB","magp_site_id_range!A7"
"magp_site_id_range",8,"contributor","AB","magp_site_id_range!A8"
"magp_site_id_range",9,"contributor","NB","magp_site_id_range!A9"
"magp_site_id_range",10,"contributor","BC","magp_site_id_range!A10"
"magp_site_id_range",11,"contributor","PEI","magp_site_id_range!A11"
"magp_site_id_range",12,"contributor","ON","magp_site_id_range!A12"
"magp_site_id_range",13,"contributor","NT","magp_site_id_range!A13"
"magp_site_id_range",14,"contributor","NL","magp_site_id_range!A14"
"magp_site_id_range",15,"contributor","NS","magp_site_id_range!A15"
"magp_site_id_range",16,"contributor","reserved_1","magp_site_id_range!A16"
"magp_site_id_range",17,"contributor","reserved_2","magp_site_id_range!A17"
"magp_site_id_range",18,"contributor","reserved_3","magp_site_id_range!A18"
"magp_site_id_range",19,"contributor","reserved_4","magp_site_id_range!A19"
"magp_site_id_range",20,"contributor","reserved_5","magp_site_id_range!A20"
"magp_site_id_range",1,"v1_start","v1_start","magp_site_id_range!B1"
"magp_site_id_range",2,"v1_start","10","magp_site_id_range!B2"
"magp_site_id_range",3,"v1_start","16000001","magp_site_id_range!B3"
"magp_site_id_range",4,"v1_start","26000001","magp_site_id_range!B4"
"magp_site_id_range",5,"v1_start","30000001","magp_site_id_range!B5"
"magp_site_id_range",6,"v1_start","30150001","magp_site_id_range!B6"
"magp_site_id_range",7,"v1_start","30200001","magp_site_id_range!B7"
"magp_site_id_range",8,"v1_start","30250001","magp_site_id_range!B8"
"magp_site_id_range",9,"v1_start","30300001","magp_site_id_range!B9"
"magp_site_id_range",10,"v1_start","30350001","magp_site_id_range!B10"
"magp_site_id_range",11,"v1_start","30400001","magp_site_id_range!B11"
"magp_site_id_range",12,"v1_start","30450001","magp_site_id_range!B12"
"magp_site_id_range",13,"v1_start","30500001","magp_site_id_range!B13"
"magp_site_id_range",14,"v1_start","30550001","magp_site_id_range!B14"
"magp_site_id_range",15,"v1_start","30600001","magp_site_id_range!B15"
"magp_site_id_range",16,"v1_start",,"magp_site_id_range!B16"
"magp_site_id_range",17,"v1_start",,"magp_site_id_range!B17"
"magp_site_id_range",18,"v1_start",,"magp_site_id_range!B18"
"magp_site_id_range",19,"v1_start",,"magp_site_id_range!B19"
"magp_site_id_range",20,"v1_start",,"magp_site_id_range!B20"
"magp_site_id_range",1,"v1_end","v1_end","magp_site_id_range!C1"
"magp_site_id_range",2,"v1_end","16000000","magp_site_id_range!C2"
"magp_site_id_range",3,"v1_end","16050000","magp_site_id_range!C3"
"magp_site_id_range",4,"v1_end","26050000","magp_site_id_range!C4"
"magp_site_id_range",5,"v1_end","30050000","magp_site_id_range!C5"
"magp_site_id_range",6,"v1_end","30200000","magp_site_id_range!C6"
"magp_site_id_range",7,"v1_end","30250000","magp_site_id_range!C7"
"magp_site_id_range",8,"v1_end","30300000","magp_site_id_range!C8"
"magp_site_id_range",9,"v1_end","30350000","magp_site_id_range!C9"
"magp_site_id_range",10,"v1_end","30400000","magp_site_id_range!C10"
"magp_site_id_range",11,"v1_end","30450000","magp_site_id_range!C11"
"magp_site_id_range",12,"v1_end","30500000","magp_site_id_range!C12"
"magp_site_id_range",13,"v1_end","30550000","magp_site_id_range!C13"
"magp_site_id_range",14,"v1_end","30600000","magp_site_id_range!C14"
"magp_site_id_range",15,"v1_end","30650000","magp_site_id_range!C15"
"magp_site_id_range",16,"v1_end",,"magp_site_id_range!C16"
"magp_site_id_range",17,"v1_end",,"magp_site_id_range!C17"
"magp_site_id_range",18,"v1_end",,"magp_site_id_range!C18"
"magp_site_id_range",19,"v1_end",,"magp_site_id_range!C19"
"magp_site_id_range",20,"v1_end",,"magp_site_id_range!C20"
"magp_site_id_range",1,"v2_start","v2_start","magp_site_id_range!D1"
"magp_site_id_range",2,"v2_start","50001","magp_site_id_range!D2"
"magp_site_id_range",3,"v2_start","100001","magp_site_id_range!D3"
"magp_site_id_range",4,"v2_start","150001","magp_site_id_range!D4"
"magp_site_id_range",5,"v2_start","200001","magp_site_id_range!D5"
"magp_site_id_range",6,"v2_start","250001","magp_site_id_range!D6"
"magp_site_id_range",7,"v2_start","300001","magp_site_id_range!D7"
"magp_site_id_range",8,"v2_start","350001","magp_site_id_range!D8"
"magp_site_id_range",9,"v2_start","400001","magp_site_id_range!D9"
"magp_site_id_range",10,"v2_start","450001","magp_site_id_range!D10"
"magp_site_id_range",11,"v2_start","500001","magp_site_id_range!D11"
"magp_site_id_range",12,"v2_start","550001","magp_site_id_range!D12"
"magp_site_id_range",13,"v2_start","600001","magp_site_id_range!D13"
"magp_site_id_range",14,"v2_start","650001","magp_site_id_range!D14"
"magp_site_id_range",15,"v2_start","700001","magp_site_id_range!D15"
"magp_site_id_range",16,"v2_start","950001","magp_site_id_range!D16"
"magp_site_id_range",17,"v2_start","750001","magp_site_id_range!D17"
"magp_site_id_range",18,"v2_start","800001","magp_site_id_range!D18"
"magp_site_id_range",19,"v2_start","850001","magp_site_id_range!D19"
"magp_site_id_range",20,"v2_start","900001","magp_site_id_range!D20"
"magp_site_id_range",1,"v2_end","v2_end","magp_site_id_range!E1"
"magp_site_id_range",2,"v2_end","100000","magp_site_id_range!E2"
"magp_site_id_range",3,"v2_end","150000","magp_site_id_range!E3"
"magp_site_id_range",4,"v2_end","200000","magp_site_id_range!E4"
"magp_site_id_range",5,"v2_end","250000","magp_site_id_range!E5"
"magp_site_id_range",6,"v2_end","300000","magp_site_id_range!E6"
"magp_site_id_range",7,"v2_end","350000","magp_site_id_range!E7"
"magp_site_id_range",8,"v2_end","400000","magp_site_id_range!E8"
"magp_site_id_range",9,"v2_end","450000","magp_site_id_range!E9"
"magp_site_id_range",10,"v2_end","500000","magp_site_id_range!E10"
"magp_site_id_range",11,"v2_end","550000","magp_site_id_range!E11"
"magp_site_id_range",12,"v2_end","600000","magp_site_id_range!E12"
"magp_site_id_range",13,"v2_end","650000","magp_site_id_range!E13"
"magp_site_id_range",14,"v2_end","700000","magp_site_id_range!E14"
"magp_site_id_range",15,"v2_end","750000","magp_site_id_range!E15"
"magp_site_id_range",16,"v2_end","1000000","magp_site_id_range!E16"
"magp_site_id_range",17,"v2_end","800000","magp_site_id_range!E17"
"magp_site_id_range",18,"v2_end","850000","magp_site_id_range!E18"
"magp_site_id_range",19,"v2_end","900000","magp_site_id_range!E19"
"magp_site_id_range",20,"v2_end","950000","magp_site_id_range!E20"
"jurisdiction",1,"jurisdiction","jurisdiction","jurisdiction!A1"
"jurisdiction",2,"jurisdiction","AB","jurisdiction!A2"
"jurisdiction",3,"jurisdiction","BC","jurisdiction!A3"
"jurisdiction",4,"jurisdiction","MB","jurisdiction!A4"
"jurisdiction",5,"jurisdiction","NB","jurisdiction!A5"
"jurisdiction",6,"jurisdiction","NL","jurisdiction!A6"
"jurisdiction",7,"jurisdiction","NS","jurisdiction!A7"
"jurisdiction",8,"jurisdiction","NT","jurisdiction!A8"
"jurisdiction",9,"jurisdiction","ON","jurisdiction!A9"
"jurisdiction",10,"jurisdiction","PE","jurisdiction!A10"
"jurisdiction",11,"jurisdiction","QC","jurisdiction!A11"
"jurisdiction",12,"jurisdiction","SK","jurisdiction!A12"
"jurisdiction",13,"jurisdiction","YT","jurisdiction!A13"
"jurisdiction",1,"description","description","jurisdiction!B1"
"jurisdiction",2,"description"," Alberta","jurisdiction!B2"
"jurisdiction",3,"description"," British Columbia","jurisdiction!B3"
"jurisdiction",4,"description"," Manitoba","jurisdiction!B4"
"jurisdiction",5,"description"," New Brunswick","jurisdiction!B5"
"jurisdiction",6,"description"," Newfoundland and Labrador","jurisdiction!B6"
"jurisdiction",7,"description"," Nova Scotia","jurisdiction!B7"
"jurisdiction",8,"description"," Northwest Territories","jurisdiction!B8"
"jurisdiction",9,"description"," Ontario","jurisdiction!B9"
"jurisdiction",10,"description"," Prince Edward Island","jurisdiction!B10"
"jurisdiction",11,"description"," Quebec","jurisdiction!B11"
"jurisdiction",12,"description"," Saskatchewan","jurisdiction!B12"
"jurisdiction",13,"description"," Yukon Territories","jurisdiction!B13"
"jurisdiction",1,"use_when","use_when","jurisdiction!C1"
"jurisdiction",2,"use_when",,"jurisdiction!C2"
"jurisdiction",3,"use_when",,"jurisdiction!C3"
"jurisdiction",4,"use_when",,"jurisdiction!C4"
"jurisdiction",5,"use_when",,"jurisdiction!C5"
"jurisdiction",6,"use_when",,"jurisdiction!C6"
"jurisdiction",7,"use_when",,"jurisdiction!C7"
"jurisdiction",8,"use_when",,"jurisdiction!C8"
"jurisdiction",9,"use_when",,"jurisdiction!C9"
"jurisdiction",10,"use_when",,"jurisdiction!C10"
"jurisdiction",11,"use_when",,"jurisdiction!C11"
"jurisdiction",12,"use_when",,"jurisdiction!C12"
"jurisdiction",13,"use_when",,"jurisdiction!C13"
"shape",1,"shape","shape","shape!A1"
"shape",2,"shape","C","shape!A2"
"shape",3,"shape","R","shape!A3"
"shape",4,"shape","T","shape!A4"
"shape",5,"shape","S","shape!A5"
"shape",6,"shape","X","shape!A6"
"shape",7,"shape","Z","shape!A7"
"shape",1,"description","description","shape!B1"
"shape",2,"description","Circular plot","shape!B2"
"shape",3,"description","Rectangular plot","shape!B3"
"shape",4,"description","Triangular plot","shape!B4"
"shape",5,"description","Square plot","shape!B5"
"shape",6,"description","Missing","shape!B6"
"shape",7,"description","Not Applicable","shape!B7"
"shape",1,"use_when","use_when","shape!C1"
"shape",2,"use_when","Use when the site or plot boundary is circular.","shape!C2"
"shape",3,"use_when","Use when the site or plot boundary is rectangular.","shape!C3"
"shape",4,"use_when","Use when the site or plot boundary is triangular.","shape!C4"
"shape",5,"use_when","Use when the site or plot boundary is square.","shape!C5"
"shape",6,"use_when","Use when the value is missing, unknown, or not reported.","shape!C6"
"shape",7,"use_when",,"shape!C7"
"site_status",1,"site_status","site_status","site_status!A1"
"site_status",2,"site_status","A","site_status!A2"
"site_status",3,"site_status","D","site_status!A3"
"site_status",4,"site_status","I","site_status!A4"
"site_status",5,"site_status","L","site_status!A5"
"site_status",6,"site_status","RT","site_status!A6"
"site_status",7,"site_status","RP","site_status!A7"
"site_status",8,"site_status","G","site_status!A8"
"site_status",9,"site_status","P","site_status!A9"
"site_status",10,"site_status","X","site_status!A10"
"site_status",1,"description","description","site_status!B1"
"site_status",2,"description","Active","site_status!B2"
"site_status",3,"description","Destroyed","site_status!B3"
"site_status",4,"description","Inactive","site_status!B4"
"site_status",5,"description","Lost","site_status!B5"
"site_status",6,"description","Retired","site_status!B6"
"site_status",7,"description","Replacement","site_status!B7"
"site_status",8,"description","Ingrowth","site_status!B8"
"site_status",9,"description","Planned","site_status!B9"
"site_status",10,"description","Missing","site_status!B10"
"site_status",1,"use_when","use_when","site_status!C1"
"site_status",2,"use_when","Plot can be remeasured.","site_status!C2"
"site_status",3,"use_when","Plot cannot be remeasured because the location is no longer suitable due to permanent disturbance, such as road construction, development, or severe site alteration.","site_status!C3"
"site_status",4,"use_when","Plot has been removed from the active remeasurement list by the program for a specific reason.","site_status!C4"
"site_status",5,"use_when","Plot cannot be remeasured because the location is unknown or the plot markers cannot be found.","site_status!C5"
"site_status",6,"use_when","Plot was intentionally discontinued from the active remeasurement program.","site_status!C6"
"site_status",7,"use_when","Plot was established as a replacement for another plot.","site_status!C7"
"site_status",8,"use_when","Plot or subplot is used to track trees that newly meet the measurement threshold after establishment.","site_status!C8"
"site_status",9,"use_when","Plot is planned or proposed but has not yet been established or measured.","site_status!C9"
"site_status",10,"use_when","Use when the value is missing, unknown, or not reported.","site_status!C10"
"site_protection",1,"site_protection","site_protection","site_protection!A1"
"site_protection",2,"site_protection","FUL","site_protection!A2"
"site_protection",3,"site_protection","PAR","site_protection!A3"
"site_protection",4,"site_protection","LIM","site_protection!A4"
"site_protection",5,"site_protection","NOP","site_protection!A5"
"site_protection",6,"site_protection","LNO","site_protection!A6"
"site_protection",7,"site_protection","NEG","site_protection!A7"
"site_protection",8,"site_protection","X","site_protection!A8"
"site_protection",1,"description","description","site_protection!B1"
"site_protection",2,"description","Full protection","site_protection!B2"
"site_protection",3,"description","Partial protection","site_protection!B3"
"site_protection",4,"description","Limited protection","site_protection!B4"
"site_protection",5,"description","No protection","site_protection!B5"
"site_protection",6,"description","Limited or no protection","site_protection!B6"
"site_protection",7,"description","Negotiable protection","site_protection!B7"
"site_protection",8,"description","Missing","site_protection!B8"
"site_protection",1,"use_when","use_when","site_protection!C1"
"site_protection",2,"use_when","Plot is protected from activities that may affect its long-term integrity or remeasurement.","site_protection!C2"
"site_protection",3,"use_when","Plot has some protection, but certain activities may still be allowed.","site_protection!C3"
"site_protection",4,"use_when","Plot has limited protection, usually weaker or more conditional than partial protection.","site_protection!C4"
"site_protection",5,"use_when","Plot has no formal protection from management, disturbance, or access-related impacts.","site_protection!C5"
"site_protection",6,"use_when","Source data indicate limited/no protection, but the exact level cannot be separated.","site_protection!C6"
"site_protection",7,"use_when","Protection may be negotiated or adjusted depending on management, operational, or administrative context.","site_protection!C7"
"site_protection",8,"use_when","Use when the value is missing, unknown, or not reported.","site_protection!C8"
"ownership",1,"ownership","ownership","ownership!A1"
"ownership",2,"ownership","FL","ownership!A2"
"ownership",3,"ownership","FP","ownership!A3"
"ownership",4,"ownership","CR","ownership!A4"
"ownership",5,"ownership","CL","ownership!A5"
"ownership",6,"ownership","CT","ownership!A6"
"ownership",7,"ownership","IR","ownership!A7"
"ownership",8,"ownership","PR","ownership!A8"
"ownership",9,"ownership","IM","ownership!A9"
"ownership",10,"ownership","DN","ownership!A10"
"ownership",11,"ownership","MG","ownership!A11"
"ownership",12,"ownership","OT","ownership!A12"
"ownership",13,"ownership","X","ownership!A13"
"ownership",1,"description","description","ownership!B1"
"ownership",2,"description","Federal land","ownership!B2"
"ownership",3,"description","Federal park","ownership!B3"
"ownership",4,"description","Crown land","ownership!B4"
"ownership",5,"description","Leased Crown land","ownership!B5"
"ownership",6,"description","Tenured Crown land","ownership!B6"
"ownership",7,"description","Indian Reserve","ownership!B7"
"ownership",8,"description","Private land","ownership!B8"
"ownership",9,"description","Industrial managed land","ownership!B9"
"ownership",10,"description","Department of National Defence land","ownership!B10"
"ownership",11,"description","Municipal Government","ownership!B11"
"ownership",12,"description","Other","ownership!B12"
"ownership",13,"description","Missing","ownership!B13"
"ownership",1,"use_when","use_when","ownership!C1"
"ownership",2,"use_when","Land owned or administered by the federal government.","ownership!C2"
"ownership",3,"use_when","Land within a federal park or protected area.","ownership!C3"
"ownership",4,"use_when","Public land owned by the Crown.","ownership!C4"
"ownership",5,"use_when","Crown land leased to another party for a defined use or period.","ownership!C5"
"ownership",6,"use_when","Crown land under a tenure, licence, agreement, or other allocated management/use right.","ownership!C6"
"ownership",7,"use_when","Land legally designated as an Indian Reserve. Use this legal term only when it is the wording used in the source data.","ownership!C7"
"ownership",8,"use_when","Land owned by private individuals, companies, or organizations.","ownership!C8"
"ownership",9,"use_when","Land managed by an industrial forestry or resource-sector entity.","ownership!C9"
"ownership",10,"use_when","Land administered by the Department of National Defence.","ownership!C10"
"ownership",11,"use_when",,"ownership!C11"
"ownership",12,"use_when",,"ownership!C12"
"ownership",13,"use_when","Use when the value is missing, unknown, or not reported.","ownership!C13"
"stand_origin",1,"stand_origin","stand_origin","stand_origin!A1"
"stand_origin",2,"stand_origin","NN","stand_origin!A2"
"stand_origin",3,"stand_origin","NS","stand_origin!A3"
"stand_origin",4,"stand_origin","NF","stand_origin!A4"
"stand_origin",5,"stand_origin","NC","stand_origin!A5"
"stand_origin",6,"stand_origin","NL","stand_origin!A6"
"stand_origin",7,"stand_origin","NR","stand_origin!A7"
"stand_origin",8,"stand_origin","AS","stand_origin!A8"
"stand_origin",9,"stand_origin","AP","stand_origin!A9"
"stand_origin",10,"stand_origin","AF","stand_origin!A10"
"stand_origin",11,"stand_origin","MP","stand_origin!A11"
"stand_origin",12,"stand_origin","MM","stand_origin!A12"
"stand_origin",13,"stand_origin","X","stand_origin!A13"
"stand_origin",1,"description","description","stand_origin!B1"
"stand_origin",2,"description","Natural origin","stand_origin!B2"
"stand_origin",3,"description","Naturally seeded","stand_origin!B3"
"stand_origin",4,"description","Natural fire origin","stand_origin!B4"
"stand_origin",5,"description","Sucker or coppice origin","stand_origin!B5"
"stand_origin",6,"description","Layering origin","stand_origin!B6"
"stand_origin",7,"description","Residual stand","stand_origin!B7"
"stand_origin",8,"description","Artificially seeded","stand_origin!B8"
"stand_origin",9,"description","Planted","stand_origin!B9"
"stand_origin",10,"description","Fill-planted","stand_origin!B10"
"stand_origin",11,"description","Planted and coppice origin","stand_origin!B11"
"stand_origin",12,"description","Mixed origin","stand_origin!B12"
"stand_origin",13,"description","Missing","stand_origin!B13"
"stand_origin",1,"origin_class","origin_class","stand_origin!C1"
"stand_origin",2,"origin_class","Natural","stand_origin!C2"
"stand_origin",3,"origin_class","Natural","stand_origin!C3"
"stand_origin",4,"origin_class","Natural","stand_origin!C4"
"stand_origin",5,"origin_class","Natural","stand_origin!C5"
"stand_origin",6,"origin_class","Natural","stand_origin!C6"
"stand_origin",7,"origin_class","Natural","stand_origin!C7"
"stand_origin",8,"origin_class","Artificial","stand_origin!C8"
"stand_origin",9,"origin_class","Artificial","stand_origin!C9"
"stand_origin",10,"origin_class","Artificial","stand_origin!C10"
"stand_origin",11,"origin_class","Mixed","stand_origin!C11"
"stand_origin",12,"origin_class","Mixed","stand_origin!C12"
"stand_origin",13,"origin_class","Unknown","stand_origin!C13"
"stand_origin",1,"use_when","use_when","stand_origin!D1"
"stand_origin",2,"use_when","Stand is natural, but the specific natural regeneration pathway is not documented.","stand_origin!D2"
"stand_origin",3,"use_when","Stand originated from natural seed dispersal.","stand_origin!D3"
"stand_origin",4,"use_when","Stand regenerated naturally after fire, with no planting or artificial seeding documented.","stand_origin!D4"
"stand_origin",5,"use_when","Stand originated from vegetative regeneration, such asSucker (from the roots or base of a tree) or Coppice (from downed logs, stumps/snags)","stand_origin!D5"
"stand_origin",6,"use_when","Stand originated from layering, where branches or stems rooted naturally while connected to the parent plant.","stand_origin!D6"
"stand_origin",7,"use_when","Stand is mainly composed of residual trees retained from a previous stand after disturbance, harvesting, or treatment.","stand_origin!D7"
"stand_origin",8,"use_when","Stand originated from human-assisted seeding.","stand_origin!D8"
"stand_origin",9,"use_when","Stand originated from planted trees.","stand_origin!D9"
"stand_origin",10,"use_when","Planting was used to supplement inadequate stocking.","stand_origin!D10"
"stand_origin",11,"use_when","Stand includes both planted trees and coppice-origin regeneration.","stand_origin!D11"
"stand_origin",12,"use_when","Stand includes more than one origin type and cannot be assigned to a single dominant origin.","stand_origin!D12"
"stand_origin",13,"use_when","Use when the value is missing, unknown, or not reported.","stand_origin!D13"
"location_src",1,"location_src","location_src","location_src!A1"
"location_src",2,"location_src","C","location_src!A2"
"location_src",3,"location_src","G","location_src!A3"
"location_src",4,"location_src","X","location_src!A4"
"location_src",1,"description","description","location_src!B1"
"location_src",2,"description","Compiled / calculated","location_src!B2"
"location_src",3,"description","Given","location_src!B3"
"location_src",4,"description","Missing","location_src!B4"
"slope_class",1,"slope_class","slope_class","slope_class!A1"
"slope_class",2,"slope_class","A","slope_class!A2"
"slope_class",3,"slope_class","B","slope_class!A3"
"slope_class",4,"slope_class","C","slope_class!A4"
"slope_class",5,"slope_class","D","slope_class!A5"
"slope_class",6,"slope_class","E","slope_class!A6"
"slope_class",7,"slope_class","F","slope_class!A7"
"slope_class",8,"slope_class","X","slope_class!A8"
"slope_class",1,"description","description","slope_class!B1"
"slope_class",2,"description","0–3%","slope_class!B2"
"slope_class",3,"description","4–8%","slope_class!B3"
"slope_class",4,"description","9–15%","slope_class!B4"
"slope_class",5,"description","16–30%","slope_class!B5"
"slope_class",6,"description","31–40%","slope_class!B6"
"slope_class",7,"description",">40%","slope_class!B7"
"slope_class",8,"description","Missing","slope_class!B8"
"slope_class",1,"use_when","use_when","slope_class!C1"
"slope_class",2,"use_when","Level to very gentle slope.","slope_class!C2"
"slope_class",3,"use_when","Gentle slope.","slope_class!C3"
"slope_class",4,"use_when","Moderate slope.","slope_class!C4"
"slope_class",5,"use_when","Moderately steep slope.","slope_class!C5"
"slope_class",6,"use_when","Steep slope.","slope_class!C6"
"slope_class",7,"use_when","Very steep slope, or plot surrounded by slopes greater than 40%.","slope_class!C7"
"slope_class",8,"use_when","Use when the value is missing, unknown, or not reported.","slope_class!C8"
"slope_class",1,"Note","Note","slope_class!D1"
"slope_class",2,"Note",,"slope_class!D2"
"slope_class",3,"Note",,"slope_class!D3"
"slope_class",4,"Note",,"slope_class!D4"
"slope_class",5,"Note",,"slope_class!D5"
"slope_class",6,"Note",,"slope_class!D6"
"slope_class",7,"Note",">41 in v1","slope_class!D7"
"slope_class",8,"Note","new class","slope_class!D8"
"slope_position",1,"slope_position","slope_position","slope_position!A1"
"slope_position",2,"slope_position","CR","slope_position!A2"
"slope_position",3,"slope_position","US","slope_position!A3"
"slope_position",4,"slope_position","MS","slope_position!A4"
"slope_position",5,"slope_position","LS","slope_position!A5"
"slope_position",6,"slope_position","TS","slope_position!A6"
"slope_position",7,"slope_position","LE","slope_position!A7"
"slope_position",8,"slope_position","DE","slope_position!A8"
"slope_position",9,"slope_position","X","slope_position!A9"
"slope_position",1,"description","description","slope_position!B1"
"slope_position",2,"description","Crest","slope_position!B2"
"slope_position",3,"description","Upper slope","slope_position!B3"
"slope_position",4,"description","Mid slope","slope_position!B4"
"slope_position",5,"description","Lower slope","slope_position!B5"
"slope_position",6,"description","Toe slope","slope_position!B6"
"slope_position",7,"description","Level","slope_position!B7"
"slope_position",8,"description","Depression","slope_position!B8"
"slope_position",9,"description","Missing","slope_position!B9"
"slope_position",1,"use_when","use_when","slope_position!C1"
"slope_position",2,"use_when","Site is located on the top or ridge of a slope.","slope_position!C2"
"slope_position",3,"use_when","Site is located on the upper part of a slope below the crest.","slope_position!C3"
"slope_position",4,"use_when","Site is located on the middle part of a slope.","slope_position!C4"
"slope_position",5,"use_when","Site is located on the lower part of a slope above the toe.","slope_position!C5"
"slope_position",6,"use_when","Site is located at the base or foot of a slope.","slope_position!C6"
"slope_position",7,"use_when","Site is located on flat or nearly level terrain.","slope_position!C7"
"slope_position",8,"use_when","Site is located in a low-lying or concave landform.","slope_position!C8"
"slope_position",9,"use_when","Use when the value is missing, unknown, or not reported.","slope_position!C9"
"slope_position",1,"note","note","slope_position!D1"
"slope_position",2,"note",,"slope_position!D2"
"slope_position",3,"note",,"slope_position!D3"
"slope_position",4,"note",,"slope_position!D4"
"slope_position",5,"note",,"slope_position!D5"
"slope_position",6,"note",,"slope_position!D6"
"slope_position",7,"note",,"slope_position!D7"
"slope_position",8,"note",,"slope_position!D8"
"slope_position",9,"note","new class","slope_position!D9"
"aspect_class",1,"aspect_class","aspect_class","aspect_class!A1"
"aspect_class",2,"aspect_class","N","aspect_class!A2"
"aspect_class",3,"aspect_class","NE","aspect_class!A3"
"aspect_class",4,"aspect_class","E","aspect_class!A4"
"aspect_class",5,"aspect_class","SE","aspect_class!A5"
"aspect_class",6,"aspect_class","S","aspect_class!A6"
"aspect_class",7,"aspect_class","SW","aspect_class!A7"
"aspect_class",8,"aspect_class","W","aspect_class!A8"
"aspect_class",9,"aspect_class","NW","aspect_class!A9"
"aspect_class",10,"aspect_class","Z","aspect_class!A10"
"aspect_class",11,"aspect_class","X","aspect_class!A11"
"aspect_class",1,"description","description","aspect_class!B1"
"aspect_class",2,"description","aspect >= 337 | aspect <= 22","aspect_class!B2"
"aspect_class",3,"description","aspect >= 23 & aspect <= 67","aspect_class!B3"
"aspect_class",4,"description","aspect >= 68 & aspect <= 112","aspect_class!B4"
"aspect_class",5,"description","aspect >= 113 & aspect <= 157","aspect_class!B5"
"aspect_class",6,"description","aspect >= 158 & aspect <= 202","aspect_class!B6"
"aspect_class",7,"description","aspect >= 203 & aspect <= 247","aspect_class!B7"
"aspect_class",8,"description","aspect >= 248 & aspect <= 292","aspect_class!B8"
"aspect_class",9,"description","aspect >= 293 & aspect <= 336","aspect_class!B9"
"aspect_class",10,"description","slope <= 2% (Not applicable)","aspect_class!B10"
"aspect_class",11,"description","Missing","aspect_class!B11"
"aspect_class",1,"use_when","use_when","aspect_class!C1"
"aspect_class",2,"use_when","Use when aspect is north-facing.","aspect_class!C2"
"aspect_class",3,"use_when","Use when aspect is northeast-facing.","aspect_class!C3"
"aspect_class",4,"use_when","Use when aspect is east-facing.","aspect_class!C4"
"aspect_class",5,"use_when","Use when aspect is southeast-facing.","aspect_class!C5"
"aspect_class",6,"use_when","Use when aspect is south-facing.","aspect_class!C6"
"aspect_class",7,"use_when","Use when aspect is southwest-facing.","aspect_class!C7"
"aspect_class",8,"use_when","Use when aspect is west-facing.","aspect_class!C8"
"aspect_class",9,"use_when","Use when aspect is northwest-facing.","aspect_class!C9"
"aspect_class",10,"use_when","Use when the attribute does not apply to the record.","aspect_class!C10"
"aspect_class",11,"use_when","Use when the value is missing, unknown, or not reported.","aspect_class!C11"
"aspect_class",1,"note","note","aspect_class!D1"
"aspect_class",2,"note",,"aspect_class!D2"
"aspect_class",3,"note",,"aspect_class!D3"
"aspect_class",4,"note",,"aspect_class!D4"
"aspect_class",5,"note",,"aspect_class!D5"
"aspect_class",6,"note",,"aspect_class!D6"
"aspect_class",7,"note",,"aspect_class!D7"
"aspect_class",8,"note",,"aspect_class!D8"
"aspect_class",9,"note",,"aspect_class!D9"
"aspect_class",10,"note",,"aspect_class!D10"
"aspect_class",11,"note","new class","aspect_class!D11"
"coord_src",1,"coord_src","coord_src","coord_src!A1"
"coord_src",2,"coord_src","DGP","coord_src!A2"
"coord_src",3,"coord_src","VGP","coord_src!A3"
"coord_src",4,"coord_src","MGP","coord_src!A4"
"coord_src",5,"coord_src","GPS","coord_src!A5"
"coord_src",6,"coord_src","RGP","coord_src!A6"
"coord_src",7,"coord_src","GIS","coord_src!A7"
"coord_src",8,"coord_src","MAP","coord_src!A8"
"coord_src",9,"coord_src","GEL","coord_src!A9"
"coord_src",10,"coord_src","PRV","coord_src!A10"
"coord_src",11,"coord_src","INT","coord_src!A11"
"coord_src",12,"coord_src","GEN","coord_src!A12"
"coord_src",13,"coord_src","UNK","coord_src!A13"
"coord_src",14,"coord_src","PPP","coord_src!A14"
"coord_src",15,"coord_src","X","coord_src!A15"
"coord_src",1,"description","description","coord_src!B1"
"coord_src",2,"description","Differential or post-processed GPS","coord_src!B2"
"coord_src",3,"description","Vector GPS unit","coord_src!B3"
"coord_src",4,"description","Map-grade GPS","coord_src!B4"
"coord_src",5,"description","GPS unit, grade not specified","coord_src!B5"
"coord_src",6,"description","Recreation-grade GPS","coord_src!B6"
"coord_src",7,"description","GIS-derived location","coord_src!B7"
"coord_src",8,"description","Map-derived location","coord_src!B8"
"coord_src",9,"description","Google Earth-derived location","coord_src!B9"
"coord_src",10,"description","Previous measurement","coord_src!B10"
"coord_src",11,"description","Intended coordinates","coord_src!B11"
"coord_src",12,"description","Generalized location","coord_src!B12"
"coord_src",13,"description","Reported as unknown","coord_src!B13"
"coord_src",14,"description","Precise Point Positioning","coord_src!B14"
"coord_src",15,"description","Missing","coord_src!B15"
"coord_src",1,"coord_acc","coord_acc","coord_src!C1"
"coord_src",2,"coord_acc","Y","coord_src!C2"
"coord_src",3,"coord_acc","Y","coord_src!C3"
"coord_src",4,"coord_acc","Y","coord_src!C4"
"coord_src",5,"coord_acc","Y","coord_src!C5"
"coord_src",6,"coord_acc","A","coord_src!C6"
"coord_src",7,"coord_acc","A","coord_src!C7"
"coord_src",8,"coord_acc","A","coord_src!C8"
"coord_src",9,"coord_acc","A","coord_src!C9"
"coord_src",10,"coord_acc","A","coord_src!C10"
"coord_src",11,"coord_acc","A","coord_src!C11"
"coord_src",12,"coord_acc","A","coord_src!C12"
"coord_src",13,"coord_acc","X","coord_src!C13"
"coord_src",14,"coord_acc","Y","coord_src!C14"
"coord_src",15,"coord_acc","X","coord_src!C15"
"coord_src",1,"expected_accuracy","expected_accuracy","coord_src!D1"
"coord_src",2,"expected_accuracy","High expected accuracy","coord_src!D2"
"coord_src",3,"expected_accuracy","High to moderate expected accuracy","coord_src!D3"
"coord_src",4,"expected_accuracy","Moderate expected accuracy","coord_src!D4"
"coord_src",5,"expected_accuracy","Moderate expected accuracy","coord_src!D5"
"coord_src",6,"expected_accuracy","Low to moderate expected accuracy","coord_src!D6"
"coord_src",7,"expected_accuracy","Moderate expected accuracy","coord_src!D7"
"coord_src",8,"expected_accuracy","Low expected accuracy","coord_src!D8"
"coord_src",9,"expected_accuracy","Low to moderate expected accuracy","coord_src!D9"
"coord_src",10,"expected_accuracy","Unknown expected accuracy","coord_src!D10"
"coord_src",11,"expected_accuracy","Approximate location","coord_src!D11"
"coord_src",12,"expected_accuracy","Approximate/generalized location","coord_src!D12"
"coord_src",13,"expected_accuracy",,"coord_src!D13"
"coord_src",14,"expected_accuracy","Coordinates derived using a precise GNSS positioning method based on satellite correction products.","coord_src!D14"
"coord_src",15,"expected_accuracy","Not given","coord_src!D15"
"coord_src",1,"expected_precision","expected_precision","coord_src!E1"
"coord_src",2,"expected_precision","<1–5 m: Usually sub-metre to a few metres","coord_src!E2"
"coord_src",3,"expected_precision","1–10 m: Usually metre-level to several metres","coord_src!E3"
"coord_src",4,"expected_precision","5–10 m: Usually several metres to tens of metres","coord_src!E4"
"coord_src",5,"expected_precision","5–20 m: Usually several metres to tens of metres","coord_src!E5"
"coord_src",6,"expected_precision","10–30 m: Usually several metres to tens of metres; often less reliable under canopy","coord_src!E6"
"coord_src",7,"expected_precision","5–50 m: Depends on source layer resolution, scale, and processing method","coord_src!E7"
"coord_src",8,"expected_precision","25–100 m+: Depends on map scale and georeferencing quality","coord_src!E8"
"coord_src",9,"expected_precision","5–50 m: Usually several metres to tens of metres, but location-dependent","coord_src!E9"
"coord_src",10,"expected_precision","Same as previous source, if documented; otherwise unknown","coord_src!E10"
"coord_src",11,"expected_precision","Planned location; not field-confirmed","coord_src!E11"
"coord_src",12,"expected_precision","Rounded/generalized; use documented protection distance when available","coord_src!E12"
"coord_src",13,"expected_precision","need confirmation","coord_src!E13"
"coord_src",14,"expected_precision","need confirmation","coord_src!E14"
"coord_src",15,"expected_precision","need confirmation","coord_src!E15"
"coord_src",1,"use_when","use_when","coord_src!F1"
"coord_src",2,"use_when","Coordinates were collected using differential GPS or post-processed GPS methods.","coord_src!F2"
"coord_src",3,"use_when","Coordinates were collected using a vector GPS unit.","coord_src!F3"
"coord_src",4,"use_when","Coordinates were collected using map-grade GPS equipment.","coord_src!F4"
"coord_src",5,"use_when","Coordinates were collected using a GPS unit, but the GPS grade/class is not specified.","coord_src!F5"
"coord_src",6,"use_when","Coordinates were collected using recreation-grade or sport-grade GPS equipment.","coord_src!F6"
"coord_src",7,"use_when","Coordinates were derived using a geographic information system.","coord_src!F7"
"coord_src",8,"use_when","Coordinates were taken from a map.","coord_src!F8"
"coord_src",9,"use_when","Coordinates were derived from Google Earth.","coord_src!F9"
"coord_src",10,"use_when","Coordinates were carried forward from a previous measurement.","coord_src!F10"
"coord_src",11,"use_when","Coordinates represent intended/planned plot location, with no GPS data collected.","coord_src!F11"
"coord_src",12,"use_when","Coordinates were rounded or generalized to protect the true plot location.","coord_src!F12"
"coord_src",13,"use_when",,"coord_src!F13"
"coord_src",14,"use_when",,"coord_src!F14"
"coord_src",15,"use_when","Use when the value is missing, unknown, or not reported.","coord_src!F15"
"coord_acc",1,"coord_acc","coord_acc","coord_acc!A1"
"coord_acc",2,"coord_acc","Y","coord_acc!A2"
"coord_acc",3,"coord_acc","N","coord_acc!A3"
"coord_acc",4,"coord_acc","A","coord_acc!A4"
"coord_acc",5,"coord_acc","X","coord_acc!A5"
"coord_acc",1,"description","description","coord_acc!B1"
"coord_acc",2,"description","Accurate","coord_acc!B2"
"coord_acc",3,"description","Not accurate","coord_acc!B3"
"coord_acc",4,"description","Approximate","coord_acc!B4"
"coord_acc",5,"description","Missing","coord_acc!B5"
"coord_acc",1,"use_when","use_when","coord_acc!C1"
"coord_acc",2,"use_when","Source indicates the coordinate is accurate or acceptable.","coord_acc!C2"
"coord_acc",3,"use_when","Source indicates the coordinate is not accurate, unreliable, or failed the source accuracy requirement.","coord_acc!C3"
"coord_acc",4,"use_when","Coordinate is approximate, estimated, intended, generalized, rounded, centroid-derived, or indirectly derived.","coord_acc!C4"
"coord_acc",5,"use_when","Use when the value is missing, unknown, or not reported.","coord_acc!C5"
"drainage",1,"drainage","drainage","drainage!A1"
"drainage",2,"drainage","VR","drainage!A2"
"drainage",3,"drainage","RD","drainage!A3"
"drainage",4,"drainage","WD","drainage!A4"
"drainage",5,"drainage","MW","drainage!A5"
"drainage",6,"drainage","ID","drainage!A6"
"drainage",7,"drainage","PD","drainage!A7"
"drainage",8,"drainage","VP","drainage!A8"
"drainage",9,"drainage","OS","drainage!A9"
"drainage",10,"drainage","X","drainage!A10"
"drainage",1,"plotcop","plotcop","drainage!B1"
"drainage",2,"plotcop",,"drainage!B2"
"drainage",3,"plotcop","1","drainage!B3"
"drainage",4,"plotcop","2","drainage!B4"
"drainage",5,"plotcop","3","drainage!B5"
"drainage",6,"plotcop","4","drainage!B6"
"drainage",7,"plotcop","5","drainage!B7"
"drainage",8,"plotcop","6","drainage!B8"
"drainage",9,"plotcop","7","drainage!B9"
"drainage",10,"plotcop","NULL","drainage!B10"
"drainage",1,"description","description","drainage!C1"
"drainage",2,"description","Very Rapid","drainage!C2"
"drainage",3,"description","Rapidly drained","drainage!C3"
"drainage",4,"description","Well drained","drainage!C4"
"drainage",5,"description","Moderately well drained","drainage!C5"
"drainage",6,"description","Imperfectly drained","drainage!C6"
"drainage",7,"description","Poorly drained","drainage!C7"
"drainage",8,"description","Very poorly drained","drainage!C8"
"drainage",9,"description","Organic soils","drainage!C9"
"drainage",10,"description","Missing","drainage!C10"
"drainage",1,"use_when","use_when","drainage!D1"
"drainage",2,"use_when",,"drainage!D2"
"drainage",3,"use_when","Water is removed from the soil very rapidly; soil is usually dry except shortly after rainfall or snowmelt.","drainage!D3"
"drainage",4,"use_when","Water is removed readily but not rapidly; soil is generally moist without prolonged saturation.","drainage!D4"
"drainage",5,"use_when","Water is removed somewhat slowly; soil may be wet for short periods during the growing season.","drainage!D5"
"drainage",6,"use_when","Water is removed slowly; soil is wet for significant periods, often showing signs of seasonal saturation.","drainage!D6"
"drainage",7,"use_when","Water is removed very slowly; soil is wet for long periods and commonly saturated near the surface.","drainage!D7"
"drainage",8,"use_when","Water remains at or near the surface for much of the year; soil is very frequently saturated.","drainage!D8"
"drainage",9,"use_when","Site is dominated by organic soil material; drainage may vary but is classified separately by the source.","drainage!D9"
"drainage",10,"use_when","Use when the value is missing, unknown, or not reported.","drainage!D10"
"drainage",1,"src_dode","src_dode","drainage!E1"
"drainage",2,"src_dode","ON","drainage!E2"
"drainage",3,"src_dode","Plotcop","drainage!E3"
"drainage",4,"src_dode","Plotcop","drainage!E4"
"drainage",5,"src_dode","Plotcop","drainage!E5"
"drainage",6,"src_dode","Plotcop","drainage!E6"
"drainage",7,"src_dode","Plotcop","drainage!E7"
"drainage",8,"src_dode","Plotcop","drainage!E8"
"drainage",9,"src_dode","Plotcop","drainage!E9"
"drainage",10,"src_dode",,"drainage!E10"
"exposure",1,"exposure","exposure","exposure!A1"
"exposure",2,"exposure","ALP","exposure!A2"
"exposure",3,"exposure","CST","exposure!A3"
"exposure",4,"exposure","SAN","exposure!A4"
"exposure",5,"exposure","ROC","exposure!A5"
"exposure",6,"exposure","BAR","exposure!A6"
"exposure",7,"exposure","TUN","exposure!A7"
"exposure",8,"exposure","X","exposure!A8"
"exposure",1,"plotcop","plotcop","exposure!B1"
"exposure",2,"plotcop","1","exposure!B2"
"exposure",3,"plotcop","2","exposure!B3"
"exposure",4,"plotcop","3","exposure!B4"
"exposure",5,"plotcop","4","exposure!B5"
"exposure",6,"plotcop","5","exposure!B6"
"exposure",7,"plotcop","6","exposure!B7"
"exposure",8,"plotcop","NULL","exposure!B8"
"exposure",1,"name","name","exposure!C1"
"exposure",2,"name","Alpine","exposure!C2"
"exposure",3,"name","Coastal","exposure!C3"
"exposure",4,"name","Sand","exposure!C4"
"exposure",5,"name","Rock","exposure!C5"
"exposure",6,"name","Barren","exposure!C6"
"exposure",7,"name","Tundra","exposure!C7"
"exposure",8,"name","Missing","exposure!C8"
"exposure",1,"description","description","exposure!D1"
"exposure",2,"description","Dry Tops - Ridge tops with thin rock outcrops and considerable exposure to sun and wind.","exposure!D2"
"exposure",3,"description","Coastal exposure to wind and sea","exposure!D3"
"exposure",4,"description","Very sandy soil > 90% sand","exposure!D4"
"exposure",5,"description","Barren rock outcrop or extremely rocky. >90% rock or gravel","exposure!D5"
"exposure",6,"description","Greater than 50% of growing area extremely limited for tree growth due to soil or climate. Eco region or site is considered barren.","exposure!D6"
"exposure",7,"description","Forest area within an ecoregion defined as tundra","exposure!D7"
"exposure",8,"description","Missing","exposure!D8"
"exposure",1,"use_when","use_when","exposure!E1"
"exposure",2,"use_when","Use when the site is classified as alpine, ridge-top, or highly exposed, with shallow soils, rock outcrops, and strong exposure to sun and wind.","exposure!E2"
"exposure",3,"use_when","Use when the site is influenced by coastal conditions, such as exposure to sea wind, salt spray, or maritime climate effects.","exposure!E3"
"exposure",4,"use_when","Use when the site is dominated by very sandy soil conditions, typically where sand content is greater than 90%.","exposure!E4"
"exposure",5,"use_when","Use when the site is dominated by exposed rock, rock outcrops, gravel, or extremely rocky substrate, typically greater than 90% rock or gravel.","exposure!E5"
"exposure",6,"use_when","Use when tree growth is strongly limited over much of the growing area because of poor soil, climate, exposure, or other severe site limitations.","exposure!E6"
"exposure",7,"use_when","Use when the site occurs within, or is classified as part of, a tundra eco-region or tundra-like forest margin condition.","exposure!E7"
"exposure",8,"use_when","Use when the value is missing, unknown, or not reported.","exposure!E8"
"exposure",1,"src_dode","src_dode","exposure!F1"
"exposure",2,"src_dode","Plotcop","exposure!F2"
"exposure",3,"src_dode","Plotcop","exposure!F3"
"exposure",4,"src_dode","Plotcop","exposure!F4"
"exposure",5,"src_dode","Plotcop","exposure!F5"
"exposure",6,"src_dode","Plotcop","exposure!F6"
"exposure",7,"src_dode","Plotcop","exposure!F7"
"exposure",8,"src_dode","Plotcop","exposure!F8"
"mortality_basis",1,"mortality_basis","mortality_basis","mortality_basis!A1"
"mortality_basis",2,"mortality_basis","VL","mortality_basis!A2"
"mortality_basis",3,"mortality_basis","BA","mortality_basis!A3"
"mortality_basis",4,"mortality_basis","CA","mortality_basis!A4"
"mortality_basis",5,"mortality_basis","ST","mortality_basis!A5"
"mortality_basis",6,"mortality_basis","AR","mortality_basis!A6"
"mortality_basis",7,"mortality_basis","X","mortality_basis!A7"
"mortality_basis",8,"mortality_basis","Z","mortality_basis!A8"
"mortality_basis",1,"description","description","mortality_basis!B1"
"mortality_basis",2,"description","Volume","mortality_basis!B2"
"mortality_basis",3,"description","Basal area","mortality_basis!B3"
"mortality_basis",4,"description","Crown area","mortality_basis!B4"
"mortality_basis",5,"description","Stem number","mortality_basis!B5"
"mortality_basis",6,"description","Area","mortality_basis!B6"
"mortality_basis",7,"description","Missing","mortality_basis!B7"
"mortality_basis",8,"description","Not applicable","mortality_basis!B8"
"mortality_basis",1,"use_when","use_when","mortality_basis!C1"
"mortality_basis",2,"use_when","Mortality percentage is based on affected tree volume.","mortality_basis!C2"
"mortality_basis",3,"use_when","Mortality percentage is based on affected basal area.","mortality_basis!C3"
"mortality_basis",4,"use_when","Mortality percentage is based on affected crown area.","mortality_basis!C4"
"mortality_basis",5,"use_when","Mortality percentage is based on number of affected stems or trees.","mortality_basis!C5"
"mortality_basis",6,"use_when","Mortality percentage is based on affected area.","mortality_basis!C6"
"mortality_basis",7,"use_when","Use when the value is missing, unknown, or not reported.","mortality_basis!C7"
"mortality_basis",8,"use_when","Use when the attribute does not apply to the record.","mortality_basis!C8"
"sample_type",1,"sample_type","sample_type","sample_type!A1"
"sample_type",2,"sample_type","F","sample_type!A2"
"sample_type",3,"sample_type","V","sample_type!A3"
"sample_type",1,"description","description","sample_type!B1"
"sample_type",2,"description","Fixed sample","sample_type!B2"
"sample_type",3,"description","Variable sample","sample_type!B3"
"sample_type",1,"use_when","use_when","sample_type!C1"
"sample_type",2,"use_when","Use when the sample is based on fixed-area plot measurements.","sample_type!C2"
"sample_type",3,"use_when","Use when the sample is based on variable-radius, prism, BAF, or horizontal point sampling measurements.","sample_type!C3"
"visit_type",1,"visit_type","visit_type","visit_type!A1"
"visit_type",2,"visit_type","AUD","visit_type!A2"
"visit_type",3,"visit_type","CON","visit_type!A3"
"visit_type",4,"visit_type","COR","visit_type!A4"
"visit_type",5,"visit_type","EST","visit_type!A5"
"visit_type",6,"visit_type","LOC","visit_type!A6"
"visit_type",7,"visit_type","POS","visit_type!A7"
"visit_type",8,"visit_type","QAS","visit_type!A8"
"visit_type",9,"visit_type","REC","visit_type!A9"
"visit_type",10,"visit_type","REM","visit_type!A10"
"visit_type",11,"visit_type","REY","visit_type!A11"
"visit_type",12,"visit_type","TIM","visit_type!A12"
"visit_type",13,"visit_type","X","visit_type!A13"
"visit_type",1,"description","description","visit_type!B1"
"visit_type",2,"description","Audit","visit_type!B2"
"visit_type",3,"description","Confirmation","visit_type!B3"
"visit_type",4,"description","Correction","visit_type!B4"
"visit_type",5,"description","Establishment","visit_type!B5"
"visit_type",6,"description","Locate","visit_type!B6"
"visit_type",7,"description","Post-treatment","visit_type!B7"
"visit_type",8,"description","Quality assurance","visit_type!B8"
"visit_type",9,"description","Reconnaissance","visit_type!B9"
"visit_type",10,"description","Remeasurement","visit_type!B10"
"visit_type",11,"description","Young-stand monitoring remeasurement","visit_type!B11"
"visit_type",12,"description","Timber-emphasis temporary inventory measurement","visit_type!B12"
"visit_type",13,"description","Missing","visit_type!B13"
"visit_type",1,"use_when","use_when","visit_type!C1"
"visit_type",2,"use_when","Use when the measurement is a BC VRI Phase II temporary 5-point sample cluster selected using PPSWR and intended to verify key spatial inventory attributes estimated during photo interpretation. This represents a temporary validation visit, with no planned sequential remeasurement of the same plot.","visit_type!C2"
"visit_type",3,"use_when","Use when the visit confirms plot status, location, condition, or previous information without being a full remeasurement.","visit_type!C3"
"visit_type",4,"use_when","Use when the visit was conducted to correct, update, or resolve previously recorded plot, location, or measurement information.","visit_type!C4"
"visit_type",5,"use_when","Use for the first visit when the plot/site was established and initial measurements were collected.","visit_type!C5"
"visit_type",6,"use_when","Use when the visit was conducted mainly to locate, relocate, or verify the plot/site position.","visit_type!C6"
"visit_type",7,"use_when","Use for visits conducted after a treatment to assess post-treatment conditions or collect post-treatment measurements.","visit_type!C7"
"visit_type",8,"use_when","Use for formal quality-assurance visits designed to assess data quality, field procedures, or measurement consistency.","visit_type!C8"
"visit_type",9,"use_when","Use for preliminary visits conducted before establishment, remeasurement, or other planned field work.","visit_type!C9"
"visit_type",10,"use_when","Use for scheduled or repeated measurement of an established plot/site.","visit_type!C10"
"visit_type",11,"use_when","Use for young-stand monitoring remeasurements on a standardized intensified NFI grid, generally 5 km × 10 km, in the young-stand population the VegCompR1 inventory defines as stands 15 to 50 years old. In BC it can be used for the CMI, SUP and YSM programs.","visit_type!C11"
"visit_type",12,"use_when","Use when the BC source record represents a timber-emphasis temporary inventory measurement focused on timber attributes, including VRI timber-emphasis sample types Q, T, or Z, with no planned sequential remeasurement of the same plot/site. This class can also be used for BC SUP records.","visit_type!C12"
"visit_type",13,"use_when","Use when the value is missing, unknown, or not reported.","visit_type!C13"
"meas_type",1,"meas_type","meas_type","meas_type!A1"
"meas_type",2,"meas_type","AGE","meas_type!A2"
"meas_type",3,"meas_type","STN","meas_type!A3"
"meas_type",4,"meas_type","TRE","meas_type!A4"
"meas_type",5,"meas_type","VEG","meas_type!A5"
"meas_type",6,"meas_type","HGT","meas_type!A6"
"meas_type",7,"meas_type","ALL","meas_type!A7"
"meas_type",8,"meas_type","X","meas_type!A8"
"meas_type",9,"meas_type","AGE,STN","meas_type!A9"
"meas_type",10,"meas_type","AGE,TRE","meas_type!A10"
"meas_type",11,"meas_type","AGE,VEG","meas_type!A11"
"meas_type",12,"meas_type","STN,TRE","meas_type!A12"
"meas_type",13,"meas_type","STN,VEG","meas_type!A13"
"meas_type",14,"meas_type","TRE,VEG","meas_type!A14"
"meas_type",15,"meas_type","AGE,STN,TRE","meas_type!A15"
"meas_type",16,"meas_type","AGE,STN,VEG","meas_type!A16"
"meas_type",17,"meas_type","AGE,TRE,VEG","meas_type!A17"
"meas_type",18,"meas_type","STN,TRE,VEG","meas_type!A18"
"meas_type",19,"meas_type","AGE,STN,TRE,VEG","meas_type!A19"
"meas_type",1,"description","description","meas_type!B1"
"meas_type",2,"description","Visit includes tree/site age measurements.","meas_type!B2"
"meas_type",3,"description","Visit includes stand-level information measurements or observations.","meas_type!B3"
"meas_type",4,"description","Visit includes individual tree measurements.","meas_type!B4"
"meas_type",5,"description","Visit includes vegetation or regeneration measurements.","meas_type!B5"
"meas_type",6,"description","Visit includes tree-height measurements.","meas_type!B6"
"meas_type",7,"description","All given measurements were done on the same date.","meas_type!B7"
"meas_type",8,"description","Missing","meas_type!B8"
"meas_type",9,"description",,"meas_type!B9"
"meas_type",10,"description",,"meas_type!B10"
"meas_type",11,"description",,"meas_type!B11"
"meas_type",12,"description",,"meas_type!B12"
"meas_type",13,"description",,"meas_type!B13"
"meas_type",14,"description",,"meas_type!B14"
"meas_type",15,"description",,"meas_type!B15"
"meas_type",16,"description",,"meas_type!B16"
"meas_type",17,"description",,"meas_type!B17"
"meas_type",18,"description",,"meas_type!B18"
"meas_type",19,"description",,"meas_type!B19"
"meas_type",1,"use_when","use_when","meas_type!C1"
"meas_type",2,"use_when","Use when the visit records age-related measurements only or separately from other measurement types. This is mainly used for ON records where age, stand, vegetation, height, and tree measurements may occur on the same or different dates.","meas_type!C2"
"meas_type",3,"use_when","Use when the visit records stand-level information or observations separately from other measurement types. This is mainly used for ON records.","meas_type!C3"
"meas_type",4,"use_when","Use when the visit records individual tree-level measurements separately from other measurement types. This is mainly used for ON records.","meas_type!C4"
"meas_type",5,"use_when","Use when the visit records vegetation, regeneration, or related understory measurements separately from other measurement types. This is mainly used for ON records.","meas_type!C5"
"meas_type",6,"use_when","Use when the visit records tree-height measurements separately from other measurement types. This is mainly used for ON records.","meas_type!C6"
"meas_type",7,"use_when","Use when all available measurement types for the visit were collected on the same date. This is the default/common value for contributors where measurements are not separated by attribute group or visit date.","meas_type!C7"
"meas_type",8,"use_when","Use when the value is missing, unknown, or not reported.","meas_type!C8"
"meas_type",9,"use_when",,"meas_type!C9"
"meas_type",10,"use_when",,"meas_type!C10"
"meas_type",11,"use_when",,"meas_type!C11"
"meas_type",12,"use_when",,"meas_type!C12"
"meas_type",13,"use_when",,"meas_type!C13"
"meas_type",14,"use_when",,"meas_type!C14"
"meas_type",15,"use_when",,"meas_type!C15"
"meas_type",16,"use_when",,"meas_type!C16"
"meas_type",17,"use_when",,"meas_type!C17"
"meas_type",18,"use_when",,"meas_type!C18"
"meas_type",19,"use_when",,"meas_type!C19"
"plot",1,"plot","plot","plot!A1"
"plot",2,"plot","0","plot!A2"
"plot",3,"plot","1","plot!A3"
"plot",4,"plot","2","plot!A4"
"plot",5,"plot","3","plot!A5"
"plot",6,"plot","4","plot!A6"
"plot",7,"plot","5","plot!A7"
"plot",1,"description","description","plot!B1"
"plot",2,"description","Outside the plot","plot!B2"
"plot",3,"description","1 or I","plot!B3"
"plot",4,"description","2 or N","plot!B4"
"plot",5,"description","3 or E","plot!B5"
"plot",6,"description","S","plot!B6"
"plot",7,"description","W","plot!B7"
"plot",1,"use_when","use_when","plot!C1"
"plot",2,"use_when","Use when a tree is measured outside the plot boundary","plot!C2"
"plot",3,"use_when","Default for single-plot sites. Use for plot 1 in ON/BC PSP datasets (multi-plot sites), or the integrated plot centre (I) in BC non-PSP datasets.","plot!C3"
"plot",4,"use_when","Use for plot 2 in ON/BC PSP datasets, or the north auxiliary plot (N) in BC non-PSP datasets.","plot!C4"
"plot",5,"use_when","Use for plot 3 in ON/BC PSP datasets, or the east auxiliary plot (E) in BC non-PSP datasets.","plot!C5"
"plot",6,"use_when","Use for the south auxiliary plot (S) in BC non-PSP datasets.","plot!C6"
"plot",7,"use_when","Use for the west auxiliary plot (W) in BC non-PSP datasets.","plot!C7"
"maincanopy_origin",1,"maincanopy_origin","maincanopy_origin","maincanopy_origin!A1"
"maincanopy_origin",2,"maincanopy_origin","NF","maincanopy_origin!A2"
"maincanopy_origin",3,"maincanopy_origin","NW","maincanopy_origin!A3"
"maincanopy_origin",4,"maincanopy_origin","NI","maincanopy_origin!A4"
"maincanopy_origin",5,"maincanopy_origin","NS","maincanopy_origin!A5"
"maincanopy_origin",6,"maincanopy_origin","AHC","maincanopy_origin!A6"
"maincanopy_origin",7,"maincanopy_origin","AHP","maincanopy_origin!A7"
"maincanopy_origin",8,"maincanopy_origin","AHS","maincanopy_origin!A8"
"maincanopy_origin",9,"maincanopy_origin","AH1","maincanopy_origin!A9"
"maincanopy_origin",10,"maincanopy_origin","AH2","maincanopy_origin!A10"
"maincanopy_origin",11,"maincanopy_origin","AOF","maincanopy_origin!A11"
"maincanopy_origin",12,"maincanopy_origin","OO","maincanopy_origin!A12"
"maincanopy_origin",13,"maincanopy_origin","X","maincanopy_origin!A13"
"maincanopy_origin",1,"old_code","old_code","maincanopy_origin!B1"
"maincanopy_origin",2,"old_code","1","maincanopy_origin!B2"
"maincanopy_origin",3,"old_code","2","maincanopy_origin!B3"
"maincanopy_origin",4,"old_code","3","maincanopy_origin!B4"
"maincanopy_origin",5,"old_code","7","maincanopy_origin!B5"
"maincanopy_origin",6,"old_code","4","maincanopy_origin!B6"
"maincanopy_origin",7,"old_code","5","maincanopy_origin!B7"
"maincanopy_origin",8,"old_code","6","maincanopy_origin!B8"
"maincanopy_origin",9,"old_code",,"maincanopy_origin!B9"
"maincanopy_origin",10,"old_code",,"maincanopy_origin!B10"
"maincanopy_origin",11,"old_code","8","maincanopy_origin!B11"
"maincanopy_origin",12,"old_code","9","maincanopy_origin!B12"
"maincanopy_origin",13,"old_code","10","maincanopy_origin!B13"
"maincanopy_origin",1,"description","description","maincanopy_origin!C1"
"maincanopy_origin",2,"description","Fire origin","maincanopy_origin!C2"
"maincanopy_origin",3,"description","Wind origin","maincanopy_origin!C3"
"maincanopy_origin",4,"description","Insect origin","maincanopy_origin!C4"
"maincanopy_origin",5,"description","Secondary succession","maincanopy_origin!C5"
"maincanopy_origin",6,"description","Harvest: clearcut","maincanopy_origin!C6"
"maincanopy_origin",7,"description","Harvest: partial","maincanopy_origin!C7"
"maincanopy_origin",8,"description","Harvest: selection","maincanopy_origin!C8"
"maincanopy_origin",9,"description","Harvest: first rotation","maincanopy_origin!C9"
"maincanopy_origin",10,"description","Harvest: second rotation","maincanopy_origin!C10"
"maincanopy_origin",11,"description","Old field","maincanopy_origin!C11"
"maincanopy_origin",12,"description","Other","maincanopy_origin!C12"
"maincanopy_origin",13,"description","Missing","maincanopy_origin!C13"
"maincanopy_origin",1,"origin_class","origin_class","maincanopy_origin!D1"
"maincanopy_origin",2,"origin_class","Natural","maincanopy_origin!D2"
"maincanopy_origin",3,"origin_class","Natural","maincanopy_origin!D3"
"maincanopy_origin",4,"origin_class","Natural","maincanopy_origin!D4"
"maincanopy_origin",5,"origin_class","Natural","maincanopy_origin!D5"
"maincanopy_origin",6,"origin_class","Artificial","maincanopy_origin!D6"
"maincanopy_origin",7,"origin_class","Artificial","maincanopy_origin!D7"
"maincanopy_origin",8,"origin_class","Artificial","maincanopy_origin!D8"
"maincanopy_origin",9,"origin_class","Artificial","maincanopy_origin!D9"
"maincanopy_origin",10,"origin_class","Artificial","maincanopy_origin!D10"
"maincanopy_origin",11,"origin_class","Artificial","maincanopy_origin!D11"
"maincanopy_origin",12,"origin_class","Unknown","maincanopy_origin!D12"
"maincanopy_origin",13,"origin_class","Unknown","maincanopy_origin!D13"
"maincanopy_origin",1,"use_when","use_when","maincanopy_origin!E1"
"maincanopy_origin",2,"use_when","Use when the current main canopy developed after a fire event that removed or opened the previous stand.","maincanopy_origin!E2"
"maincanopy_origin",3,"use_when","Use when the current main canopy developed after wind disturbance, such as windthrow or blowdown.","maincanopy_origin!E3"
"maincanopy_origin",4,"use_when","Use when the current main canopy developed after insect disturbance changed the stand structure.","maincanopy_origin!E4"
"maincanopy_origin",5,"use_when","Use when the current main canopy developed through natural succession after a previous non-forest, disturbed, or open condition.","maincanopy_origin!E5"
"maincanopy_origin",6,"use_when","Use when the current main canopy developed after clearcut harvesting, and the post-harvest regeneration pathway may be natural, planted, seeded, mixed, or unknown.","maincanopy_origin!E6"
"maincanopy_origin",7,"use_when","Use when the current main canopy developed after partial harvesting, where remaining trees and/or post-harvest regeneration contributed to the current canopy.","maincanopy_origin!E7"
"maincanopy_origin",8,"use_when","Use when the current main canopy developed after selection harvesting, where selected trees were removed while retaining some forest cover.","maincanopy_origin!E8"
"maincanopy_origin",9,"use_when","Use when the current main canopy developed after the first harvest of the original stand, and the harvest method is not recorded.","maincanopy_origin!E9"
"maincanopy_origin",10,"use_when","Use when the current main canopy developed after a second harvest, and the harvest method is not recorded.","maincanopy_origin!E10"
"maincanopy_origin",11,"use_when","Use when the current main canopy developed on land that was formerly open field, agricultural land, pasture, or other non-forest/open land.","maincanopy_origin!E11"
"maincanopy_origin",12,"use_when","Use when the current main canopy origin is known but not represented by the listed categories. Retain source details where available.","maincanopy_origin!E12"
"maincanopy_origin",13,"use_when","Use when the value is missing, unknown, or not reported.","maincanopy_origin!E13"
"src_frame_name",1,"src_frame_name","src_frame_name","src_frame_name!A1"
"src_frame_name",2,"src_frame_name","MP","src_frame_name!A2"
"src_frame_name",3,"src_frame_name","LTP","src_frame_name!A3"
"src_frame_name",4,"src_frame_name","SUP","src_frame_name!A4"
"src_frame_name",5,"src_frame_name","STP","src_frame_name!A5"
"src_frame_name",6,"src_frame_name","VP","src_frame_name!A6"
"src_frame_name",7,"src_frame_name","RP","src_frame_name!A7"
"src_frame_name",8,"src_frame_name","MIP","src_frame_name!A8"
"src_frame_name",9,"src_frame_name","RVP","src_frame_name!A9"
"src_frame_name",10,"src_frame_name","VRP","src_frame_name!A10"
"src_frame_name",11,"src_frame_name","OP","src_frame_name!A11"
"src_frame_name",12,"src_frame_name","X","src_frame_name!A12"
"src_frame_name",1,"description","description","src_frame_name!B1"
"src_frame_name",2,"description","Main plot","src_frame_name!B2"
"src_frame_name",3,"description","Large tree plot","src_frame_name!B3"
"src_frame_name",4,"description","Subplot","src_frame_name!B4"
"src_frame_name",5,"description","Small tree plot","src_frame_name!B5"
"src_frame_name",6,"description","Vegetation plot","src_frame_name!B6"
"src_frame_name",7,"description","Regeneration plot","src_frame_name!B7"
"src_frame_name",8,"description","Micro plot","src_frame_name!B8"
"src_frame_name",9,"description","Regeneration vegetation plot","src_frame_name!B9"
"src_frame_name",10,"description","Variable Radius Plot","src_frame_name!B10"
"src_frame_name",11,"description","Outside Plot","src_frame_name!B11"
"src_frame_name",12,"description","Missing","src_frame_name!B12"
"src_frame_name",1,"magp_frame_type","magp_frame_type","src_frame_name!C1"
"src_frame_name",2,"magp_frame_type","M","src_frame_name!C2"
"src_frame_name",3,"magp_frame_type","M","src_frame_name!C3"
"src_frame_name",4,"magp_frame_type","S","src_frame_name!C4"
"src_frame_name",5,"magp_frame_type","S","src_frame_name!C5"
"src_frame_name",6,"magp_frame_type","R","src_frame_name!C6"
"src_frame_name",7,"magp_frame_type","R","src_frame_name!C7"
"src_frame_name",8,"magp_frame_type","R","src_frame_name!C8"
"src_frame_name",9,"magp_frame_type","R","src_frame_name!C9"
"src_frame_name",10,"magp_frame_type","V","src_frame_name!C10"
"src_frame_name",11,"magp_frame_type","O","src_frame_name!C11"
"src_frame_name",12,"magp_frame_type",,"src_frame_name!C12"
"src_frame_name",1,"use_when","use_when","src_frame_name!D1"
"src_frame_name",2,"use_when",,"src_frame_name!D2"
"src_frame_name",3,"use_when",,"src_frame_name!D3"
"src_frame_name",4,"use_when",,"src_frame_name!D4"
"src_frame_name",5,"use_when",,"src_frame_name!D5"
"src_frame_name",6,"use_when",,"src_frame_name!D6"
"src_frame_name",7,"use_when",,"src_frame_name!D7"
"src_frame_name",8,"use_when",,"src_frame_name!D8"
"src_frame_name",9,"use_when","as in ON","src_frame_name!D9"
"src_frame_name",10,"use_when",,"src_frame_name!D10"
"src_frame_name",11,"use_when",,"src_frame_name!D11"
"src_frame_name",12,"use_when",,"src_frame_name!D12"
"frame_type",1,"frame_type","frame_type","frame_type!A1"
"frame_type",2,"frame_type","M","frame_type!A2"
"frame_type",3,"frame_type","S","frame_type!A3"
"frame_type",4,"frame_type","R","frame_type!A4"
"frame_type",5,"frame_type","O","frame_type!A5"
"frame_type",6,"frame_type","V","frame_type!A6"
"frame_type",1,"description","description","frame_type!B1"
"frame_type",2,"description","main/large tree plot","frame_type!B2"
"frame_type",3,"description","subplot/small tree plot","frame_type!B3"
"frame_type",4,"description","regeneration subplot (tagged and/or tallied)","frame_type!B4"
"frame_type",5,"description","outside plot","frame_type!B5"
"frame_type",6,"description","variable-radius plot","frame_type!B6"
"frame_type",1,"use_when","use_when","frame_type!C1"
"frame_type",2,"use_when",,"frame_type!C2"
"frame_type",3,"use_when",,"frame_type!C3"
"frame_type",4,"use_when","Use for regeneration sampling frames where stems may be individually measured, tallied, or both.","frame_type!C4"
"frame_type",5,"use_when",,"frame_type!C5"
"frame_type",6,"use_when",,"frame_type!C6"
"tag_type",1,"tag_type","tag_type","tag_type!A1"
"tag_type",2,"tag_type","P","tag_type!A2"
"tag_type",3,"tag_type","T","tag_type!A3"
"tag_type",4,"tag_type","Z","tag_type!A4"
"tag_type",1,"description","description","tag_type!B1"
"tag_type",2,"description","Permanent","tag_type!B2"
"tag_type",3,"description","Temporary","tag_type!B3"
"tag_type",4,"description","Not applicable","tag_type!B4"
"tag_type",1,"use_when","use_when","tag_type!C1"
"tag_type",2,"use_when","Use when the same tree number refers to the same tree across visits. A physical tag is attached.","tag_type!C2"
"tag_type",3,"use_when","Use when the same tree number does not necessarily refer to the same tree across visits. Trees are not physically tagged.","tag_type!C3"
"tag_type",4,"use_when",,"tag_type!C4"
"meas_meth",1,"meas_meth","meas_meth","meas_meth!A1"
"meas_meth",2,"meas_meth","M","meas_meth!A2"
"meas_meth",3,"meas_meth","P","meas_meth!A3"
"meas_meth",4,"meas_meth","C","meas_meth!A4"
"meas_meth",5,"meas_meth","CM","meas_meth!A5"
"meas_meth",6,"meas_meth","X","meas_meth!A6"
"meas_meth",1,"description","description","meas_meth!B1"
"meas_meth",2,"description","Measured individual tree record","meas_meth!B2"
"meas_meth",3,"description","Class-based individual record","meas_meth!B3"
"meas_meth",4,"description","Count/tally record","meas_meth!B4"
"meas_meth",5,"description","Count and/or individually measured","meas_meth!B5"
"meas_meth",6,"description","Missing","meas_meth!B6"
"meas_meth",1,"use_when","use_when","meas_meth!C1"
"meas_meth",2,"use_when","Use when individual tree measurements are recorded directly.","meas_meth!C2"
"meas_meth",3,"use_when","Use when an individual tree, sapling, or seedling is recorded using a class-based value, such as a DBH class midpoint.","meas_meth!C3"
"meas_meth",4,"use_when","Use when multiple trees, saplings, or seedlings with the same attributes are summarized in one row.","meas_meth!C4"
"meas_meth",5,"use_when","Use when the same sampling frame may contain count/tally records, individually measured records, or both.","meas_meth!C5"
"meas_meth",6,"use_when","Use when the value is missing, unknown, or not reported.","meas_meth!C6"
"bdry_meth",1,"bdry_meth","bdry_meth","bdry_meth!A1"
"bdry_meth",2,"bdry_meth","FLD","bdry_meth!A2"
"bdry_meth",3,"bdry_meth","WLK","bdry_meth!A3"
"bdry_meth",4,"bdry_meth","RMT","bdry_meth!A4"
"bdry_meth",5,"bdry_meth","RAT","bdry_meth!A5"
"bdry_meth",6,"bdry_meth","MIR","bdry_meth!A6"
"bdry_meth",7,"bdry_meth","REF","bdry_meth!A7"
"bdry_meth",8,"bdry_meth","DSP","bdry_meth!A8"
"bdry_meth",9,"bdry_meth","RAD","bdry_meth!A9"
"bdry_meth",10,"bdry_meth","HFP","bdry_meth!A10"
"bdry_meth",11,"bdry_meth","OTH","bdry_meth!A11"
"bdry_meth",12,"bdry_meth","X","bdry_meth!A12"
"bdry_meth",13,"bdry_meth","Z","bdry_meth!A13"
"bdry_meth",1,"old_code","old_code","bdry_meth!B1"
"bdry_meth",2,"old_code","2","bdry_meth!B2"
"bdry_meth",3,"old_code","3","bdry_meth!B3"
"bdry_meth",4,"old_code","4","bdry_meth!B4"
"bdry_meth",5,"old_code","5","bdry_meth!B5"
"bdry_meth",6,"old_code","6","bdry_meth!B6"
"bdry_meth",7,"old_code","7","bdry_meth!B7"
"bdry_meth",8,"old_code","8","bdry_meth!B8"
"bdry_meth",9,"old_code","9","bdry_meth!B9"
"bdry_meth",10,"old_code","10","bdry_meth!B10"
"bdry_meth",11,"old_code","11","bdry_meth!B11"
"bdry_meth",12,"old_code","0","bdry_meth!B12"
"bdry_meth",13,"old_code","1","bdry_meth!B13"
"bdry_meth",1,"description","description","bdry_meth!C1"
"bdry_meth",2,"description","Field mapped","bdry_meth!C2"
"bdry_meth",3,"description","Walkthrough","bdry_meth!C3"
"bdry_meth",4,"description","Remotely mapped","bdry_meth!C4"
"bdry_meth",5,"description","Ratio method","bdry_meth!C5"
"bdry_meth",6,"description","Mirage method","bdry_meth!C6"
"bdry_meth",7,"description","Reflection method","bdry_meth!C7"
"bdry_meth",8,"description","Displacement method","bdry_meth!C8"
"bdry_meth",9,"description","Radius method","bdry_meth!C9"
"bdry_meth",10,"description","Half-plot method","bdry_meth!C10"
"bdry_meth",11,"description","Other","bdry_meth!C11"
"bdry_meth",12,"description","Missing","bdry_meth!C12"
"bdry_meth",13,"description","Not applicable","bdry_meth!C13"
"bdry_meth",1,"use_when","use_when","bdry_meth!D1"
"bdry_meth",2,"use_when","Use when forest-condition boundaries were mapped in the field to the plot fixed-radius boundary.","bdry_meth!D2"
"bdry_meth",3,"use_when","Use when the walkthrough method was used to adjust individual tree weights.","bdry_meth!D3"
"bdry_meth",4,"use_when","Use when forest-condition boundaries were mapped using GIS forest and non-forest inventory layers.","bdry_meth!D4"
"bdry_meth",5,"use_when","Use when boundary correction was applied using a ratio-based adjustment method.","bdry_meth!D5"
"bdry_meth",6,"use_when","Use when boundary correction was applied using the mirage method.","bdry_meth!D6"
"bdry_meth",7,"use_when","Use when boundary correction was applied using the reflection method.","bdry_meth!D7"
"bdry_meth",8,"use_when","Use when boundary correction was applied using the displacement method.","bdry_meth!D8"
"bdry_meth",9,"use_when","Use when boundary correction was applied using the radius method.","bdry_meth!D9"
"bdry_meth",10,"use_when","Use when boundary correction was applied using the half-plot method.","bdry_meth!D10"
"bdry_meth",11,"use_when","Use when the boundary correction method is known but not represented by the standard codes.","bdry_meth!D11"
"bdry_meth",12,"use_when","Use when the value is missing, unknown, or not reported.","bdry_meth!D12"
"bdry_meth",13,"use_when","Use when the attribute does not apply to the record.","bdry_meth!D13"
"bdry_meth",1,"source","source","bdry_meth!E1"
"bdry_meth",2,"source","Plotcop","bdry_meth!E2"
"bdry_meth",3,"source","Plotcop","bdry_meth!E3"
"bdry_meth",4,"source","Plotcop","bdry_meth!E4"
"bdry_meth",5,"source","Maybe better cite Kershaw et al. (2016) pg. 284-287","bdry_meth!E5"
"bdry_meth",6,"source","Maybe better cite Kershaw et al. (2016) pg. 284-287","bdry_meth!E6"
"bdry_meth",7,"source","Maybe better cite Kershaw et al. (2016) pg. 284-287","bdry_meth!E7"
"bdry_meth",8,"source","Maybe better cite Kershaw et al. (2016) pg. 284-287","bdry_meth!E8"
"bdry_meth",9,"source","Maybe better cite Kershaw et al. (2016) pg. 284-287","bdry_meth!E9"
"bdry_meth",10,"source","Maybe better cite Kershaw et al. (2016) pg. 284-287","bdry_meth!E10"
"bdry_meth",11,"source","Maybe better cite Kershaw et al. (2016) pg. 284-287","bdry_meth!E11"
"bdry_meth",12,"source","Plotcop","bdry_meth!E12"
"bdry_meth",13,"source","Plotcop","bdry_meth!E13"
"canopy_structure",1,"canopy_structure","canopy_structure","canopy_structure!A1"
"canopy_structure",2,"canopy_structure","S","canopy_structure!A2"
"canopy_structure",3,"canopy_structure","SV","canopy_structure!A3"
"canopy_structure",4,"canopy_structure","T","canopy_structure!A4"
"canopy_structure",5,"canopy_structure","TV","canopy_structure!A5"
"canopy_structure",6,"canopy_structure","C","canopy_structure!A6"
"canopy_structure",7,"canopy_structure","X","canopy_structure!A7"
"canopy_structure",8,"canopy_structure","Z","canopy_structure!A8"
"canopy_structure",1,"description","description","canopy_structure!B1"
"canopy_structure",2,"description","Single canopy","canopy_structure!B2"
"canopy_structure",3,"description","Single canopy with veterans","canopy_structure!B3"
"canopy_structure",4,"description","Two canopy","canopy_structure!B4"
"canopy_structure",5,"description","Two canopy with veterans","canopy_structure!B5"
"canopy_structure",6,"description","Complex","canopy_structure!B6"
"canopy_structure",7,"description","Missing","canopy_structure!B7"
"canopy_structure",8,"description","Not applicable","canopy_structure!B8"
"canopy_structure",1,"use_when","use_when","canopy_structure!C1"
"canopy_structure",2,"use_when","Use when the stand has one main canopy layer.","canopy_structure!C2"
"canopy_structure",3,"use_when","Use when the stand has one main canopy layer plus scattered veteran/remnant trees from a previous generation.","canopy_structure!C3"
"canopy_structure",4,"use_when","Use when the stand has two distinct canopy layers, usually an upper and lower tree layer.","canopy_structure!C4"
"canopy_structure",5,"use_when","Use when the stand has two distinct canopy layers plus scattered veteran/remnant trees from a previous generation.","canopy_structure!C5"
"canopy_structure",6,"use_when","Use when the canopy has multiple or irregular layers and cannot be clearly described as single or two canopy.","canopy_structure!C6"
"canopy_structure",7,"use_when","Use when the value is missing, unknown, or not reported.","canopy_structure!C7"
"canopy_structure",8,"use_when","Use when the attribute does not apply to the record.","canopy_structure!C8"
"tree_origin",1,"tree_origin","tree_origin","tree_origin!A1"
"tree_origin",2,"tree_origin","AP","tree_origin!A2"
"tree_origin",3,"tree_origin","APG","tree_origin!A3"
"tree_origin",4,"tree_origin","APR","tree_origin!A4"
"tree_origin",5,"tree_origin","APU","tree_origin!A5"
"tree_origin",6,"tree_origin","AS","tree_origin!A6"
"tree_origin",7,"tree_origin","NN","tree_origin!A7"
"tree_origin",8,"tree_origin","NB","tree_origin!A8"
"tree_origin",9,"tree_origin","NC","tree_origin!A9"
"tree_origin",10,"tree_origin","NSU","tree_origin!A10"
"tree_origin",11,"tree_origin","NSC","tree_origin!A11"
"tree_origin",12,"tree_origin","NSE","tree_origin!A12"
"tree_origin",13,"tree_origin","NSS","tree_origin!A13"
"tree_origin",14,"tree_origin","NL","tree_origin!A14"
"tree_origin",15,"tree_origin","NR","tree_origin!A15"
"tree_origin",16,"tree_origin","NST","tree_origin!A16"
"tree_origin",17,"tree_origin","NAD","tree_origin!A17"
"tree_origin",18,"tree_origin","NVT","tree_origin!A18"
"tree_origin",19,"tree_origin","X","tree_origin!A19"
"tree_origin",1,"legacy_code","legacy_code","tree_origin!B1"
"tree_origin",2,"legacy_code","P","tree_origin!B2"
"tree_origin",3,"legacy_code","7","tree_origin!B3"
"tree_origin",4,"legacy_code","6","tree_origin!B4"
"tree_origin",5,"legacy_code","8","tree_origin!B5"
"tree_origin",6,"legacy_code","5","tree_origin!B6"
"tree_origin",7,"legacy_code","N","tree_origin!B7"
"tree_origin",8,"legacy_code","B","tree_origin!B8"
"tree_origin",9,"legacy_code","C","tree_origin!B9"
"tree_origin",10,"legacy_code","SU","tree_origin!B10"
"tree_origin",11,"legacy_code","2","tree_origin!B11"
"tree_origin",12,"legacy_code","SE","tree_origin!B12"
"tree_origin",13,"legacy_code","SS","tree_origin!B13"
"tree_origin",14,"legacy_code","L","tree_origin!B14"
"tree_origin",15,"legacy_code","R","tree_origin!B15"
"tree_origin",16,"legacy_code","ST","tree_origin!B16"
"tree_origin",17,"legacy_code","9","tree_origin!B17"
"tree_origin",18,"legacy_code","10","tree_origin!B18"
"tree_origin",19,"legacy_code","U","tree_origin!B19"
"tree_origin",1,"full_name","full_name","tree_origin!C1"
"tree_origin",2,"full_name","Planted","tree_origin!C2"
"tree_origin",3,"full_name","Planted, genetically improved stock","tree_origin!C3"
"tree_origin",4,"full_name","Planted, regular stock","tree_origin!C4"
"tree_origin",5,"full_name","Planted, stock unknown or mixed","tree_origin!C5"
"tree_origin",6,"full_name","Artificially seeded","tree_origin!C6"
"tree_origin",7,"full_name","Natural but unknown","tree_origin!C7"
"tree_origin",8,"full_name","Branch","tree_origin!C8"
"tree_origin",9,"full_name","Coppice","tree_origin!C9"
"tree_origin",10,"full_name","Sucker","tree_origin!C10"
"tree_origin",11,"full_name","Sucker or coppice","tree_origin!C11"
"tree_origin",12,"full_name","Naturally seeded","tree_origin!C12"
"tree_origin",13,"full_name","Seed or sucker","tree_origin!C13"
"tree_origin",14,"full_name","Layering","tree_origin!C14"
"tree_origin",15,"full_name","Residual","tree_origin!C15"
"tree_origin",16,"full_name","Stump sprout","tree_origin!C16"
"tree_origin",17,"full_name","Advanced regeneration","tree_origin!C17"
"tree_origin",18,"full_name","Veteran/remnant tree","tree_origin!C18"
"tree_origin",19,"full_name","Missing","tree_origin!C19"
"tree_origin",1,"origin_class","origin_class","tree_origin!D1"
"tree_origin",2,"origin_class","A","tree_origin!D2"
"tree_origin",3,"origin_class","A","tree_origin!D3"
"tree_origin",4,"origin_class","A","tree_origin!D4"
"tree_origin",5,"origin_class","A","tree_origin!D5"
"tree_origin",6,"origin_class","A","tree_origin!D6"
"tree_origin",7,"origin_class","N","tree_origin!D7"
"tree_origin",8,"origin_class","N","tree_origin!D8"
"tree_origin",9,"origin_class","N","tree_origin!D9"
"tree_origin",10,"origin_class","N","tree_origin!D10"
"tree_origin",11,"origin_class","N","tree_origin!D11"
"tree_origin",12,"origin_class","N","tree_origin!D12"
"tree_origin",13,"origin_class","N","tree_origin!D13"
"tree_origin",14,"origin_class","N","tree_origin!D14"
"tree_origin",15,"origin_class","N","tree_origin!D15"
"tree_origin",16,"origin_class","N","tree_origin!D16"
"tree_origin",17,"origin_class","N","tree_origin!D17"
"tree_origin",18,"origin_class","N","tree_origin!D18"
"tree_origin",19,"origin_class","U","tree_origin!D19"
"tree_origin",1,"detailed_description","detailed_description","tree_origin!E1"
"tree_origin",2,"detailed_description","Tree was artificially established by planting, usually as a seedling or sapling during reforestation, afforestation, or restoration.","tree_origin!E2"
"tree_origin",3,"detailed_description","Tree was planted using genetically improved planting stock.","tree_origin!E3"
"tree_origin",4,"detailed_description","Tree was planted using regular planting stock.","tree_origin!E4"
"tree_origin",5,"detailed_description","Tree was planted, but the planting stock type is unknown or mixed.","tree_origin!E5"
"tree_origin",6,"detailed_description","Tree was established through human-assisted seeding.","tree_origin!E6"
"tree_origin",7,"detailed_description","Tree regenerated naturally without direct planting or artificial seeding. The specific natural regeneration mechanism may be unknown.","tree_origin!E7"
"tree_origin",8,"detailed_description","Tree regenerated from a branch or branch-derived material. Use only when explicitly reported by the source.","tree_origin!E8"
"tree_origin",9,"detailed_description","Tree regenerated vegetatively from stump or root sprouts after cutting or damage.","tree_origin!E9"
"tree_origin",10,"detailed_description","Tree developed from a root sprout or sucker connected to an existing root system.","tree_origin!E10"
"tree_origin",11,"detailed_description","Tree regenerated vegetatively from a sucker or coppice origin. Use when the source combines sucker from roots/base of a tree with coppice from downed logs, stumps, or snags, and does not distinguish the exact mechanism.","tree_origin!E11"
"tree_origin",12,"detailed_description","Tree developed naturally from seed.","tree_origin!E12"
"tree_origin",13,"detailed_description","Tree originated from either seed or sucker, but the source does not distinguish which mechanism was responsible.","tree_origin!E13"
"tree_origin",14,"detailed_description","Tree developed when a branch or stem rooted while still connected to the parent plant, later forming a new stem.","tree_origin!E14"
"tree_origin",15,"detailed_description","Tree survived from a previous stand or disturbance and remained on site while a new stand developed around it.","tree_origin!E15"
"tree_origin",16,"detailed_description","Tree developed as a new shoot from the stump of a cut, broken, or damaged tree.","tree_origin!E16"
"tree_origin",17,"detailed_description","Tree was established before the harvest date and remained on site after harvest.","tree_origin!E17"
"tree_origin",18,"detailed_description","Tree is a veteran, remnant, or super-dominant tree retained from a previous generation.","tree_origin!E18"
"tree_origin",19,"detailed_description","Tree origin is unknown, not recorded, or cannot be confidently inferred from the source information.","tree_origin!E19"
"tree_loc",1,"tree_loc","tree_loc","tree_loc!A1"
"tree_loc",2,"tree_loc","X","tree_loc!A2"
"tree_loc",3,"tree_loc","INS","tree_loc!A3"
"tree_loc",4,"tree_loc","INM","tree_loc!A4"
"tree_loc",5,"tree_loc","OUT","tree_loc!A5"
"tree_loc",6,"tree_loc","INV","tree_loc!A6"
"tree_loc",7,"tree_loc","INR","tree_loc!A7"
"tree_loc",8,"tree_loc","ISR","tree_loc!A8"
"tree_loc",9,"tree_loc","UNK","tree_loc!A9"
"tree_loc",1,"description","description","tree_loc!B1"
"tree_loc",2,"description","Missing","tree_loc!B2"
"tree_loc",3,"description","The tree is located within the small/sub plot","tree_loc!B3"
"tree_loc",4,"description","The tree is located within the main tree plot","tree_loc!B4"
"tree_loc",5,"description","The tree is located outside the main tree plot","tree_loc!B5"
"tree_loc",6,"description","The tree is located within the variable plot","tree_loc!B6"
"tree_loc",7,"description","The tree is located within the regeneration","tree_loc!B7"
"tree_loc",8,"description","The tree is located within the sapling and/or regeneration plot","tree_loc!B8"
"tree_loc",9,"description","Reported as unkown ","tree_loc!B9"
"tree_loc",1,"use_when","use_when","tree_loc!C1"
"tree_loc",2,"use_when",,"tree_loc!C2"
"tree_loc",3,"use_when",,"tree_loc!C3"
"tree_loc",4,"use_when",,"tree_loc!C4"
"tree_loc",5,"use_when",,"tree_loc!C5"
"tree_loc",6,"use_when",,"tree_loc!C6"
"tree_loc",7,"use_when",,"tree_loc!C7"
"tree_loc",8,"use_when",,"tree_loc!C8"
"tree_loc",9,"use_when",,"tree_loc!C9"
"tree_type",1,"tree_type","tree_type","tree_type!A1"
"tree_type",2,"tree_type","A","tree_type!A2"
"tree_type",3,"tree_type","H","tree_type!A3"
"tree_type",4,"tree_type","L","tree_type!A4"
"tree_type",5,"tree_type","S","tree_type!A5"
"tree_type",6,"tree_type","I","tree_type!A6"
"tree_type",7,"tree_type","ST","tree_type!A7"
"tree_type",8,"tree_type","BT","tree_type!A8"
"tree_type",9,"tree_type","TH","tree_type!A9"
"tree_type",10,"tree_type","LS","tree_type!A10"
"tree_type",11,"tree_type","SS","tree_type!A11"
"tree_type",12,"tree_type","O","tree_type!A12"
"tree_type",13,"tree_type","OTH","tree_type!A13"
"tree_type",14,"tree_type","N","tree_type!A14"
"tree_type",15,"tree_type","RA","tree_type!A15"
"tree_type",16,"tree_type","RV","tree_type!A16"
"tree_type",17,"tree_type","M","tree_type!A17"
"tree_type",18,"tree_type","X","tree_type!A18"
"tree_type",1,"description","description","tree_type!B1"
"tree_type",2,"description","Age tree","tree_type!B2"
"tree_type",3,"description","Height tree","tree_type!B3"
"tree_type",4,"description","Large tree","tree_type!B4"
"tree_type",5,"description","Small tree","tree_type!B5"
"tree_type",6,"description","Ingrowth tree","tree_type!B6"
"tree_type",7,"description","Site tree","tree_type!B7"
"tree_type",8,"description","Buffer tree","tree_type!B8"
"tree_type",9,"description","Top-height tree","tree_type!B9"
"tree_type",10,"description","Leading-species tree","tree_type!B10"
"tree_type",11,"description","Second-species tree","tree_type!B11"
"tree_type",12,"description","Outside tree","tree_type!B12"
"tree_type",13,"description","Other tree","tree_type!B13"
"tree_type",14,"description","Unclassified non-residual/non-random tree","tree_type!B14"
"tree_type",15,"description","Random tree","tree_type!B15"
"tree_type",16,"description","Residual tree / veteran tree","tree_type!B16"
"tree_type",17,"description","Measurement tree","tree_type!B17"
"tree_type",18,"description","Missing","tree_type!B18"
"tree_type",1,"use_when","use_when","tree_type!C1"
"tree_type",2,"use_when","Use when the tree was selected for age measurement or age sampling.","tree_type!C2"
"tree_type",3,"use_when","Use when the tree was selected for height measurement or height-model calibration.","tree_type!C3"
"tree_type",4,"use_when","Use when the tree belongs to the large-tree measurement class.","tree_type!C4"
"tree_type",5,"use_when","Use when the tree belongs to the small-tree/sapling measurement class.","tree_type!C5"
"tree_type",6,"use_when","Use when the tree newly meets the measurement threshold after plot establishment or a previous measurement.","tree_type!C6"
"tree_type",7,"use_when","Use when the tree was selected to represent site conditions or support site-index/site-productivity assessment.","tree_type!C7"
"tree_type",8,"use_when","Use when the tree was measured in a buffer plot or buffer area.","tree_type!C8"
"tree_type",9,"use_when","Use when the tree was selected or used for top-height estimation.","tree_type!C9"
"tree_type",10,"use_when","Use when the tree represents the leading species for stand/site characterization.","tree_type!C10"
"tree_type",11,"use_when","Use when the tree represents the secondary species for stand/site characterization.","tree_type!C11"
"tree_type",12,"use_when","Use when the tree was measured outside the main plot boundary or outside the standard measurement area.","tree_type!C12"
"tree_type",13,"use_when","Use when the tree type is known but does not fit the listed categories.","tree_type!C13"
"tree_type",14,"use_when","Use when a non-residual and non-random tree cannot be classified into the standard tree-type categories (TH, SS, O, LS and X).","tree_type!C14"
"tree_type",15,"use_when","Use when the tree was randomly selected, with no requirement to be dominant or codominant, often to represent an age range in the sample.","tree_type!C15"
"tree_type",16,"use_when","Use for living remnants of a former stand, usually occasional large stems from an older age class than the stand as a whole.","tree_type!C16"
"tree_type",17,"use_when","Use for regular measured trees when the source does not distinguish large/small/height/age/site roles.","tree_type!C17"
"tree_type",18,"use_when","Use when the value is missing, unknown, or not reported.","tree_type!C18"
"tree_type",1,"code_src","code_src","tree_type!D1"
"tree_type",2,"code_src","MAGPlot","tree_type!D2"
"tree_type",3,"code_src","MAGPlot","tree_type!D3"
"tree_type",4,"code_src","MAGPlot","tree_type!D4"
"tree_type",5,"code_src","MAGPlot","tree_type!D5"
"tree_type",6,"code_src","MAGPlot","tree_type!D6"
"tree_type",7,"code_src","BC","tree_type!D7"
"tree_type",8,"code_src","BC","tree_type!D8"
"tree_type",9,"code_src","BC_th_tree","tree_type!D9"
"tree_type",10,"code_src","BC_th_tree","tree_type!D10"
"tree_type",11,"code_src","BC_th_tree","tree_type!D11"
"tree_type",12,"code_src","BC_th_tree","tree_type!D12"
"tree_type",13,"code_src","BC_th_tree","tree_type!D13"
"tree_type",14,"code_src","BC_th_tree","tree_type!D14"
"tree_type",15,"code_src","BC_RA_TREE","tree_type!D15"
"tree_type",16,"code_src","BC_residual","tree_type!D16"
"tree_type",17,"code_src","ChatGPT","tree_type!D17"
"tree_type",18,"code_src","ChatGPT","tree_type!D18"
"tree_change_class",1,"tree_change_class","tree_change_class","tree_change_class!A1"
"tree_change_class",2,"tree_change_class","S","tree_change_class!A2"
"tree_change_class",3,"tree_change_class","I","tree_change_class!A3"
"tree_change_class",4,"tree_change_class","M","tree_change_class!A4"
"tree_change_class",5,"tree_change_class","D","tree_change_class!A5"
"tree_change_class",6,"tree_change_class","H","tree_change_class!A6"
"tree_change_class",7,"tree_change_class","DR","tree_change_class!A7"
"tree_change_class",8,"tree_change_class","ID","tree_change_class!A8"
"tree_change_class",9,"tree_change_class","X","tree_change_class!A9"
"tree_change_class",1,"name","name","tree_change_class!B1"
"tree_change_class",2,"name","Survivor tree","tree_change_class!B2"
"tree_change_class",3,"name","Ingrowth tree","tree_change_class!B3"
"tree_change_class",4,"name","Mortality tree","tree_change_class!B4"
"tree_change_class",5,"name","Dead tree","tree_change_class!B5"
"tree_change_class",6,"name","Harvested tree","tree_change_class!B6"
"tree_change_class",7,"name","Dropped tree","tree_change_class!B7"
"tree_change_class",8,"name","Ingrowth Dead","tree_change_class!B8"
"tree_change_class",9,"name","Missing","tree_change_class!B9"
"tree_change_class",1,"use_when","use_when","tree_change_class!C1"
"tree_change_class",2,"use_when","Tree is alive between the current and previous measurement.","tree_change_class!C2"
"tree_change_class",3,"use_when","Tree was missing in the previous measurement and exceeds the minimum tagging limit at the current measurement.","tree_change_class!C3"
"tree_change_class",4,"use_when","Tree was alive in the previous measurement and dead in the current measurement.","tree_change_class!C4"
"tree_change_class",5,"use_when","Tree was dead standing in both the previous and current measurements.","tree_change_class!C5"
"tree_change_class",6,"use_when","tree alive in the previous measurement and harvested/removed at the current measurement.","tree_change_class!C6"
"tree_change_class",7,"use_when","Tree was incorrectly identified as a measure tree in the previous visit(s).","tree_change_class!C7"
"tree_change_class",8,"use_when","Tree was ingrowth and dead.","tree_change_class!C8"
"tree_change_class",9,"use_when","Use when the value is missing, unknown, or not reported.","tree_change_class!C9"
"tree_change_class",1,"code_src","code_src","tree_change_class!D1"
"tree_change_class",2,"code_src","BC","tree_change_class!D2"
"tree_change_class",3,"code_src","BC","tree_change_class!D3"
"tree_change_class",4,"code_src","BC","tree_change_class!D4"
"tree_change_class",5,"code_src","BC","tree_change_class!D5"
"tree_change_class",6,"code_src","BC_2025","tree_change_class!D6"
"tree_change_class",7,"code_src","BC","tree_change_class!D7"
"tree_change_class",8,"code_src","BC_2025","tree_change_class!D8"
"tree_change_class",9,"code_src",,"tree_change_class!D9"
"tree_stance",1,"tree_stance","tree_stance","tree_stance!A1"
"tree_stance",2,"tree_stance","S","tree_stance!A2"
"tree_stance",3,"tree_stance","F","tree_stance!A3"
"tree_stance",4,"tree_stance","L","tree_stance!A4"
"tree_stance",5,"tree_stance","X","tree_stance!A5"
"tree_stance",6,"tree_stance","Z","tree_stance!A6"
"tree_stance",1,"description","description","tree_stance!B1"
"tree_stance",2,"description","Standing tree","tree_stance!B2"
"tree_stance",3,"description","Fallen tree","tree_stance!B3"
"tree_stance",4,"description","Leaning tree","tree_stance!B4"
"tree_stance",5,"description","Missing","tree_stance!B5"
"tree_stance",6,"description","Not applicable","tree_stance!B6"
"tree_stance",1,"use_when","use_when","tree_stance!C1"
"tree_stance",2,"use_when","Use when the tree is upright or standing at the time of measurement.","tree_stance!C2"
"tree_stance",3,"use_when","Use when the tree has fallen and is no longer standing upright.","tree_stance!C3"
"tree_stance",4,"use_when","Use when the tree is still standing but noticeably leaning from vertical.","tree_stance!C4"
"tree_stance",5,"use_when","Use when the value is missing, unknown, or not reported.","tree_stance!C5"
"tree_stance",6,"use_when","Use when the attribute does not apply to the record.","tree_stance!C6"
"tree_status",1,"tree_status","tree_status","tree_status!A1"
"tree_status",2,"tree_status","L","tree_status!A2"
"tree_status",3,"tree_status","D","tree_status!A3"
"tree_status",4,"tree_status","C","tree_status!A4"
"tree_status",5,"tree_status","E","tree_status!A5"
"tree_status",6,"tree_status","G","tree_status!A6"
"tree_status",7,"tree_status","X","tree_status!A7"
"tree_status",1,"description","description","tree_status!B1"
"tree_status",2,"description","live","tree_status!B2"
"tree_status",3,"description","Dead","tree_status!B3"
"tree_status",4,"description","Cut","tree_status!B4"
"tree_status",5,"description","Exclude","tree_status!B5"
"tree_status",6,"description","Gone","tree_status!B6"
"tree_status",7,"description","Missing","tree_status!B7"
"tree_status",1,"use_when","use_when","tree_status!C1"
"tree_status",2,"use_when",,"tree_status!C2"
"tree_status",3,"use_when",,"tree_status!C3"
"tree_status",4,"use_when",,"tree_status!C4"
"tree_status",5,"use_when",,"tree_status!C5"
"tree_status",6,"use_when",,"tree_status!C6"
"tree_status",7,"use_when",,"tree_status!C7"
"dead_cause",1,"dead_cause","dead_cause","dead_cause!A1"
"dead_cause",2,"dead_cause","N","dead_cause!A2"
"dead_cause",3,"dead_cause","E","dead_cause!A3"
"dead_cause",4,"dead_cause","H","dead_cause!A4"
"dead_cause",5,"dead_cause","U","dead_cause!A5"
"dead_cause",6,"dead_cause","X","dead_cause!A6"
"dead_cause",7,"dead_cause","Z","dead_cause!A7"
"dead_cause",1,"description","description","dead_cause!B1"
"dead_cause",2,"description","Natural Process","dead_cause!B2"
"dead_cause",3,"description","Environmental Event","dead_cause!B3"
"dead_cause",4,"description","Human","dead_cause!B4"
"dead_cause",5,"description","Unknown","dead_cause!B5"
"dead_cause",6,"description","Missing","dead_cause!B6"
"dead_cause",7,"description","Not applicable","dead_cause!B7"
"dead_cause",1,"code_src","code_src","dead_cause!C1"
"dead_cause",2,"code_src","ON","dead_cause!C2"
"dead_cause",3,"code_src","ON","dead_cause!C3"
"dead_cause",4,"code_src","ON","dead_cause!C4"
"dead_cause",5,"code_src","ON","dead_cause!C5"
"dead_cause",6,"code_src","ON","dead_cause!C6"
"dead_cause",7,"code_src",,"dead_cause!C7"
"stem_cond",1,"stem_cond","stem_cond","stem_cond!A1"
"stem_cond",2,"stem_cond","B","stem_cond!A2"
"stem_cond",3,"stem_cond","D","stem_cond!A3"
"stem_cond",4,"stem_cond","I","stem_cond!A4"
"stem_cond",5,"stem_cond","T","stem_cond!A5"
"stem_cond",6,"stem_cond","S","stem_cond!A6"
"stem_cond",7,"stem_cond","X","stem_cond!A7"
"stem_cond",1,"description","description","stem_cond!B1"
"stem_cond",2,"description","Broken top.","stem_cond!B2"
"stem_cond",3,"description","Dead top.","stem_cond!B3"
"stem_cond",4,"description","Intact stem.","stem_cond!B4"
"stem_cond",5,"description","Broken and/or dead top.","stem_cond!B5"
"stem_cond",6,"description","Broken stem.","stem_cond!B6"
"stem_cond",7,"description","Missing","stem_cond!B7"
"stem_cond",1,"use_when","use_when","stem_cond!C1"
"stem_cond",2,"use_when",,"stem_cond!C2"
"stem_cond",3,"use_when",,"stem_cond!C3"
"stem_cond",4,"use_when",,"stem_cond!C4"
"stem_cond",5,"use_when",,"stem_cond!C5"
"stem_cond",6,"use_when",,"stem_cond!C6"
"stem_cond",7,"use_when",,"stem_cond!C7"
"crown_class",1,"crown_class","crown_class","crown_class!A1"
"crown_class",2,"crown_class","A","crown_class!A2"
"crown_class",3,"crown_class","C","crown_class!A3"
"crown_class",4,"crown_class","D","crown_class!A4"
"crown_class",5,"crown_class","E","crown_class!A5"
"crown_class",6,"crown_class","I","crown_class!A6"
"crown_class",7,"crown_class","OG","crown_class!A7"
"crown_class",8,"crown_class","OS","crown_class!A8"
"crown_class",9,"crown_class","OU","crown_class!A9"
"crown_class",10,"crown_class","S","crown_class!A10"
"crown_class",11,"crown_class","U","crown_class!A11"
"crown_class",12,"crown_class","V","crown_class!A12"
"crown_class",13,"crown_class","X","crown_class!A13"
"crown_class",14,"crown_class","Z","crown_class!A14"
"crown_class",1,"Description","Description","crown_class!B1"
"crown_class",2,"Description","Anomaly ","crown_class!B2"
"crown_class",3,"Description","Co-dominant","crown_class!B3"
"crown_class",4,"Description","Dominant","crown_class!B4"
"crown_class",5,"Description","Emergent","crown_class!B5"
"crown_class",6,"Description","Intermediate","crown_class!B6"
"crown_class",7,"Description","Open Grown","crown_class!B7"
"crown_class",8,"Description","Overtopped/Suppressed","crown_class!B8"
"crown_class",9,"Description","Open Understorey","crown_class!B9"
"crown_class",10,"Description","Suppressed","crown_class!B10"
"crown_class",11,"Description","Understorey","crown_class!B11"
"crown_class",12,"Description","Veteran/Wolf tree","crown_class!B12"
"crown_class",13,"Description","Missing","crown_class!B13"
"crown_class",14,"Description","Not applicable","crown_class!B14"
"crown_class",1,"use_when","use_when","crown_class!C1"
"crown_class",2,"use_when",,"crown_class!C2"
"crown_class",3,"use_when",,"crown_class!C3"
"crown_class",4,"use_when",,"crown_class!C4"
"crown_class",5,"use_when",,"crown_class!C5"
"crown_class",6,"use_when",,"crown_class!C6"
"crown_class",7,"use_when",,"crown_class!C7"
"crown_class",8,"use_when",,"crown_class!C8"
"crown_class",9,"use_when",,"crown_class!C9"
"crown_class",10,"use_when",,"crown_class!C10"
"crown_class",11,"use_when",,"crown_class!C11"
"crown_class",12,"use_when",,"crown_class!C12"
"crown_class",13,"use_when",,"crown_class!C13"
"crown_class",14,"use_when",,"crown_class!C14"
"crown_cond",1,"crown_cond","crown_cond","crown_cond!A1"
"crown_cond",2,"crown_cond","1","crown_cond!A2"
"crown_cond",3,"crown_cond","2","crown_cond!A3"
"crown_cond",4,"crown_cond","3","crown_cond!A4"
"crown_cond",5,"crown_cond","4","crown_cond!A5"
"crown_cond",6,"crown_cond","5","crown_cond!A6"
"crown_cond",7,"crown_cond","6","crown_cond!A7"
"crown_cond",8,"crown_cond","-1","crown_cond!A8"
"crown_cond",9,"crown_cond","-9","crown_cond!A9"
"crown_cond",1,"Description","Description","crown_cond!B1"
"crown_cond",2,"Description"," All foliage, twigs, and branches present.","crown_cond!B2"
"crown_cond",3,"Description","Some or all foliage lost, possibly some twigs lost, all branches usually present.","crown_cond!B3"
"crown_cond",4,"Description","No foliage, up to 50% of twigs lost, most branches present.","crown_cond!B4"
"crown_cond",5,"Description","No foliage or twigs, up to 50% of branches lost.","crown_cond!B5"
"crown_cond",6,"Description","No foliage or twigs. Some sound and rotting branch stubs may be present.","crown_cond!B6"
"crown_cond",7,"Description","No foliage, twigs, branches, or branch stubs.","crown_cond!B7"
"crown_cond",8,"Description","Missing","crown_cond!B8"
"crown_cond",9,"Description","Not applicable","crown_cond!B9"
"crown_cond",1,"use_when","use_when","crown_cond!C1"
"crown_cond",2,"use_when",,"crown_cond!C2"
"crown_cond",3,"use_when",,"crown_cond!C3"
"crown_cond",4,"use_when",,"crown_cond!C4"
"crown_cond",5,"use_when",,"crown_cond!C5"
"crown_cond",6,"use_when",,"crown_cond!C6"
"crown_cond",7,"use_when",,"crown_cond!C7"
"crown_cond",8,"use_when","*correction","crown_cond!C8"
"crown_cond",9,"use_when","*correction","crown_cond!C9"
"wood_cond",1,"wood_cond","wood_cond","wood_cond!A1"
"wood_cond",2,"wood_cond","1","wood_cond!A2"
"wood_cond",3,"wood_cond","2","wood_cond!A3"
"wood_cond",4,"wood_cond","3","wood_cond!A4"
"wood_cond",5,"wood_cond","4","wood_cond!A5"
"wood_cond",6,"wood_cond","5","wood_cond!A6"
"wood_cond",7,"wood_cond","6","wood_cond!A7"
"wood_cond",8,"wood_cond","7","wood_cond!A8"
"wood_cond",9,"wood_cond","8","wood_cond!A9"
"wood_cond",10,"wood_cond","-1","wood_cond!A10"
"wood_cond",11,"wood_cond","-9","wood_cond!A11"
"wood_cond",1,"description","description","wood_cond!B1"
"wood_cond",2,"description"," No decay","wood_cond!B2"
"wood_cond",3,"description"," Probable limited internal decay and/or deformities.","wood_cond!B3"
"wood_cond",4,"description"," Limited decay, wood essentially hard.","wood_cond!B4"
"wood_cond",5,"description"," Wood mostly hard but decay spreading, soft wood present.","wood_cond!B5"
"wood_cond",6,"description"," Balance of hard and soft wood, spongy sections.","wood_cond!B6"
"wood_cond",7,"description"," More soft and spongy wood than hard wood.","wood_cond!B7"
"wood_cond",8,"description"," No more hard wood, all soft or spongy, powdery sections.","wood_cond!B8"
"wood_cond",9,"description"," Hollow shell, outer","wood_cond!B9"
"wood_cond",10,"description","Missing","wood_cond!B10"
"wood_cond",11,"description","Not applicable","wood_cond!B11"
"wood_cond",1,"use_when","use_when","wood_cond!C1"
"wood_cond",2,"use_when",,"wood_cond!C2"
"wood_cond",3,"use_when",,"wood_cond!C3"
"wood_cond",4,"use_when",,"wood_cond!C4"
"wood_cond",5,"use_when",,"wood_cond!C5"
"wood_cond",6,"use_when",,"wood_cond!C6"
"wood_cond",7,"use_when",,"wood_cond!C7"
"wood_cond",8,"use_when",,"wood_cond!C8"
"wood_cond",9,"use_when",,"wood_cond!C9"
"wood_cond",10,"use_when","correction","wood_cond!C10"
"wood_cond",11,"use_when","correction","wood_cond!C11"
"ht_sampling_meth",1,"ht_sampling_meth","ht_sampling_meth","ht_sampling_meth!A1"
"ht_sampling_meth",2,"ht_sampling_meth","CE","ht_sampling_meth!A2"
"ht_sampling_meth",3,"ht_sampling_meth","VR","ht_sampling_meth!A3"
"ht_sampling_meth",4,"ht_sampling_meth","SY","ht_sampling_meth!A4"
"ht_sampling_meth",5,"ht_sampling_meth","RA","ht_sampling_meth!A5"
"ht_sampling_meth",6,"ht_sampling_meth","UH","ht_sampling_meth!A6"
"ht_sampling_meth",7,"ht_sampling_meth","UD","ht_sampling_meth!A7"
"ht_sampling_meth",8,"ht_sampling_meth","SJ","ht_sampling_meth!A8"
"ht_sampling_meth",9,"ht_sampling_meth","SI","ht_sampling_meth!A9"
"ht_sampling_meth",10,"ht_sampling_meth","X","ht_sampling_meth!A10"
"ht_sampling_meth",11,"ht_sampling_meth","Z","ht_sampling_meth!A11"
"ht_sampling_meth",1,"description","description","ht_sampling_meth!B1"
"ht_sampling_meth",2,"description","Census","ht_sampling_meth!B2"
"ht_sampling_meth",3,"description","Variable radius","ht_sampling_meth!B3"
"ht_sampling_meth",4,"description","Systematic","ht_sampling_meth!B4"
"ht_sampling_meth",5,"description","Random","ht_sampling_meth!B5"
"ht_sampling_meth",6,"description","Unbiased-Healthy","ht_sampling_meth!B6"
"ht_sampling_meth",7,"description","Unbiased-Dominant","ht_sampling_meth!B7"
"ht_sampling_meth",8,"description","Subjective","ht_sampling_meth!B8"
"ht_sampling_meth",9,"description","Subjective-SiteIndex","ht_sampling_meth!B9"
"ht_sampling_meth",10,"description","Missing","ht_sampling_meth!B10"
"ht_sampling_meth",11,"description","Not applicable","ht_sampling_meth!B11"
"ht_sampling_meth",1,"plotcop_code","plotcop_code","ht_sampling_meth!C1"
"ht_sampling_meth",2,"plotcop_code","1","ht_sampling_meth!C2"
"ht_sampling_meth",3,"plotcop_code","2","ht_sampling_meth!C3"
"ht_sampling_meth",4,"plotcop_code","3","ht_sampling_meth!C4"
"ht_sampling_meth",5,"plotcop_code","4","ht_sampling_meth!C5"
"ht_sampling_meth",6,"plotcop_code","5","ht_sampling_meth!C6"
"ht_sampling_meth",7,"plotcop_code","6","ht_sampling_meth!C7"
"ht_sampling_meth",8,"plotcop_code","7","ht_sampling_meth!C8"
"ht_sampling_meth",9,"plotcop_code","8","ht_sampling_meth!C9"
"ht_sampling_meth",10,"plotcop_code",,"ht_sampling_meth!C10"
"ht_sampling_meth",11,"plotcop_code",,"ht_sampling_meth!C11"
"ht_sampling_meth",1,"unbiased","unbiased","ht_sampling_meth!D1"
"ht_sampling_meth",2,"unbiased","1","ht_sampling_meth!D2"
"ht_sampling_meth",3,"unbiased","1","ht_sampling_meth!D3"
"ht_sampling_meth",4,"unbiased","1","ht_sampling_meth!D4"
"ht_sampling_meth",5,"unbiased","1","ht_sampling_meth!D5"
"ht_sampling_meth",6,"unbiased","0","ht_sampling_meth!D6"
"ht_sampling_meth",7,"unbiased","0","ht_sampling_meth!D7"
"ht_sampling_meth",8,"unbiased","0","ht_sampling_meth!D8"
"ht_sampling_meth",9,"unbiased","0","ht_sampling_meth!D9"
"ht_sampling_meth",10,"unbiased",,"ht_sampling_meth!D10"
"ht_sampling_meth",11,"unbiased",,"ht_sampling_meth!D11"
"ht_sampling_meth",1,"use_when","use_when","ht_sampling_meth!E1"
"ht_sampling_meth",2,"use_when","All trees have measured heights","ht_sampling_meth!E2"
"ht_sampling_meth",3,"use_when","Heights selected with probability proportional to basal area.","ht_sampling_meth!E3"
"ht_sampling_meth",4,"use_when","Every ith tree sampled for height.","ht_sampling_meth!E4"
"ht_sampling_meth",5,"use_when","Trees are randomly selected for height measurement.","ht_sampling_meth!E5"
"ht_sampling_meth",6,"use_when","Healthy: selection of only undamaged trees using a systematic or random selection method; i.e., heights could be used to calculate and unbiased measure of plot average height of healthy trees.","ht_sampling_meth!E6"
"ht_sampling_meth",7,"use_when","Dominant: selection of only co-dominant & dominant, typically undamaged using a systematic or random selection method; i.e., heights could be used to calculate and unbiased measure of plot codominate / dominant average height of healthy trees.","ht_sampling_meth!E7"
"ht_sampling_meth",8,"use_when","Heights selected subjectively by field crews for more than one tree attribute; e.g., only co/dominate trees, undamaged trees, or trees selected to meet species quotas; i.e., height sample could not be used to calculate a plot unbiased average height.","ht_sampling_meth!E8"
"ht_sampling_meth",9,"use_when","Height trees were subjectively selected as candidate site-index (typically dominant, healthy trees free from competition.","ht_sampling_meth!E9"
"ht_sampling_meth",10,"use_when","Use when the value is missing, unknown, or not reported.","ht_sampling_meth!E10"
"ht_sampling_meth",11,"use_when","Use when the attribute does not apply to the record.","ht_sampling_meth!E11"
"ht_sampling_meth",1,"code_src","code_src","ht_sampling_meth!F1"
"ht_sampling_meth",2,"code_src","plotcop","ht_sampling_meth!F2"
"ht_sampling_meth",3,"code_src","plotcop","ht_sampling_meth!F3"
"ht_sampling_meth",4,"code_src","plotcop","ht_sampling_meth!F4"
"ht_sampling_meth",5,"code_src","plotcop","ht_sampling_meth!F5"
"ht_sampling_meth",6,"code_src","plotcop","ht_sampling_meth!F6"
"ht_sampling_meth",7,"code_src","plotcop","ht_sampling_meth!F7"
"ht_sampling_meth",8,"code_src","plotcop","ht_sampling_meth!F8"
"ht_sampling_meth",9,"code_src","plotcop","ht_sampling_meth!F9"
"ht_sampling_meth",10,"code_src",,"ht_sampling_meth!F10"
"ht_sampling_meth",11,"code_src",,"ht_sampling_meth!F11"
"meas_est_height",1,"meas_est_height","meas_est_height","meas_est_height!A1"
"meas_est_height",2,"meas_est_height","M","meas_est_height!A2"
"meas_est_height",3,"meas_est_height","C","meas_est_height!A3"
"meas_est_height",4,"meas_est_height","E","meas_est_height!A4"
"meas_est_height",5,"meas_est_height","X","meas_est_height!A5"
"meas_est_height",6,"meas_est_height","Z","meas_est_height!A6"
"meas_est_height",7,"meas_est_height","P","meas_est_height!A7"
"meas_est_height",1,"description","description","meas_est_height!B1"
"meas_est_height",2,"description","Height measured in the field.","meas_est_height!B2"
"meas_est_height",3,"description","Height calculated (e.g., using height–diameter models).","meas_est_height!B3"
"meas_est_height",4,"description","Height estimated (e.g., by field crew or from class midpoints).","meas_est_height!B4"
"meas_est_height",5,"description","Missing","meas_est_height!B5"
"meas_est_height",6,"description","Not applicable","meas_est_height!B6"
"meas_est_height",7,"description","Predicted","meas_est_height!B7"
"meas_est_height",1,"use_when","use_when","meas_est_height!C1"
"meas_est_height",2,"use_when",,"meas_est_height!C2"
"meas_est_height",3,"use_when",,"meas_est_height!C3"
"meas_est_height",4,"use_when",,"meas_est_height!C4"
"meas_est_height",5,"use_when",,"meas_est_height!C5"
"meas_est_height",6,"use_when",,"meas_est_height!C6"
"meas_est_height",7,"use_when",,"meas_est_height!C7"
"meas_est_dbh",1,"meas_est_dbh","meas_est_dbh","meas_est_dbh!A1"
"meas_est_dbh",2,"meas_est_dbh","M","meas_est_dbh!A2"
"meas_est_dbh",3,"meas_est_dbh","E","meas_est_dbh!A3"
"meas_est_dbh",4,"meas_est_dbh","X","meas_est_dbh!A4"
"meas_est_dbh",5,"meas_est_dbh","Z","meas_est_dbh!A5"
"meas_est_dbh",1,"description","description","meas_est_dbh!B1"
"meas_est_dbh",2,"description","DBH measured in the field.","meas_est_dbh!B2"
"meas_est_dbh",3,"description","DBH estimated (e.g., midpoint of DBH range class).","meas_est_dbh!B3"
"meas_est_dbh",4,"description","Missing","meas_est_dbh!B4"
"meas_est_dbh",5,"description","Not applicable","meas_est_dbh!B5"
"meas_est_dbh",1,"use_when","use_when","meas_est_dbh!C1"
"meas_est_dbh",2,"use_when",,"meas_est_dbh!C2"
"meas_est_dbh",3,"use_when",,"meas_est_dbh!C3"
"meas_est_dbh",4,"use_when",,"meas_est_dbh!C4"
"meas_est_dbh",5,"use_when",,"meas_est_dbh!C5"
"hlc_meas_meth",1,"hlc_meas_meth","hlc_meas_meth","hlc_meas_meth!A1"
"hlc_meas_meth",2,"hlc_meas_meth","HLC","hlc_meas_meth!A2"
"hlc_meas_meth",3,"hlc_meas_meth","TCH","hlc_meas_meth!A3"
"hlc_meas_meth",4,"hlc_meas_meth","HLB","hlc_meas_meth!A4"
"hlc_meas_meth",5,"hlc_meas_meth","HLF","hlc_meas_meth!A5"
"hlc_meas_meth",6,"hlc_meas_meth","X","hlc_meas_meth!A6"
"hlc_meas_meth",7,"hlc_meas_meth","Z","hlc_meas_meth!A7"
"hlc_meas_meth",1,"description","description","hlc_meas_meth!B1"
"hlc_meas_meth",2,"description","Height to live crown base was provided in the source data.","hlc_meas_meth!B2"
"hlc_meas_meth",3,"description","HLC was not provided; it was calculated as: HLC = total height - crown height.","hlc_meas_meth!B3"
"hlc_meas_meth",4,"description","HLC was not provided; height to live branch was used instead.","hlc_meas_meth!B4"
"hlc_meas_meth",5,"description","HLC was not provided; height to live foliage was used instead.","hlc_meas_meth!B5"
"hlc_meas_meth",6,"description","Missing","hlc_meas_meth!B6"
"hlc_meas_meth",7,"description","Not applicable","hlc_meas_meth!B7"
"lcr_meas_meth",1,"lcr_meas_meth","lcr_meas_meth","lcr_meas_meth!A1"
"lcr_meas_meth",2,"lcr_meas_meth","G","lcr_meas_meth!A2"
"lcr_meas_meth",3,"lcr_meas_meth","C","lcr_meas_meth!A3"
"lcr_meas_meth",4,"lcr_meas_meth","X","lcr_meas_meth!A4"
"lcr_meas_meth",5,"lcr_meas_meth","Z","lcr_meas_meth!A5"
"lcr_meas_meth",1,"description","description","lcr_meas_meth!B1"
"lcr_meas_meth",2,"description","Given","lcr_meas_meth!B2"
"lcr_meas_meth",3,"description","Calculated as the ratio of crown length to height","lcr_meas_meth!B3"
"lcr_meas_meth",4,"description","Missing","lcr_meas_meth!B4"
"lcr_meas_meth",5,"description","Not applicable","lcr_meas_meth!B5"
"cw_meas_meth",1,"cw_meas_meth","cw_meas_meth","cw_meas_meth!A1"
"cw_meas_meth",2,"cw_meas_meth","G","cw_meas_meth!A2"
"cw_meas_meth",3,"cw_meas_meth","C","cw_meas_meth!A3"
"cw_meas_meth",4,"cw_meas_meth","D","cw_meas_meth!A4"
"cw_meas_meth",5,"cw_meas_meth","X","cw_meas_meth!A5"
"cw_meas_meth",6,"cw_meas_meth","Z","cw_meas_meth!A6"
"cw_meas_meth",1,"description","description","cw_meas_meth!B1"
"cw_meas_meth",2,"description","Given","cw_meas_meth!B2"
"cw_meas_meth",3,"description","Calculated from radii ","cw_meas_meth!B3"
"cw_meas_meth",4,"description","Mean of two diameters","cw_meas_meth!B4"
"cw_meas_meth",5,"description","Missing","cw_meas_meth!B5"
"cw_meas_meth",6,"description","Not applicable","cw_meas_meth!B6"
"deformity_type",1,"deformity_type","deformity_type","deformity_type!A1"
"deformity_type",2,"deformity_type","MD","deformity_type!A2"
"deformity_type",3,"deformity_type","BT","deformity_type!A3"
"deformity_type",4,"deformity_type","VF","deformity_type!A4"
"deformity_type",5,"deformity_type","FV","deformity_type!A5"
"deformity_type",6,"deformity_type","LE","deformity_type!A6"
"deformity_type",7,"deformity_type","HO","deformity_type!A7"
"deformity_type",8,"deformity_type","DG","deformity_type!A8"
"deformity_type",9,"deformity_type","FT","deformity_type!A9"
"deformity_type",10,"deformity_type","CL","deformity_type!A10"
"deformity_type",11,"deformity_type","SG","deformity_type!A11"
"deformity_type",12,"deformity_type","SI","deformity_type!A12"
"deformity_type",13,"deformity_type","ML","deformity_type!A13"
"deformity_type",14,"deformity_type","CI","deformity_type!A14"
"deformity_type",15,"deformity_type","EB","deformity_type!A15"
"deformity_type",16,"deformity_type","UF","deformity_type!A16"
"deformity_type",17,"deformity_type","FU","deformity_type!A17"
"deformity_type",18,"deformity_type","RC","deformity_type!A18"
"deformity_type",19,"deformity_type","BN","deformity_type!A19"
"deformity_type",20,"deformity_type","DB","deformity_type!A20"
"deformity_type",21,"deformity_type","SC","deformity_type!A21"
"deformity_type",22,"deformity_type","RI","deformity_type!A22"
"deformity_type",23,"deformity_type","AS","deformity_type!A23"
"deformity_type",24,"deformity_type","DT","deformity_type!A24"
"deformity_type",25,"deformity_type","DN","deformity_type!A25"
"deformity_type",26,"deformity_type","DP","deformity_type!A26"
"deformity_type",27,"deformity_type","BS","deformity_type!A27"
"deformity_type",28,"deformity_type","WD","deformity_type!A28"
"deformity_type",29,"deformity_type","FS","deformity_type!A29"
"deformity_type",30,"deformity_type","X","deformity_type!A30"
"deformity_type",1,"old_code","old_code","deformity_type!B1"
"deformity_type",2,"old_code","0","deformity_type!B2"
"deformity_type",3,"old_code","1","deformity_type!B3"
"deformity_type",4,"old_code","2","deformity_type!B4"
"deformity_type",5,"old_code","3","deformity_type!B5"
"deformity_type",6,"old_code","4","deformity_type!B6"
"deformity_type",7,"old_code","5","deformity_type!B7"
"deformity_type",8,"old_code","6","deformity_type!B8"
"deformity_type",9,"old_code","7","deformity_type!B9"
"deformity_type",10,"old_code","8","deformity_type!B10"
"deformity_type",11,"old_code","9","deformity_type!B11"
"deformity_type",12,"old_code","10","deformity_type!B12"
"deformity_type",13,"old_code","11","deformity_type!B13"
"deformity_type",14,"old_code","12","deformity_type!B14"
"deformity_type",15,"old_code","13","deformity_type!B15"
"deformity_type",16,"old_code","14","deformity_type!B16"
"deformity_type",17,"old_code","15","deformity_type!B17"
"deformity_type",18,"old_code","16","deformity_type!B18"
"deformity_type",19,"old_code","17","deformity_type!B19"
"deformity_type",20,"old_code","18","deformity_type!B20"
"deformity_type",21,"old_code","19","deformity_type!B21"
"deformity_type",22,"old_code","20","deformity_type!B22"
"deformity_type",23,"old_code","21","deformity_type!B23"
"deformity_type",24,"old_code","22","deformity_type!B24"
"deformity_type",25,"old_code","23","deformity_type!B25"
"deformity_type",26,"old_code","24","deformity_type!B26"
"deformity_type",27,"old_code","25","deformity_type!B27"
"deformity_type",28,"old_code","26","deformity_type!B28"
"deformity_type",29,"old_code","27","deformity_type!B29"
"deformity_type",30,"old_code",,"deformity_type!B30"
"deformity_type",1,"description","description","deformity_type!C1"
"deformity_type",2,"description","Multiple deformities (trees < 10 cm DBH)","deformity_type!C2"
"deformity_type",3,"description","Broken top","deformity_type!C3"
"deformity_type",4,"description","V fork","deformity_type!C4"
"deformity_type",5,"description","Forked below DBH (V fork)","deformity_type!C5"
"deformity_type",6,"description","Leaning (greater than 20 degrees)","deformity_type!C6"
"deformity_type",7,"description","Hollow","deformity_type!C7"
"deformity_type",8,"description","Debarking/girdling","deformity_type!C8"
"deformity_type",9,"description","Flat top (suppressed trees)","deformity_type!C9"
"deformity_type",10,"description","Crown loss","deformity_type!C10"
"deformity_type",11,"description","Stem injury (to the ground)","deformity_type!C11"
"deformity_type",12,"description","Stem injury","deformity_type!C12"
"deformity_type",13,"description","Multiple leader (conifers)","deformity_type!C13"
"deformity_type",14,"description","Crown injury","deformity_type!C14"
"deformity_type",15,"description","Epicormic branches","deformity_type!C15"
"deformity_type",16,"description","U fork","deformity_type!C16"
"deformity_type",17,"description","Forked below DBH (U fork)","deformity_type!C17"
"deformity_type",18,"description","Root exposure/compaction","deformity_type!C18"
"deformity_type",19,"description","Broken top - new leader","deformity_type!C19"
"deformity_type",20,"description","Die back (natural causes)","deformity_type!C20"
"deformity_type",21,"description","Severely crooked, bent and twisted","deformity_type!C21"
"deformity_type",22,"description","Root injury","deformity_type!C22"
"deformity_type",23,"description","Arched stem","deformity_type!C23"
"deformity_type",24,"description","Dead top","deformity_type!C24"
"deformity_type",25,"description","Dead top - new leader","deformity_type!C25"
"deformity_type",26,"description","Double plant","deformity_type!C26"
"deformity_type",27,"description","Basal sweep","deformity_type!C27"
"deformity_type",28,"description","Whole tree insect or disease","deformity_type!C28"
"deformity_type",29,"description","Fused stems","deformity_type!C29"
"deformity_type",30,"description","Missing","deformity_type!C30"
"deformity_type",1,"code_src","code_src","deformity_type!D1"
"deformity_type",2,"code_src","ON","deformity_type!D2"
"deformity_type",3,"code_src","ON","deformity_type!D3"
"deformity_type",4,"code_src","ON","deformity_type!D4"
"deformity_type",5,"code_src","ON","deformity_type!D5"
"deformity_type",6,"code_src","ON","deformity_type!D6"
"deformity_type",7,"code_src","ON","deformity_type!D7"
"deformity_type",8,"code_src","ON","deformity_type!D8"
"deformity_type",9,"code_src","ON","deformity_type!D9"
"deformity_type",10,"code_src","ON","deformity_type!D10"
"deformity_type",11,"code_src","ON","deformity_type!D11"
"deformity_type",12,"code_src","ON","deformity_type!D12"
"deformity_type",13,"code_src","ON","deformity_type!D13"
"deformity_type",14,"code_src","ON","deformity_type!D14"
"deformity_type",15,"code_src","ON","deformity_type!D15"
"deformity_type",16,"code_src","ON","deformity_type!D16"
"deformity_type",17,"code_src","ON","deformity_type!D17"
"deformity_type",18,"code_src","ON","deformity_type!D18"
"deformity_type",19,"code_src","ON","deformity_type!D19"
"deformity_type",20,"code_src","ON","deformity_type!D20"
"deformity_type",21,"code_src","ON","deformity_type!D21"
"deformity_type",22,"code_src","ON","deformity_type!D22"
"deformity_type",23,"code_src","ON","deformity_type!D23"
"deformity_type",24,"code_src","ON","deformity_type!D24"
"deformity_type",25,"code_src","ON","deformity_type!D25"
"deformity_type",26,"code_src","ON","deformity_type!D26"
"deformity_type",27,"code_src","ON","deformity_type!D27"
"deformity_type",28,"code_src","ON","deformity_type!D28"
"deformity_type",29,"code_src","ON","deformity_type!D29"
"deformity_type",30,"code_src",,"deformity_type!D30"
"deformity_type",1,"use_when","use_when","deformity_type!E1"
"deformity_type",2,"use_when",,"deformity_type!E2"
"deformity_type",3,"use_when",,"deformity_type!E3"
"deformity_type",4,"use_when",,"deformity_type!E4"
"deformity_type",5,"use_when",,"deformity_type!E5"
"deformity_type",6,"use_when",,"deformity_type!E6"
"deformity_type",7,"use_when",,"deformity_type!E7"
"deformity_type",8,"use_when",,"deformity_type!E8"
"deformity_type",9,"use_when",,"deformity_type!E9"
"deformity_type",10,"use_when",,"deformity_type!E10"
"deformity_type",11,"use_when",,"deformity_type!E11"
"deformity_type",12,"use_when",,"deformity_type!E12"
"deformity_type",13,"use_when",,"deformity_type!E13"
"deformity_type",14,"use_when",,"deformity_type!E14"
"deformity_type",15,"use_when",,"deformity_type!E15"
"deformity_type",16,"use_when",,"deformity_type!E16"
"deformity_type",17,"use_when",,"deformity_type!E17"
"deformity_type",18,"use_when",,"deformity_type!E18"
"deformity_type",19,"use_when",,"deformity_type!E19"
"deformity_type",20,"use_when",,"deformity_type!E20"
"deformity_type",21,"use_when",,"deformity_type!E21"
"deformity_type",22,"use_when",,"deformity_type!E22"
"deformity_type",23,"use_when",,"deformity_type!E23"
"deformity_type",24,"use_when",,"deformity_type!E24"
"deformity_type",25,"use_when",,"deformity_type!E25"
"deformity_type",26,"use_when",,"deformity_type!E26"
"deformity_type",27,"use_when",,"deformity_type!E27"
"deformity_type",28,"use_when",,"deformity_type!E28"
"deformity_type",29,"use_when",,"deformity_type!E29"
"deformity_type",30,"use_when",,"deformity_type!E30"
"damage_agent",1,"damage_agent","damage_agent","damage_agent!A1"
"damage_agent",2,"damage_agent","A","damage_agent!A2"
"damage_agent",3,"damage_agent","D","damage_agent!A3"
"damage_agent",4,"damage_agent","DLV","damage_agent!A4"
"damage_agent",5,"damage_agent","DM","damage_agent!A5"
"damage_agent",6,"damage_agent","DRA","damage_agent!A6"
"damage_agent",7,"damage_agent","DS","damage_agent!A7"
"damage_agent",8,"damage_agent","DSG","damage_agent!A8"
"damage_agent",9,"damage_agent","I","damage_agent!A9"
"damage_agent",10,"damage_agent","IBM","damage_agent!A10"
"damage_agent",11,"damage_agent","ID","damage_agent!A11"
"damage_agent",12,"damage_agent","IDE","damage_agent!A12"
"damage_agent",13,"damage_agent","IWR","damage_agent!A13"
"damage_agent",14,"damage_agent","IWT","damage_agent!A14"
"damage_agent",15,"damage_agent","N","damage_agent!A15"
"damage_agent",16,"damage_agent","NB","damage_agent!A16"
"damage_agent",17,"damage_agent","NH","damage_agent!A17"
"damage_agent",18,"damage_agent","NW","damage_agent!A18"
"damage_agent",19,"damage_agent","NY","damage_agent!A19"
"damage_agent",20,"damage_agent","T","damage_agent!A20"
"damage_agent",21,"damage_agent","TP","damage_agent!A21"
"damage_agent",22,"damage_agent","TPM","damage_agent!A22"
"damage_agent",23,"damage_agent","U","damage_agent!A23"
"damage_agent",24,"damage_agent","V","damage_agent!A24"
"damage_agent",25,"damage_agent","VM","damage_agent!A25"
"damage_agent",26,"damage_agent","X","damage_agent!A26"
"damage_agent",27,"damage_agent","Z","damage_agent!A27"
"damage_agent",1,"description","description","damage_agent!B1"
"damage_agent",2,"description","Animal (vertebrate) damage","damage_agent!B2"
"damage_agent",3,"description","Diseases (bacterial and fungal pathogens)","damage_agent!B3"
"damage_agent",4,"description","Diseases - disease-caused dieback of leader","damage_agent!B4"
"damage_agent",5,"description","Diseases - dwarf mistletoe","damage_agent!B5"
"damage_agent",6,"description","Diseases - root - Armillaria root disease","damage_agent!B6"
"damage_agent",7,"description","Diseases - stem","damage_agent!B7"
"damage_agent",8,"description","Diseases - stem - western/eastern gall rust","damage_agent!B8"
"damage_agent",9,"description","Insects","damage_agent!B9"
"damage_agent",10,"description","Insects - bark beetles - mountain pine beetle","damage_agent!B10"
"damage_agent",11,"description","Insects - defoliators","damage_agent!B11"
"damage_agent",12,"description","Insects - defoliators - spruce budworm","damage_agent!B12"
"damage_agent",13,"description","Insects - weevils - root collar weevils","damage_agent!B13"
"damage_agent",14,"description","Insects - weevils - terminal weevils","damage_agent!B14"
"damage_agent",15,"description","Non-biological caused injuries / defects","damage_agent!B15"
"damage_agent",16,"description","Non-biological - fire","damage_agent!B16"
"damage_agent",17,"description","Non-biological - hail","damage_agent!B17"
"damage_agent",18,"description","Non-biological - windthrow / fallen","damage_agent!B18"
"damage_agent",19,"description","Non-biological - snow or ice","damage_agent!B19"
"damage_agent",20,"description","Treatment / anthropogenic injuries","damage_agent!B20"
"damage_agent",21,"description","Treatment - planting","damage_agent!B21"
"damage_agent",22,"description","Treatment - planting - poor microsite or ground conditions","damage_agent!B22"
"damage_agent",23,"description","Defect/damage evident but causal agent unknown","damage_agent!B23"
"damage_agent",24,"description","Vegetation","damage_agent!B24"
"damage_agent",25,"description","Vegetation - mechanical damage from vegetation","damage_agent!B25"
"damage_agent",26,"description","Missing","damage_agent!B26"
"damage_agent",27,"description","Not applicable","damage_agent!B27"
"damage_agent",1,"code_src","code_src","damage_agent!C1"
"damage_agent",2,"code_src","AB temp","damage_agent!C2"
"damage_agent",3,"code_src","AB temp","damage_agent!C3"
"damage_agent",4,"code_src","AB temp","damage_agent!C4"
"damage_agent",5,"code_src","AB temp","damage_agent!C5"
"damage_agent",6,"code_src","AB temp","damage_agent!C6"
"damage_agent",7,"code_src","AB temp","damage_agent!C7"
"damage_agent",8,"code_src","AB temp","damage_agent!C8"
"damage_agent",9,"code_src","AB temp","damage_agent!C9"
"damage_agent",10,"code_src","AB temp","damage_agent!C10"
"damage_agent",11,"code_src","AB temp","damage_agent!C11"
"damage_agent",12,"code_src","AB temp","damage_agent!C12"
"damage_agent",13,"code_src","AB temp","damage_agent!C13"
"damage_agent",14,"code_src","AB temp","damage_agent!C14"
"damage_agent",15,"code_src","AB temp","damage_agent!C15"
"damage_agent",16,"code_src","AB temp","damage_agent!C16"
"damage_agent",17,"code_src","AB temp","damage_agent!C17"
"damage_agent",18,"code_src","AB temp","damage_agent!C18"
"damage_agent",19,"code_src","AB temp","damage_agent!C19"
"damage_agent",20,"code_src","AB temp","damage_agent!C20"
"damage_agent",21,"code_src","AB temp","damage_agent!C21"
"damage_agent",22,"code_src","AB temp","damage_agent!C22"
"damage_agent",23,"code_src","AB temp","damage_agent!C23"
"damage_agent",24,"code_src","AB temp","damage_agent!C24"
"damage_agent",25,"code_src","AB temp","damage_agent!C25"
"damage_agent",26,"code_src","AB temp","damage_agent!C26"
"damage_agent",27,"code_src","AB temp","damage_agent!C27"
"condition_location",1,"condition_location","condition_location","condition_location!A1"
"condition_location",2,"condition_location","BG","condition_location!A2"
"condition_location",3,"condition_location","TL","condition_location!A3"
"condition_location",4,"condition_location","TM","condition_location!A4"
"condition_location",5,"condition_location","TU","condition_location!A5"
"condition_location",6,"condition_location","LM","condition_location!A6"
"condition_location",7,"condition_location","MU","condition_location!A7"
"condition_location",8,"condition_location","LU","condition_location!A8"
"condition_location",9,"condition_location","ET","condition_location!A9"
"condition_location",10,"condition_location","X","condition_location!A10"
"condition_location",11,"condition_location","Z","condition_location!A11"
"condition_location",1,"old_code","old_code","condition_location!B1"
"condition_location",2,"old_code","0","condition_location!B2"
"condition_location",3,"old_code","1","condition_location!B3"
"condition_location",4,"old_code","2","condition_location!B4"
"condition_location",5,"old_code","3","condition_location!B5"
"condition_location",6,"old_code","4","condition_location!B6"
"condition_location",7,"old_code","5","condition_location!B7"
"condition_location",8,"old_code","6","condition_location!B8"
"condition_location",9,"old_code","7","condition_location!B9"
"condition_location",10,"old_code","-1","condition_location!B10"
"condition_location",11,"old_code","-9","condition_location!B11"
"condition_location",1,"description","description","condition_location!C1"
"condition_location",2,"description"," Below ground","condition_location!C2"
"condition_location",3,"description"," Lower third only","condition_location!C3"
"condition_location",4,"description"," Middle third only","condition_location!C4"
"condition_location",5,"description"," Upper third only","condition_location!C5"
"condition_location",6,"description"," Lower and middle thirds","condition_location!C6"
"condition_location",7,"description"," Middle and upper thirds","condition_location!C7"
"condition_location",8,"description"," Lower and upper thirds","condition_location!C8"
"condition_location",9,"description"," Entire tree","condition_location!C9"
"condition_location",10,"description","Missing","condition_location!C10"
"condition_location",11,"description","Not applicable","condition_location!C11"
"condition_location",1,"use_when","use_when","condition_location!D1"
"condition_location",2,"use_when",,"condition_location!D2"
"condition_location",3,"use_when",,"condition_location!D3"
"condition_location",4,"use_when",,"condition_location!D4"
"condition_location",5,"use_when",,"condition_location!D5"
"condition_location",6,"use_when",,"condition_location!D6"
"condition_location",7,"use_when",,"condition_location!D7"
"condition_location",8,"use_when",,"condition_location!D8"
"condition_location",9,"use_when",,"condition_location!D9"
"condition_location",10,"use_when",,"condition_location!D10"
"condition_location",11,"use_when",,"condition_location!D11"
"severity",1,"severity","severity","severity!A1"
"severity",2,"severity","H","severity!A2"
"severity",3,"severity","L","severity!A3"
"severity",4,"severity","M","severity!A4"
"severity",5,"severity","S","severity!A5"
"severity",6,"severity","X","severity!A6"
"severity",7,"severity","Z","severity!A7"
"severity",1,"description","description","severity!B1"
"severity",2,"description","High","severity!B2"
"severity",3,"description","Low","severity!B3"
"severity",4,"description","Moderate","severity!B4"
"severity",5,"description","Severe","severity!B5"
"severity",6,"description","Missing","severity!B6"
"severity",7,"description","Not applicable","severity!B7"
"severity",1,"use_when","use_when","severity!C1"
"severity",2,"use_when",,"severity!C2"
"severity",3,"use_when",,"severity!C3"
"severity",4,"use_when",,"severity!C4"
"severity",5,"use_when",,"severity!C5"
"severity",6,"use_when",,"severity!C6"
"severity",7,"use_when",,"severity!C7"
"age_sample_type",1,"age_sample_type","age_sample_type","age_sample_type!A1"
"age_sample_type",2,"age_sample_type","CO","age_sample_type!A2"
"age_sample_type",3,"age_sample_type","DK","age_sample_type!A3"
"age_sample_type",4,"age_sample_type","WC","age_sample_type!A4"
"age_sample_type",5,"age_sample_type","CD","age_sample_type!A5"
"age_sample_type",6,"age_sample_type","CW","age_sample_type!A6"
"age_sample_type",7,"age_sample_type","X","age_sample_type!A7"
"age_sample_type",8,"age_sample_type","Z","age_sample_type!A8"
"age_sample_type",1,"old_code","old_code","age_sample_type!B1"
"age_sample_type",2,"old_code","1","age_sample_type!B2"
"age_sample_type",3,"old_code","2","age_sample_type!B3"
"age_sample_type",4,"old_code","3","age_sample_type!B4"
"age_sample_type",5,"old_code","4","age_sample_type!B5"
"age_sample_type",6,"old_code","5","age_sample_type!B6"
"age_sample_type",7,"old_code","6","age_sample_type!B7"
"age_sample_type",8,"old_code","-9","age_sample_type!B8"
"age_sample_type",1,"description","description","age_sample_type!C1"
"age_sample_type",2,"description"," core","age_sample_type!C2"
"age_sample_type",3,"description"," disk, cookie, or cut","age_sample_type!C3"
"age_sample_type",4,"description"," whorl count","age_sample_type!C4"
"age_sample_type",5,"description"," core or disk","age_sample_type!C5"
"age_sample_type",6,"description"," core or whorl","age_sample_type!C6"
"age_sample_type",7,"description","Missing/Unknown","age_sample_type!C7"
"age_sample_type",8,"description","Not applicable","age_sample_type!C8"
"age_sample_type",1,"use_when","use_when","age_sample_type!D1"
"age_sample_type",2,"use_when",,"age_sample_type!D2"
"age_sample_type",3,"use_when",,"age_sample_type!D3"
"age_sample_type",4,"use_when",,"age_sample_type!D4"
"age_sample_type",5,"use_when",,"age_sample_type!D5"
"age_sample_type",6,"use_when",,"age_sample_type!D6"
"age_sample_type",7,"use_when",,"age_sample_type!D7"
"age_sample_type",8,"use_when",,"age_sample_type!D8"
"ring_count_src",1,"ring_count_src","ring_count_src","ring_count_src!A1"
"ring_count_src",2,"ring_count_src","FC","ring_count_src!A2"
"ring_count_src",3,"ring_count_src","OC","ring_count_src!A3"
"ring_count_src",4,"ring_count_src","OV","ring_count_src!A4"
"ring_count_src",5,"ring_count_src","LC","ring_count_src!A5"
"ring_count_src",6,"ring_count_src","WC","ring_count_src!A6"
"ring_count_src",7,"ring_count_src","DV","ring_count_src!A7"
"ring_count_src",8,"ring_count_src","X","ring_count_src!A8"
"ring_count_src",9,"ring_count_src","Z","ring_count_src!A9"
"ring_count_src",1,"old_code","old_code","ring_count_src!B1"
"ring_count_src",2,"old_code","1","ring_count_src!B2"
"ring_count_src",3,"old_code","2","ring_count_src!B3"
"ring_count_src",4,"old_code","3","ring_count_src!B4"
"ring_count_src",5,"old_code","5","ring_count_src!B5"
"ring_count_src",6,"old_code","6","ring_count_src!B6"
"ring_count_src",7,"old_code",,"ring_count_src!B7"
"ring_count_src",8,"old_code","4","ring_count_src!B8"
"ring_count_src",9,"old_code","-9","ring_count_src!B9"
"ring_count_src",1,"name","name","ring_count_src!C1"
"ring_count_src",2,"name","Field count","ring_count_src!C2"
"ring_count_src",3,"name","Office count","ring_count_src!C3"
"ring_count_src",4,"name","Office-verified field count","ring_count_src!C4"
"ring_count_src",5,"name","Laboratory count","ring_count_src!C5"
"ring_count_src",6,"name"," Whorl count","ring_count_src!C6"
"ring_count_src",7,"name","Dendrochronologically verified","ring_count_src!C7"
"ring_count_src",8,"name","Missing","ring_count_src!C8"
"ring_count_src",9,"name","Not applicable","ring_count_src!C9"
"ring_count_src",1,"description","description","ring_count_src!D1"
"ring_count_src",2,"description","Ring count was determined in the field.","ring_count_src!D2"
"ring_count_src",3,"description","Ring count was determined in the office from the core, image, or recorded sample.","ring_count_src!D3"
"ring_count_src",4,"description","Initial field ring count was checked or confirmed later in the office.","ring_count_src!D4"
"ring_count_src",5,"description","Ring count was determined or checked in a laboratory setting, but dendrochronological verification is not confirmed.","ring_count_src!D5"
"ring_count_src",6,"description","Ring count was estimated from visible branch whorls rather than counted directly from annual rings.","ring_count_src!D6"
"ring_count_src",7,"description","Ring count was verified using dendrochronological procedures, such as crossdating.","ring_count_src!D7"
"ring_count_src",8,"description","Missing/Unknown","ring_count_src!D8"
"ring_count_src",9,"description","Not applicable","ring_count_src!D9"
"ring_count_src",1,"use_when","use_when","ring_count_src!E1"
"ring_count_src",2,"use_when",,"ring_count_src!E2"
"ring_count_src",3,"use_when",,"ring_count_src!E3"
"ring_count_src",4,"use_when",,"ring_count_src!E4"
"ring_count_src",5,"use_when",,"ring_count_src!E5"
"ring_count_src",6,"use_when",,"ring_count_src!E6"
"ring_count_src",7,"use_when",,"ring_count_src!E7"
"ring_count_src",8,"use_when",,"ring_count_src!E8"
"ring_count_src",9,"use_when",,"ring_count_src!E9"
"pith_status",1,"pith_status","pith_status","pith_status!A1"
"pith_status",2,"pith_status","HIT","pith_status!A2"
"pith_status",3,"pith_status","MIS","pith_status!A3"
"pith_status",4,"pith_status","X","pith_status!A4"
"pith_status",5,"pith_status","Z","pith_status!A5"
"pith_status",1,"name","name","pith_status!B1"
"pith_status",2,"name","Hit pith","pith_status!B2"
"pith_status",3,"name","Missed pith","pith_status!B3"
"pith_status",4,"name","Missing","pith_status!B4"
"pith_status",5,"name","Not applicable","pith_status!B5"
"pith_status",1,"description","description","pith_status!C1"
"pith_status",2,"description","The sample contains or clearly reaches the pith.","pith_status!C2"
"pith_status",3,"description","The sample does not contain the pith.","pith_status!C3"
"pith_status",4,"description","Missing/Unknown","pith_status!C4"
"pith_status",5,"description","Not applicable","pith_status!C5"
"pith_status",1,"use_when","use_when","pith_status!D1"
"pith_status",2,"use_when",,"pith_status!D2"
"pith_status",3,"use_when",,"pith_status!D3"
"pith_status",4,"use_when",,"pith_status!D4"
"pith_status",5,"use_when",,"pith_status!D5"
"missed_ring_count_meth",1,"missed_ring_count_meth","missed_ring_count_meth","missed_ring_count_meth!A1"
"missed_ring_count_meth",2,"missed_ring_count_meth","LAB","missed_ring_count_meth!A2"
"missed_ring_count_meth",3,"missed_ring_count_meth","VIS","missed_ring_count_meth!A3"
"missed_ring_count_meth",4,"missed_ring_count_meth","CAL","missed_ring_count_meth!A4"
"missed_ring_count_meth",5,"missed_ring_count_meth","DEN","missed_ring_count_meth!A5"
"missed_ring_count_meth",6,"missed_ring_count_meth","DOC","missed_ring_count_meth!A6"
"missed_ring_count_meth",7,"missed_ring_count_meth","OTH","missed_ring_count_meth!A7"
"missed_ring_count_meth",8,"missed_ring_count_meth","X","missed_ring_count_meth!A8"
"missed_ring_count_meth",9,"missed_ring_count_meth","Z","missed_ring_count_meth!A9"
"missed_ring_count_meth",1,"name","name","missed_ring_count_meth!B1"
"missed_ring_count_meth",2,"name","Lab estimate","missed_ring_count_meth!B2"
"missed_ring_count_meth",3,"name","Visual estimate","missed_ring_count_meth!B3"
"missed_ring_count_meth",4,"name","Calculated estimate","missed_ring_count_meth!B4"
"missed_ring_count_meth",5,"name","Dendrochronological estimate","missed_ring_count_meth!B5"
"missed_ring_count_meth",6,"name","Documented source estimate","missed_ring_count_meth!B6"
"missed_ring_count_meth",7,"name","Other method","missed_ring_count_meth!B7"
"missed_ring_count_meth",8,"name","Missing","missed_ring_count_meth!B8"
"missed_ring_count_meth",9,"name","Not applicable","missed_ring_count_meth!B9"
"missed_ring_count_meth",1,"description","description","missed_ring_count_meth!C1"
"missed_ring_count_meth",2,"description","Missing rings were estimated by the lab, but the exact method was not specified.","missed_ring_count_meth!C2"
"missed_ring_count_meth",3,"description","Missing rings were estimated by visual assessment of the core, ring curvature, or apparent distance to pith.","missed_ring_count_meth!C3"
"missed_ring_count_meth",4,"description","Missing rings were estimated using a documented calculation, such as pith offset, radius/distance to pith, or average ring width.","missed_ring_count_meth!C4"
"missed_ring_count_meth",5,"description","Missing rings were estimated or verified using dendrochronological procedures, such as crossdating or chronology comparison.","missed_ring_count_meth!C5"
"missed_ring_count_meth",6,"description","Missing-ring estimate was provided by the contributor or source database, but the detailed method was not specified.","missed_ring_count_meth!C6"
"missed_ring_count_meth",7,"description","Another documented method was used.","missed_ring_count_meth!C7"
"missed_ring_count_meth",8,"description","Missing","missed_ring_count_meth!C8"
"missed_ring_count_meth",9,"description","Not applicable","missed_ring_count_meth!C9"
"missed_ring_count_meth",1,"use_when","use_when","missed_ring_count_meth!D1"
"missed_ring_count_meth",2,"use_when",,"missed_ring_count_meth!D2"
"missed_ring_count_meth",3,"use_when",,"missed_ring_count_meth!D3"
"missed_ring_count_meth",4,"use_when",,"missed_ring_count_meth!D4"
"missed_ring_count_meth",5,"use_when",,"missed_ring_count_meth!D5"
"missed_ring_count_meth",6,"use_when",,"missed_ring_count_meth!D6"
"missed_ring_count_meth",7,"use_when",,"missed_ring_count_meth!D7"
"missed_ring_count_meth",8,"use_when",,"missed_ring_count_meth!D8"
"missed_ring_count_meth",9,"use_when",,"missed_ring_count_meth!D9"
"pith_attributes_relation",1,"pith_status","pith_status","pith_attributes_relation!A1"
"pith_attributes_relation",2,"pith_status","H","pith_attributes_relation!A2"
"pith_attributes_relation",3,"pith_status","M","pith_attributes_relation!A3"
"pith_attributes_relation",4,"pith_status","M","pith_attributes_relation!A4"
"pith_attributes_relation",5,"pith_status","U","pith_attributes_relation!A5"
"pith_attributes_relation",6,"pith_status","-9","pith_attributes_relation!A6"
"pith_attributes_relation",7,"pith_status","-1","pith_attributes_relation!A7"
"pith_attributes_relation",1,"Situation","Situation","pith_attributes_relation!B1"
"pith_attributes_relation",2,"Situation","Core hit pith","pith_attributes_relation!B2"
"pith_attributes_relation",3,"Situation","Core missed pith and missing rings were estimated","pith_attributes_relation!B3"
"pith_attributes_relation",4,"Situation","Core missed pith but number of missing rings is unknown","pith_attributes_relation!B4"
"pith_attributes_relation",5,"Situation","Unknown whether pith was hit","pith_attributes_relation!B5"
"pith_attributes_relation",6,"Situation","No core / no ring count expected","pith_attributes_relation!B6"
"pith_attributes_relation",7,"Situation","Data should exist but was not provided","pith_attributes_relation!B7"
"pith_attributes_relation",1,"missed_ring_count","missed_ring_count","pith_attributes_relation!C1"
"pith_attributes_relation",2,"missed_ring_count","0","pith_attributes_relation!C2"
"pith_attributes_relation",3,"missed_ring_count","1+","pith_attributes_relation!C3"
"pith_attributes_relation",4,"missed_ring_count","-1","pith_attributes_relation!C4"
"pith_attributes_relation",5,"missed_ring_count","-1","pith_attributes_relation!C5"
"pith_attributes_relation",6,"missed_ring_count","-9","pith_attributes_relation!C6"
"pith_attributes_relation",7,"missed_ring_count","-1","pith_attributes_relation!C7"
"pith_attributes_relation",1,"missed_ring_method","missed_ring_method","pith_attributes_relation!D1"
"pith_attributes_relation",2,"missed_ring_method","-9","pith_attributes_relation!D2"
"pith_attributes_relation",3,"missed_ring_method","VIS / CAL / DEN / DOC / OTH","pith_attributes_relation!D3"
"pith_attributes_relation",4,"missed_ring_method","UNK or -1","pith_attributes_relation!D4"
"pith_attributes_relation",5,"missed_ring_method","-1","pith_attributes_relation!D5"
"pith_attributes_relation",6,"missed_ring_method","-9","pith_attributes_relation!D6"
"pith_attributes_relation",7,"missed_ring_method","-1","pith_attributes_relation!D7"
"pith_attributes_relation",1,"missed_ring_count_meth","missed_ring_count_meth","pith_attributes_relation!E1"
"pith_attributes_relation",2,"missed_ring_count_meth","VIS — Visual estimate","pith_attributes_relation!E2"
"pith_attributes_relation",3,"missed_ring_count_meth","CAL — Calculated estimate","pith_attributes_relation!E3"
"pith_attributes_relation",4,"missed_ring_count_meth","DEN — Dendrochronological estimate","pith_attributes_relation!E4"
"pith_attributes_relation",5,"missed_ring_count_meth",,"pith_attributes_relation!E5"
"pith_attributes_relation",6,"missed_ring_count_meth",,"pith_attributes_relation!E6"
"pith_attributes_relation",7,"missed_ring_count_meth",,"pith_attributes_relation!E7"
"pith_attributes_relation",1,"can be done in field?","can be done in field?","pith_attributes_relation!F1"
"pith_attributes_relation",2,"can be done in field?","Yes","pith_attributes_relation!F2"
"pith_attributes_relation",3,"can be done in field?","Sometimes","pith_attributes_relation!F3"
"pith_attributes_relation",4,"can be done in field?","No, usually not","pith_attributes_relation!F4"
"pith_attributes_relation",5,"can be done in field?",,"pith_attributes_relation!F5"
"pith_attributes_relation",6,"can be done in field?",,"pith_attributes_relation!F6"
"pith_attributes_relation",7,"can be done in field?",,"pith_attributes_relation!F7"
"pith_attributes_relation",1,"can be done in office?","can be done in office?","pith_attributes_relation!G1"
"pith_attributes_relation",2,"can be done in office?","Yes","pith_attributes_relation!G2"
"pith_attributes_relation",3,"can be done in office?","Yes","pith_attributes_relation!G3"
"pith_attributes_relation",4,"can be done in office?","Sometimes","pith_attributes_relation!G4"
"pith_attributes_relation",5,"can be done in office?",,"pith_attributes_relation!G5"
"pith_attributes_relation",6,"can be done in office?",,"pith_attributes_relation!G6"
"pith_attributes_relation",7,"can be done in office?",,"pith_attributes_relation!G7"
"pith_attributes_relation",1,"can be done in lab?","can be done in lab?","pith_attributes_relation!H1"
"pith_attributes_relation",2,"can be done in lab?","Yes","pith_attributes_relation!H2"
"pith_attributes_relation",3,"can be done in lab?","Yes","pith_attributes_relation!H3"
"pith_attributes_relation",4,"can be done in lab?","Yes","pith_attributes_relation!H4"
"pith_attributes_relation",5,"can be done in lab?",,"pith_attributes_relation!H5"
"pith_attributes_relation",6,"can be done in lab?",,"pith_attributes_relation!H6"
"pith_attributes_relation",7,"can be done in lab?",,"pith_attributes_relation!H7"
"pith_attributes_relation",1,"comment","comment","pith_attributes_relation!I1"
"pith_attributes_relation",2,"comment","A visual estimate can be made wherever the core/disc is examined clearly. Field is possible, but office/lab is usually better if magnification or better lighting is used.","pith_attributes_relation!I2"
"pith_attributes_relation",3,"comment","Usually done after measurements are available, such as pith offset, radius/distance to pith, or average ring width. It is more likely office/lab than field.","pith_attributes_relation!I3"
"pith_attributes_relation",4,"comment","Crossdating or chronology comparison usually requires specialized processing/software/reference chronologies, so it is mainly lab-based or office-based after lab preparation.","pith_attributes_relation!I4"
"pith_attributes_relation",5,"comment",,"pith_attributes_relation!I5"
"pith_attributes_relation",6,"comment",,"pith_attributes_relation!I6"
"pith_attributes_relation",7,"comment",,"pith_attributes_relation!I7"
"total_age_src",1,"total_age_src","total_age_src","total_age_src!A1"
"total_age_src",2,"total_age_src","ACY","total_age_src!A2"
"total_age_src",3,"total_age_src","AMY","total_age_src!A3"
"total_age_src",4,"total_age_src","FWC","total_age_src!A4"
"total_age_src",5,"total_age_src","BCD","total_age_src!A5"
"total_age_src",6,"total_age_src","BPL","total_age_src!A6"
"total_age_src",7,"total_age_src","RPL","total_age_src!A7"
"total_age_src",8,"total_age_src","RFI","total_age_src!A8"
"total_age_src",9,"total_age_src","RPF","total_age_src!A9"
"total_age_src",10,"total_age_src","X","total_age_src!A10"
"total_age_src",11,"total_age_src","Z","total_age_src!A11"
"total_age_src",1,"old_code","old_code","total_age_src!B1"
"total_age_src",2,"old_code","1","total_age_src!B2"
"total_age_src",3,"old_code","new level","total_age_src!B3"
"total_age_src",4,"old_code","2","total_age_src!B4"
"total_age_src",5,"old_code","3","total_age_src!B5"
"total_age_src",6,"old_code","6","total_age_src!B6"
"total_age_src",7,"old_code","4","total_age_src!B7"
"total_age_src",8,"old_code","5","total_age_src!B8"
"total_age_src",9,"old_code","7","total_age_src!B9"
"total_age_src",10,"old_code","8","total_age_src!B10"
"total_age_src",11,"old_code","-9","total_age_src!B11"
"total_age_src",1,"name","name","total_age_src!C1"
"total_age_src",2,"name","Adding contributor-provided years to core count","total_age_src!C2"
"total_age_src",3,"name","Adding MAGPlot-estimated years to core count","total_age_src!C3"
"total_age_src",4,"name","Field-observed total age whorl count","total_age_src!C4"
"total_age_src",5,"name","Base core or stem disc","total_age_src!C5"
"total_age_src",6,"name","Base core or plantation records","total_age_src!C6"
"total_age_src",7,"name","Plantation records","total_age_src!C7"
"total_age_src",8,"name","Fire records","total_age_src!C8"
"total_age_src",9,"name","Plantation or fire records","total_age_src!C9"
"total_age_src",10,"name","Missing","total_age_src!C10"
"total_age_src",11,"name","Not applicable","total_age_src!C11"
"total_age_src",1,"description","description","total_age_src!D1"
"total_age_src",2,"description","Total age was calculated by adding the contributor-provided number of years below boring height to the observed core ring count.","total_age_src!D2"
"total_age_src",3,"description","Total age was calculated by adding the MAGPlot-estimated number of years below boring height to the observed core ring count.","total_age_src!D3"
"total_age_src",4,"description","Field-observed total age based on whorl count.","total_age_src!D4"
"total_age_src",5,"description","Age from base core or stem disc.","total_age_src!D5"
"total_age_src",6,"description","Age from base core or plantation records.","total_age_src!D6"
"total_age_src",7,"description","Age from plantation records.","total_age_src!D7"
"total_age_src",8,"description","Age from fire records.","total_age_src!D8"
"total_age_src",9,"description","Age from plantation or fire records.","total_age_src!D9"
"total_age_src",10,"description","Missing","total_age_src!D10"
"total_age_src",11,"description","Not applicable","total_age_src!D11"
"total_age_src",1,"use_when","use_when","total_age_src!E1"
"total_age_src",2,"use_when",,"total_age_src!E2"
"total_age_src",3,"use_when",,"total_age_src!E3"
"total_age_src",4,"use_when",,"total_age_src!E4"
"total_age_src",5,"use_when",,"total_age_src!E5"
"total_age_src",6,"use_when",,"total_age_src!E6"
"total_age_src",7,"use_when",,"total_age_src!E7"
"total_age_src",8,"use_when",,"total_age_src!E8"
"total_age_src",9,"use_when",,"total_age_src!E9"
"total_age_src",10,"use_when",,"total_age_src!E10"
"total_age_src",11,"use_when",,"total_age_src!E11"
"meas_est_age",1,"meas_est_age","meas_est_age","meas_est_age!A1"
"meas_est_age",2,"meas_est_age","M","meas_est_age!A2"
"meas_est_age",3,"meas_est_age","E","meas_est_age!A3"
"meas_est_age",4,"meas_est_age","S","meas_est_age!A4"
"meas_est_age",5,"meas_est_age","A","meas_est_age!A5"
"meas_est_age",6,"meas_est_age","D","meas_est_age!A6"
"meas_est_age",7,"meas_est_age","X","meas_est_age!A7"
"meas_est_age",8,"meas_est_age","Z","meas_est_age!A8"
"meas_est_age",1,"name","name","meas_est_age!B1"
"meas_est_age",2,"name","Measured","meas_est_age!B2"
"meas_est_age",3,"name","Estimated from previous measurement","meas_est_age!B3"
"meas_est_age",4,"name","Measured on similar tree","meas_est_age!B4"
"meas_est_age",5,"name","Adjusted age","meas_est_age!B5"
"meas_est_age",6,"name","Adjusted to DBH age","meas_est_age!B6"
"meas_est_age",7,"name","Missing","meas_est_age!B7"
"meas_est_age",8,"name","Not applicable","meas_est_age!B8"
"meas_est_age",1,"description","description","meas_est_age!C1"
"meas_est_age",2,"description","Use when age was directly measured or counted from the sampled tree.","meas_est_age!C2"
"meas_est_age",3,"description","Use when age was estimated from a previous measurement rather than newly measured.","meas_est_age!C3"
"meas_est_age",4,"description","Use when age was measured on a similar or representative tree and applied to this tree.","meas_est_age!C4"
"meas_est_age",5,"description","Use when age was adjusted after measurement or counting, based on additional information or processing.","meas_est_age!C5"
"meas_est_age",6,"description","Use when age was adjusted to breast-height age, such as when coring height was not 1.3 m or when the core was taken at 1.3 m but missed the pith.","meas_est_age!C6"
"meas_est_age",7,"description","Missing/Unknown","meas_est_age!C7"
"meas_est_age",8,"description","Not applicable","meas_est_age!C8"
"meas_est_age",1,"use_when","use_when","meas_est_age!D1"
"meas_est_age",2,"use_when",,"meas_est_age!D2"
"meas_est_age",3,"use_when",,"meas_est_age!D3"
"meas_est_age",4,"use_when",,"meas_est_age!D4"
"meas_est_age",5,"use_when",,"meas_est_age!D5"
"meas_est_age",6,"use_when",,"meas_est_age!D6"
"meas_est_age",7,"use_when",,"meas_est_age!D7"
"meas_est_age",8,"use_when",,"meas_est_age!D8"
"tally_type",1,"tally_type","tally_type","tally_type!A1"
"tally_type",2,"tally_type","SE","tally_type!A2"
"tally_type",3,"tally_type","RE","tally_type!A3"
"tally_type",4,"tally_type","SP","tally_type!A4"
"tally_type",5,"tally_type","X","tally_type!A5"
"tally_type",1,"description","description","tally_type!B1"
"tally_type",2,"description","Seedling","tally_type!B2"
"tally_type",3,"description","Regeneration","tally_type!B3"
"tally_type",4,"description","Sapling","tally_type!B4"
"tally_type",5,"description","Missing","tally_type!B5"
"tally_type",1,"ht_class","ht_class","tally_type!C1"
"tally_type",2,"ht_class","0-49.9 cm","tally_type!C2"
"tally_type",3,"ht_class","50-129.9 cm","tally_type!C3"
"tally_type",4,"ht_class",">= 130 cm","tally_type!C4"
"tally_type",5,"ht_class","X","tally_type!C5"
"tally_type",1,"dbh_class","dbh_class","tally_type!D1"
"tally_type",2,"dbh_class","Z","tally_type!D2"
"tally_type",3,"dbh_class","Z","tally_type!D3"
"tally_type",4,"dbh_class","< 2.5 cm","tally_type!D4"
"tally_type",5,"dbh_class","X","tally_type!D5"
"tally_type",1,"use_when","use_when","tally_type!E1"
"tally_type",2,"use_when",,"tally_type!E2"
"tally_type",3,"use_when",,"tally_type!E3"
"tally_type",4,"use_when",,"tally_type!E4"
"tally_type",5,"use_when",,"tally_type!E5"
"yes_no",1,"yes_no","yes_no","yes_no!A1"
"yes_no",2,"yes_no","Y","yes_no!A2"
"yes_no",3,"yes_no","N","yes_no!A3"
"yes_no",4,"yes_no","X","yes_no!A4"
"yes_no",1,"description","description","yes_no!B1"
"yes_no",2,"description","Yes","yes_no!B2"
"yes_no",3,"description","No","yes_no!B3"
"yes_no",4,"description","Missing","yes_no!B4"
"yes_no",1,"use_when","use_when","yes_no!C1"
"yes_no",2,"use_when","Use when the condition/attribute is true or present.","yes_no!C2"
"yes_no",3,"use_when","Use when the condition/attribute is false or absent.","yes_no!C3"
"yes_no",4,"use_when","Use when the value is missing, unknown, or not reported.","yes_no!C4"
